{
  "type": "FeatureCollection",
  "name": "pacenotes:Cwmbiga - Fedw Fain",
  "properties": {
    "source_yaml": "c:\\temp\\acc\\vendor\\PacenotePal\\pacenotes\\Cwmbiga - Fedw Fain.yml",
    "reference_shp": "c:\\temp\\acc\\reference_tracks\\hafren_south.shp",
    "coordinate_space": "acc_world_zx",
    "swap_xz": true,
    "start_dist_m_offset": 215.742,
    "subtract_start_dist": true,
    "reference_point_count": 1316,
    "reference_station_max_m": 5241.935,
    "pacenote_count": 98,
    "max_pacenote_distance_m": 6671.0,
    "notes_beyond_reference_end": 17,
    "gis_field_schema": {
      "group_fields": {
        "grp_keep": [
          "keep_in",
          "keep_left",
          "keep_middle",
          "keep_out",
          "keep_right"
        ],
        "grp_cut": [
          "cut",
          "dont_cut",
          "small_cut"
        ],
        "grp_opening": [
          "opens",
          "opens_late",
          "widens"
        ],
        "grp_go": [
          "go_left",
          "go_right",
          "go_straight"
        ]
      },
      "bool_fields": [
        "flg_caution",
        "flg_brake",
        "flg_finish",
        "flg_narrows",
        "flg_tightens",
        "flg_tightens_late",
        "flg_late",
        "flg_sudden",
        "flg_linked_to_next",
        "flg_turn_left",
        "flg_turn_right"
      ],
      "notes": {
        "grp_*": "Mutually exclusive categorical flags for QGIS/WebGIS dropdown filters.",
        "flg_*": "Independent boolean flags for checkbox filters and rule-based styling.",
        "turn_sides": "Comma-separated turn sides when a numbered/style turn is present.",
        "notes_text": "Original PacenotePal token sequence for map labels."
      }
    }
  },
  "features": [
    {
      "type": "Feature",
      "geometry": {
        "type": "Point",
        "coordinates": [
          -674.764,
          338.616
        ]
      },
      "properties": {
        "kind": "pacenote",
        "stage": "Cwmbiga - Fedw Fain",
        "reference_track": "hafren_south",
        "note_index": 0,
        "distance_m": 176.0,
        "distance_lookup_m": -39.742,
        "link_to_next": false,
        "notes": [
          "Dist40"
        ],
        "notes_text": "Dist40",
        "atoms": [
          {
            "kind": "distance",
            "source": "Dist40",
            "meters": 40
          }
        ],
        "flags": {
          "groups": {
            "keep": null,
            "cut": null,
            "opening": null,
            "go": null
          },
          "bools": {
            "caution": false,
            "brake": false,
            "finish": false,
            "narrows": false,
            "tightens": false,
            "tightens_late": false,
            "late": false,
            "sudden": false
          },
          "linked_to_next": false,
          "distance_calls_m": [
            40
          ]
        },
        "ref_segment_index": 0,
        "ref_segment_t": 0.0,
        "grp_keep": "",
        "grp_cut": "",
        "grp_opening": "",
        "grp_go": "",
        "flg_caution": false,
        "flg_brake": false,
        "flg_finish": false,
        "flg_narrows": false,
        "flg_tightens": false,
        "flg_tightens_late": false,
        "flg_late": false,
        "flg_sudden": false,
        "flg_linked_to_next": false,
        "turn_sides": "",
        "flg_turn_left": false,
        "flg_turn_right": false,
        "distance_calls_m": "40"
      }
    },
    {
      "type": "Feature",
      "geometry": {
        "type": "Point",
        "coordinates": [
          -673.582,
          338.997
        ]
      },
      "properties": {
        "kind": "pacenote",
        "stage": "Cwmbiga - Fedw Fain",
        "reference_track": "hafren_south",
        "note_index": 1,
        "distance_m": 217.0,
        "distance_lookup_m": 1.258,
        "link_to_next": false,
        "notes": [
          "Left3",
          "Short"
        ],
        "notes_text": "Left3, Short",
        "atoms": [
          {
            "kind": "turn",
            "source": "Left3",
            "side": "left",
            "severity": 3
          },
          {
            "kind": "length",
            "source": "Short",
            "name": "short"
          }
        ],
        "flags": {
          "groups": {
            "keep": null,
            "cut": null,
            "opening": null,
            "go": null
          },
          "bools": {
            "caution": false,
            "brake": false,
            "finish": false,
            "narrows": false,
            "tightens": false,
            "tightens_late": false,
            "late": false,
            "sudden": false
          },
          "linked_to_next": false,
          "turn": {
            "sides": [
              "left"
            ],
            "severity_max": 3,
            "severity_min": 3
          }
        },
        "ref_segment_index": 53,
        "ref_segment_t": 0.810127,
        "grp_keep": "",
        "grp_cut": "",
        "grp_opening": "",
        "grp_go": "",
        "flg_caution": false,
        "flg_brake": false,
        "flg_finish": false,
        "flg_narrows": false,
        "flg_tightens": false,
        "flg_tightens_late": false,
        "flg_late": false,
        "flg_sudden": false,
        "flg_linked_to_next": false,
        "turn_sides": "left",
        "flg_turn_left": true,
        "flg_turn_right": false,
        "turn_severity_min": 3,
        "turn_severity_max": 3
      }
    },
    {
      "type": "Feature",
      "geometry": {
        "type": "Point",
        "coordinates": [
          -616.448,
          356.52
        ]
      },
      "properties": {
        "kind": "pacenote",
        "stage": "Cwmbiga - Fedw Fain",
        "reference_track": "hafren_south",
        "note_index": 2,
        "distance_m": 277.0,
        "distance_lookup_m": 61.258,
        "link_to_next": true,
        "notes": [
          "And",
          "Right4"
        ],
        "notes_text": "And, Right4",
        "atoms": [
          {
            "kind": "connector",
            "source": "And",
            "name": "and"
          },
          {
            "kind": "turn",
            "source": "Right4",
            "side": "right",
            "severity": 4
          }
        ],
        "flags": {
          "groups": {
            "keep": null,
            "cut": null,
            "opening": null,
            "go": null
          },
          "bools": {
            "caution": false,
            "brake": false,
            "finish": false,
            "narrows": false,
            "tightens": false,
            "tightens_late": false,
            "late": false,
            "sudden": false
          },
          "linked_to_next": true,
          "turn": {
            "sides": [
              "right"
            ],
            "severity_max": 4,
            "severity_min": 4
          }
        },
        "ref_segment_index": 76,
        "ref_segment_t": 0.984565,
        "grp_keep": "",
        "grp_cut": "",
        "grp_opening": "",
        "grp_go": "",
        "flg_caution": false,
        "flg_brake": false,
        "flg_finish": false,
        "flg_narrows": false,
        "flg_tightens": false,
        "flg_tightens_late": false,
        "flg_late": false,
        "flg_sudden": false,
        "flg_linked_to_next": true,
        "turn_sides": "right",
        "flg_turn_left": false,
        "flg_turn_right": true,
        "turn_severity_min": 4,
        "turn_severity_max": 4
      }
    },
    {
      "type": "Feature",
      "geometry": {
        "type": "Point",
        "coordinates": [
          -581.479,
          371.288
        ]
      },
      "properties": {
        "kind": "pacenote",
        "stage": "Cwmbiga - Fedw Fain",
        "reference_track": "hafren_south",
        "note_index": 3,
        "distance_m": 315.0,
        "distance_lookup_m": 99.258,
        "link_to_next": false,
        "notes": [
          "And",
          "Left5"
        ],
        "notes_text": "And, Left5",
        "atoms": [
          {
            "kind": "connector",
            "source": "And",
            "name": "and"
          },
          {
            "kind": "turn",
            "source": "Left5",
            "side": "left",
            "severity": 5
          }
        ],
        "flags": {
          "groups": {
            "keep": null,
            "cut": null,
            "opening": null,
            "go": null
          },
          "bools": {
            "caution": false,
            "brake": false,
            "finish": false,
            "narrows": false,
            "tightens": false,
            "tightens_late": false,
            "late": false,
            "sudden": false
          },
          "linked_to_next": false,
          "turn": {
            "sides": [
              "left"
            ],
            "severity_max": 5,
            "severity_min": 5
          }
        },
        "ref_segment_index": 85,
        "ref_segment_t": 0.712831,
        "grp_keep": "",
        "grp_cut": "",
        "grp_opening": "",
        "grp_go": "",
        "flg_caution": false,
        "flg_brake": false,
        "flg_finish": false,
        "flg_narrows": false,
        "flg_tightens": false,
        "flg_tightens_late": false,
        "flg_late": false,
        "flg_sudden": false,
        "flg_linked_to_next": false,
        "turn_sides": "left",
        "flg_turn_left": true,
        "flg_turn_right": false,
        "turn_severity_min": 5,
        "turn_severity_max": 5
      }
    },
    {
      "type": "Feature",
      "geometry": {
        "type": "Point",
        "coordinates": [
          -539.678,
          387.567
        ]
      },
      "properties": {
        "kind": "pacenote",
        "stage": "Cwmbiga - Fedw Fain",
        "reference_track": "hafren_south",
        "note_index": 4,
        "distance_m": 360.0,
        "distance_lookup_m": 144.258,
        "link_to_next": true,
        "notes": [
          "And",
          "Caution",
          "Right5"
        ],
        "notes_text": "And, Caution, Right5",
        "atoms": [
          {
            "kind": "connector",
            "source": "And",
            "name": "and"
          },
          {
            "kind": "hazard",
            "source": "Caution",
            "name": "caution"
          },
          {
            "kind": "turn",
            "source": "Right5",
            "side": "right",
            "severity": 5
          }
        ],
        "flags": {
          "groups": {
            "keep": null,
            "cut": null,
            "opening": null,
            "go": null
          },
          "bools": {
            "caution": true,
            "brake": false,
            "finish": false,
            "narrows": false,
            "tightens": false,
            "tightens_late": false,
            "late": false,
            "sudden": false
          },
          "linked_to_next": true,
          "turn": {
            "sides": [
              "right"
            ],
            "severity_max": 5,
            "severity_min": 5
          }
        },
        "ref_segment_index": 94,
        "ref_segment_t": 0.562239,
        "grp_keep": "",
        "grp_cut": "",
        "grp_opening": "",
        "grp_go": "",
        "flg_caution": true,
        "flg_brake": false,
        "flg_finish": false,
        "flg_narrows": false,
        "flg_tightens": false,
        "flg_tightens_late": false,
        "flg_late": false,
        "flg_sudden": false,
        "flg_linked_to_next": true,
        "turn_sides": "right",
        "flg_turn_left": false,
        "flg_turn_right": true,
        "turn_severity_min": 5,
        "turn_severity_max": 5
      }
    },
    {
      "type": "Feature",
      "geometry": {
        "type": "Point",
        "coordinates": [
          -457.316,
          415.324
        ]
      },
      "properties": {
        "kind": "pacenote",
        "stage": "Cwmbiga - Fedw Fain",
        "reference_track": "hafren_south",
        "note_index": 5,
        "distance_m": 447.0,
        "distance_lookup_m": 231.258,
        "link_to_next": true,
        "notes": [
          "Brake",
          "RightHP"
        ],
        "notes_text": "Brake, RightHP",
        "atoms": [
          {
            "kind": "hazard",
            "source": "Brake",
            "name": "brake"
          },
          {
            "kind": "turn",
            "source": "RightHP",
            "side": "right",
            "style": "hp"
          }
        ],
        "flags": {
          "groups": {
            "keep": null,
            "cut": null,
            "opening": null,
            "go": null
          },
          "bools": {
            "caution": false,
            "brake": true,
            "finish": false,
            "narrows": false,
            "tightens": false,
            "tightens_late": false,
            "late": false,
            "sudden": false
          },
          "linked_to_next": true,
          "turn": {
            "sides": [
              "right"
            ]
          }
        },
        "ref_segment_index": 109,
        "ref_segment_t": 0.717842,
        "grp_keep": "",
        "grp_cut": "",
        "grp_opening": "",
        "grp_go": "",
        "flg_caution": false,
        "flg_brake": true,
        "flg_finish": false,
        "flg_narrows": false,
        "flg_tightens": false,
        "flg_tightens_late": false,
        "flg_late": false,
        "flg_sudden": false,
        "flg_linked_to_next": true,
        "turn_sides": "right",
        "flg_turn_left": false,
        "flg_turn_right": true
      }
    },
    {
      "type": "Feature",
      "geometry": {
        "type": "Point",
        "coordinates": [
          -384.883,
          437.721
        ]
      },
      "properties": {
        "kind": "pacenote",
        "stage": "Cwmbiga - Fedw Fain",
        "reference_track": "hafren_south",
        "note_index": 6,
        "distance_m": 523.0,
        "distance_lookup_m": 307.258,
        "link_to_next": false,
        "notes": [
          "Dist80"
        ],
        "notes_text": "Dist80",
        "atoms": [
          {
            "kind": "distance",
            "source": "Dist80",
            "meters": 80
          }
        ],
        "flags": {
          "groups": {
            "keep": null,
            "cut": null,
            "opening": null,
            "go": null
          },
          "bools": {
            "caution": false,
            "brake": false,
            "finish": false,
            "narrows": false,
            "tightens": false,
            "tightens_late": false,
            "late": false,
            "sudden": false
          },
          "linked_to_next": false,
          "distance_calls_m": [
            80
          ]
        },
        "ref_segment_index": 122,
        "ref_segment_t": 0.036812,
        "grp_keep": "",
        "grp_cut": "",
        "grp_opening": "",
        "grp_go": "",
        "flg_caution": false,
        "flg_brake": false,
        "flg_finish": false,
        "flg_narrows": false,
        "flg_tightens": false,
        "flg_tightens_late": false,
        "flg_late": false,
        "flg_sudden": false,
        "flg_linked_to_next": false,
        "turn_sides": "",
        "flg_turn_left": false,
        "flg_turn_right": false,
        "distance_calls_m": "80"
      }
    },
    {
      "type": "Feature",
      "geometry": {
        "type": "Point",
        "coordinates": [
          -309.063,
          464.479
        ]
      },
      "properties": {
        "kind": "pacenote",
        "stage": "Cwmbiga - Fedw Fain",
        "reference_track": "hafren_south",
        "note_index": 7,
        "distance_m": 604.0,
        "distance_lookup_m": 388.258,
        "link_to_next": true,
        "notes": [
          "LeftHP",
          "TightensLate"
        ],
        "notes_text": "LeftHP, TightensLate",
        "atoms": [
          {
            "kind": "turn",
            "source": "LeftHP",
            "side": "left",
            "style": "hp"
          },
          {
            "kind": "modifier",
            "source": "TightensLate",
            "name": "tightens_late"
          }
        ],
        "flags": {
          "groups": {
            "keep": null,
            "cut": null,
            "opening": null,
            "go": null
          },
          "bools": {
            "caution": false,
            "brake": false,
            "finish": false,
            "narrows": false,
            "tightens": false,
            "tightens_late": true,
            "late": false,
            "sudden": false
          },
          "linked_to_next": true,
          "turn": {
            "sides": [
              "left"
            ]
          }
        },
        "ref_segment_index": 135,
        "ref_segment_t": 0.655891,
        "grp_keep": "",
        "grp_cut": "",
        "grp_opening": "",
        "grp_go": "",
        "flg_caution": false,
        "flg_brake": false,
        "flg_finish": false,
        "flg_narrows": false,
        "flg_tightens": false,
        "flg_tightens_late": true,
        "flg_late": false,
        "flg_sudden": false,
        "flg_linked_to_next": true,
        "turn_sides": "left",
        "flg_turn_left": true,
        "flg_turn_right": false
      }
    },
    {
      "type": "Feature",
      "geometry": {
        "type": "Point",
        "coordinates": [
          -260.922,
          486.252
        ]
      },
      "properties": {
        "kind": "pacenote",
        "stage": "Cwmbiga - Fedw Fain",
        "reference_track": "hafren_south",
        "note_index": 8,
        "distance_m": 657.0,
        "distance_lookup_m": 441.258,
        "link_to_next": false,
        "notes": [
          "Dist50"
        ],
        "notes_text": "Dist50",
        "atoms": [
          {
            "kind": "distance",
            "source": "Dist50",
            "meters": 50
          }
        ],
        "flags": {
          "groups": {
            "keep": null,
            "cut": null,
            "opening": null,
            "go": null
          },
          "bools": {
            "caution": false,
            "brake": false,
            "finish": false,
            "narrows": false,
            "tightens": false,
            "tightens_late": false,
            "late": false,
            "sudden": false
          },
          "linked_to_next": false,
          "distance_calls_m": [
            50
          ]
        },
        "ref_segment_index": 144,
        "ref_segment_t": 0.155956,
        "grp_keep": "",
        "grp_cut": "",
        "grp_opening": "",
        "grp_go": "",
        "flg_caution": false,
        "flg_brake": false,
        "flg_finish": false,
        "flg_narrows": false,
        "flg_tightens": false,
        "flg_tightens_late": false,
        "flg_late": false,
        "flg_sudden": false,
        "flg_linked_to_next": false,
        "turn_sides": "",
        "flg_turn_left": false,
        "flg_turn_right": false,
        "distance_calls_m": "50"
      }
    },
    {
      "type": "Feature",
      "geometry": {
        "type": "Point",
        "coordinates": [
          -211.077,
          507.121
        ]
      },
      "properties": {
        "kind": "pacenote",
        "stage": "Cwmbiga - Fedw Fain",
        "reference_track": "hafren_south",
        "note_index": 9,
        "distance_m": 711.0,
        "distance_lookup_m": 495.258,
        "link_to_next": true,
        "notes": [
          "Right3",
          "Short"
        ],
        "notes_text": "Right3, Short",
        "atoms": [
          {
            "kind": "turn",
            "source": "Right3",
            "side": "right",
            "severity": 3
          },
          {
            "kind": "length",
            "source": "Short",
            "name": "short"
          }
        ],
        "flags": {
          "groups": {
            "keep": null,
            "cut": null,
            "opening": null,
            "go": null
          },
          "bools": {
            "caution": false,
            "brake": false,
            "finish": false,
            "narrows": false,
            "tightens": false,
            "tightens_late": false,
            "late": false,
            "sudden": false
          },
          "linked_to_next": true,
          "turn": {
            "sides": [
              "right"
            ],
            "severity_max": 3,
            "severity_min": 3
          }
        },
        "ref_segment_index": 152,
        "ref_segment_t": 0.704041,
        "grp_keep": "",
        "grp_cut": "",
        "grp_opening": "",
        "grp_go": "",
        "flg_caution": false,
        "flg_brake": false,
        "flg_finish": false,
        "flg_narrows": false,
        "flg_tightens": false,
        "flg_tightens_late": false,
        "flg_late": false,
        "flg_sudden": false,
        "flg_linked_to_next": true,
        "turn_sides": "right",
        "flg_turn_left": false,
        "flg_turn_right": true,
        "turn_severity_min": 3,
        "turn_severity_max": 3
      }
    },
    {
      "type": "Feature",
      "geometry": {
        "type": "Point",
        "coordinates": [
          -172.757,
          523.964
        ]
      },
      "properties": {
        "kind": "pacenote",
        "stage": "Cwmbiga - Fedw Fain",
        "reference_track": "hafren_south",
        "note_index": 10,
        "distance_m": 753.0,
        "distance_lookup_m": 537.258,
        "link_to_next": false,
        "notes": [
          "Dist130"
        ],
        "notes_text": "Dist130",
        "atoms": [
          {
            "kind": "distance",
            "source": "Dist130",
            "meters": 130
          }
        ],
        "flags": {
          "groups": {
            "keep": null,
            "cut": null,
            "opening": null,
            "go": null
          },
          "bools": {
            "caution": false,
            "brake": false,
            "finish": false,
            "narrows": false,
            "tightens": false,
            "tightens_late": false,
            "late": false,
            "sudden": false
          },
          "linked_to_next": false,
          "distance_calls_m": [
            130
          ]
        },
        "ref_segment_index": 159,
        "ref_segment_t": 0.175621,
        "grp_keep": "",
        "grp_cut": "",
        "grp_opening": "",
        "grp_go": "",
        "flg_caution": false,
        "flg_brake": false,
        "flg_finish": false,
        "flg_narrows": false,
        "flg_tightens": false,
        "flg_tightens_late": false,
        "flg_late": false,
        "flg_sudden": false,
        "flg_linked_to_next": false,
        "turn_sides": "",
        "flg_turn_left": false,
        "flg_turn_right": false,
        "distance_calls_m": "130"
      }
    },
    {
      "type": "Feature",
      "geometry": {
        "type": "Point",
        "coordinates": [
          -52.753,
          568.918
        ]
      },
      "properties": {
        "kind": "pacenote",
        "stage": "Cwmbiga - Fedw Fain",
        "reference_track": "hafren_south",
        "note_index": 11,
        "distance_m": 882.0,
        "distance_lookup_m": 666.258,
        "link_to_next": true,
        "notes": [
          "Caution",
          "Right4",
          "Tighten2",
          "Late"
        ],
        "notes_text": "Caution, Right4, Tighten2, Late",
        "atoms": [
          {
            "kind": "hazard",
            "source": "Caution",
            "name": "caution"
          },
          {
            "kind": "turn",
            "source": "Right4",
            "side": "right",
            "severity": 4
          },
          {
            "kind": "modifier",
            "source": "Tighten2",
            "name": "tighten",
            "level": 2
          },
          {
            "kind": "modifier",
            "source": "Late",
            "name": "late"
          }
        ],
        "flags": {
          "groups": {
            "keep": null,
            "cut": null,
            "opening": null,
            "go": null
          },
          "bools": {
            "caution": true,
            "brake": false,
            "finish": false,
            "narrows": false,
            "tightens": false,
            "tightens_late": false,
            "late": true,
            "sudden": false
          },
          "linked_to_next": true,
          "turn": {
            "sides": [
              "right"
            ],
            "severity_max": 4,
            "severity_min": 4
          }
        },
        "ref_segment_index": 179,
        "ref_segment_t": 0.390065,
        "grp_keep": "",
        "grp_cut": "",
        "grp_opening": "",
        "grp_go": "",
        "flg_caution": true,
        "flg_brake": false,
        "flg_finish": false,
        "flg_narrows": false,
        "flg_tightens": false,
        "flg_tightens_late": false,
        "flg_late": true,
        "flg_sudden": false,
        "flg_linked_to_next": true,
        "turn_sides": "right",
        "flg_turn_left": false,
        "flg_turn_right": true,
        "turn_severity_min": 4,
        "turn_severity_max": 4
      }
    },
    {
      "type": "Feature",
      "geometry": {
        "type": "Point",
        "coordinates": [
          22.45,
          585.202
        ]
      },
      "properties": {
        "kind": "pacenote",
        "stage": "Cwmbiga - Fedw Fain",
        "reference_track": "hafren_south",
        "note_index": 12,
        "distance_m": 959.0,
        "distance_lookup_m": 743.258,
        "link_to_next": false,
        "notes": [
          "Dist60"
        ],
        "notes_text": "Dist60",
        "atoms": [
          {
            "kind": "distance",
            "source": "Dist60",
            "meters": 60
          }
        ],
        "flags": {
          "groups": {
            "keep": null,
            "cut": null,
            "opening": null,
            "go": null
          },
          "bools": {
            "caution": false,
            "brake": false,
            "finish": false,
            "narrows": false,
            "tightens": false,
            "tightens_late": false,
            "late": false,
            "sudden": false
          },
          "linked_to_next": false,
          "distance_calls_m": [
            60
          ]
        },
        "ref_segment_index": 190,
        "ref_segment_t": 0.822531,
        "grp_keep": "",
        "grp_cut": "",
        "grp_opening": "",
        "grp_go": "",
        "flg_caution": false,
        "flg_brake": false,
        "flg_finish": false,
        "flg_narrows": false,
        "flg_tightens": false,
        "flg_tightens_late": false,
        "flg_late": false,
        "flg_sudden": false,
        "flg_linked_to_next": false,
        "turn_sides": "",
        "flg_turn_left": false,
        "flg_turn_right": false,
        "distance_calls_m": "60"
      }
    },
    {
      "type": "Feature",
      "geometry": {
        "type": "Point",
        "coordinates": [
          90.1,
          598.681
        ]
      },
      "properties": {
        "kind": "pacenote",
        "stage": "Cwmbiga - Fedw Fain",
        "reference_track": "hafren_south",
        "note_index": 13,
        "distance_m": 1028.0,
        "distance_lookup_m": 812.258,
        "link_to_next": true,
        "notes": [
          "Pause0.5s",
          "Left4"
        ],
        "notes_text": "Pause0.5s, Left4",
        "atoms": [
          {
            "kind": "pause",
            "source": "Pause0.5s",
            "seconds": 0.5,
            "reset": false
          },
          {
            "kind": "turn",
            "source": "Left4",
            "side": "left",
            "severity": 4
          }
        ],
        "flags": {
          "groups": {
            "keep": null,
            "cut": null,
            "opening": null,
            "go": null
          },
          "bools": {
            "caution": false,
            "brake": false,
            "finish": false,
            "narrows": false,
            "tightens": false,
            "tightens_late": false,
            "late": false,
            "sudden": false
          },
          "linked_to_next": true,
          "turn": {
            "sides": [
              "left"
            ],
            "severity_max": 4,
            "severity_min": 4
          },
          "pause_seconds": [
            0.5
          ]
        },
        "ref_segment_index": 200,
        "ref_segment_t": 0.984813,
        "grp_keep": "",
        "grp_cut": "",
        "grp_opening": "",
        "grp_go": "",
        "flg_caution": false,
        "flg_brake": false,
        "flg_finish": false,
        "flg_narrows": false,
        "flg_tightens": false,
        "flg_tightens_late": false,
        "flg_late": false,
        "flg_sudden": false,
        "flg_linked_to_next": true,
        "turn_sides": "left",
        "flg_turn_left": true,
        "flg_turn_right": false,
        "turn_severity_min": 4,
        "turn_severity_max": 4,
        "pause_seconds": "0.5"
      }
    },
    {
      "type": "Feature",
      "geometry": {
        "type": "Point",
        "coordinates": [
          128.857,
          602.232
        ]
      },
      "properties": {
        "kind": "pacenote",
        "stage": "Cwmbiga - Fedw Fain",
        "reference_track": "hafren_south",
        "note_index": 14,
        "distance_m": 1067.0,
        "distance_lookup_m": 851.258,
        "link_to_next": true,
        "notes": [
          "And",
          "Right4",
          "Long"
        ],
        "notes_text": "And, Right4, Long",
        "atoms": [
          {
            "kind": "connector",
            "source": "And",
            "name": "and"
          },
          {
            "kind": "turn",
            "source": "Right4",
            "side": "right",
            "severity": 4
          },
          {
            "kind": "length",
            "source": "Long",
            "name": "long"
          }
        ],
        "flags": {
          "groups": {
            "keep": null,
            "cut": null,
            "opening": null,
            "go": null
          },
          "bools": {
            "caution": false,
            "brake": false,
            "finish": false,
            "narrows": false,
            "tightens": false,
            "tightens_late": false,
            "late": false,
            "sudden": false
          },
          "linked_to_next": true,
          "turn": {
            "sides": [
              "right"
            ],
            "severity_max": 4,
            "severity_min": 4
          }
        },
        "ref_segment_index": 207,
        "ref_segment_t": 0.178004,
        "grp_keep": "",
        "grp_cut": "",
        "grp_opening": "",
        "grp_go": "",
        "flg_caution": false,
        "flg_brake": false,
        "flg_finish": false,
        "flg_narrows": false,
        "flg_tightens": false,
        "flg_tightens_late": false,
        "flg_late": false,
        "flg_sudden": false,
        "flg_linked_to_next": true,
        "turn_sides": "right",
        "flg_turn_left": false,
        "flg_turn_right": true,
        "turn_severity_min": 4,
        "turn_severity_max": 4
      }
    },
    {
      "type": "Feature",
      "geometry": {
        "type": "Point",
        "coordinates": [
          189.561,
          602.082
        ]
      },
      "properties": {
        "kind": "pacenote",
        "stage": "Cwmbiga - Fedw Fain",
        "reference_track": "hafren_south",
        "note_index": 15,
        "distance_m": 1128.0,
        "distance_lookup_m": 912.258,
        "link_to_next": true,
        "notes": [
          "Pause0.1s_Reset",
          "And",
          "Left4"
        ],
        "notes_text": "Pause0.1s_Reset, And, Left4",
        "atoms": [
          {
            "kind": "pause",
            "source": "Pause0.1s_Reset",
            "seconds": 0.1,
            "reset": true
          },
          {
            "kind": "connector",
            "source": "And",
            "name": "and"
          },
          {
            "kind": "turn",
            "source": "Left4",
            "side": "left",
            "severity": 4
          }
        ],
        "flags": {
          "groups": {
            "keep": null,
            "cut": null,
            "opening": null,
            "go": null
          },
          "bools": {
            "caution": false,
            "brake": false,
            "finish": false,
            "narrows": false,
            "tightens": false,
            "tightens_late": false,
            "late": false,
            "sudden": false
          },
          "linked_to_next": true,
          "turn": {
            "sides": [
              "left"
            ],
            "severity_max": 4,
            "severity_min": 4
          },
          "pause_seconds": [
            0.1
          ]
        },
        "ref_segment_index": 216,
        "ref_segment_t": 0.504308,
        "grp_keep": "",
        "grp_cut": "",
        "grp_opening": "",
        "grp_go": "",
        "flg_caution": false,
        "flg_brake": false,
        "flg_finish": false,
        "flg_narrows": false,
        "flg_tightens": false,
        "flg_tightens_late": false,
        "flg_late": false,
        "flg_sudden": false,
        "flg_linked_to_next": true,
        "turn_sides": "left",
        "flg_turn_left": true,
        "flg_turn_right": false,
        "turn_severity_min": 4,
        "turn_severity_max": 4,
        "pause_seconds": "0.1"
      }
    },
    {
      "type": "Feature",
      "geometry": {
        "type": "Point",
        "coordinates": [
          240.954,
          595.0
        ]
      },
      "properties": {
        "kind": "pacenote",
        "stage": "Cwmbiga - Fedw Fain",
        "reference_track": "hafren_south",
        "note_index": 16,
        "distance_m": 1180.0,
        "distance_lookup_m": 964.258,
        "link_to_next": false,
        "notes": [
          "Dist70"
        ],
        "notes_text": "Dist70",
        "atoms": [
          {
            "kind": "distance",
            "source": "Dist70",
            "meters": 70
          }
        ],
        "flags": {
          "groups": {
            "keep": null,
            "cut": null,
            "opening": null,
            "go": null
          },
          "bools": {
            "caution": false,
            "brake": false,
            "finish": false,
            "narrows": false,
            "tightens": false,
            "tightens_late": false,
            "late": false,
            "sudden": false
          },
          "linked_to_next": false,
          "distance_calls_m": [
            70
          ]
        },
        "ref_segment_index": 224,
        "ref_segment_t": 0.931217,
        "grp_keep": "",
        "grp_cut": "",
        "grp_opening": "",
        "grp_go": "",
        "flg_caution": false,
        "flg_brake": false,
        "flg_finish": false,
        "flg_narrows": false,
        "flg_tightens": false,
        "flg_tightens_late": false,
        "flg_late": false,
        "flg_sudden": false,
        "flg_linked_to_next": false,
        "turn_sides": "",
        "flg_turn_left": false,
        "flg_turn_right": false,
        "distance_calls_m": "70"
      }
    },
    {
      "type": "Feature",
      "geometry": {
        "type": "Point",
        "coordinates": [
          309.101,
          579.519
        ]
      },
      "properties": {
        "kind": "pacenote",
        "stage": "Cwmbiga - Fedw Fain",
        "reference_track": "hafren_south",
        "note_index": 17,
        "distance_m": 1251.0,
        "distance_lookup_m": 1035.258,
        "link_to_next": true,
        "notes": [
          "KinksStartingLeft",
          "OverCrest"
        ],
        "notes_text": "KinksStartingLeft, OverCrest",
        "atoms": [
          {
            "kind": "feature",
            "source": "KinksStartingLeft",
            "name": "kinks_starting_left"
          },
          {
            "kind": "feature",
            "source": "OverCrest",
            "name": "over_crest"
          }
        ],
        "flags": {
          "groups": {
            "keep": null,
            "cut": null,
            "opening": null,
            "go": null
          },
          "bools": {
            "caution": false,
            "brake": false,
            "finish": false,
            "narrows": false,
            "tightens": false,
            "tightens_late": false,
            "late": false,
            "sudden": false
          },
          "linked_to_next": true
        },
        "ref_segment_index": 238,
        "ref_segment_t": 0.70227,
        "grp_keep": "",
        "grp_cut": "",
        "grp_opening": "",
        "grp_go": "",
        "flg_caution": false,
        "flg_brake": false,
        "flg_finish": false,
        "flg_narrows": false,
        "flg_tightens": false,
        "flg_tightens_late": false,
        "flg_late": false,
        "flg_sudden": false,
        "flg_linked_to_next": true,
        "turn_sides": "",
        "flg_turn_left": false,
        "flg_turn_right": false
      }
    },
    {
      "type": "Feature",
      "geometry": {
        "type": "Point",
        "coordinates": [
          355.658,
          585.503
        ]
      },
      "properties": {
        "kind": "pacenote",
        "stage": "Cwmbiga - Fedw Fain",
        "reference_track": "hafren_south",
        "note_index": 18,
        "distance_m": 1298.0,
        "distance_lookup_m": 1082.258,
        "link_to_next": true,
        "notes": [
          "Into",
          "Left5"
        ],
        "notes_text": "Into, Left5",
        "atoms": [
          {
            "kind": "connector",
            "source": "Into",
            "name": "into"
          },
          {
            "kind": "turn",
            "source": "Left5",
            "side": "left",
            "severity": 5
          }
        ],
        "flags": {
          "groups": {
            "keep": null,
            "cut": null,
            "opening": null,
            "go": null
          },
          "bools": {
            "caution": false,
            "brake": false,
            "finish": false,
            "narrows": false,
            "tightens": false,
            "tightens_late": false,
            "late": false,
            "sudden": false
          },
          "linked_to_next": true,
          "turn": {
            "sides": [
              "left"
            ],
            "severity_max": 5,
            "severity_min": 5
          }
        },
        "ref_segment_index": 248,
        "ref_segment_t": 0.357228,
        "grp_keep": "",
        "grp_cut": "",
        "grp_opening": "",
        "grp_go": "",
        "flg_caution": false,
        "flg_brake": false,
        "flg_finish": false,
        "flg_narrows": false,
        "flg_tightens": false,
        "flg_tightens_late": false,
        "flg_late": false,
        "flg_sudden": false,
        "flg_linked_to_next": true,
        "turn_sides": "left",
        "flg_turn_left": true,
        "flg_turn_right": false,
        "turn_severity_min": 5,
        "turn_severity_max": 5
      }
    },
    {
      "type": "Feature",
      "geometry": {
        "type": "Point",
        "coordinates": [
          408.443,
          595.753
        ]
      },
      "properties": {
        "kind": "pacenote",
        "stage": "Cwmbiga - Fedw Fain",
        "reference_track": "hafren_south",
        "note_index": 19,
        "distance_m": 1352.0,
        "distance_lookup_m": 1136.258,
        "link_to_next": false,
        "notes": [
          "Dist90"
        ],
        "notes_text": "Dist90",
        "atoms": [
          {
            "kind": "distance",
            "source": "Dist90",
            "meters": 90
          }
        ],
        "flags": {
          "groups": {
            "keep": null,
            "cut": null,
            "opening": null,
            "go": null
          },
          "bools": {
            "caution": false,
            "brake": false,
            "finish": false,
            "narrows": false,
            "tightens": false,
            "tightens_late": false,
            "late": false,
            "sudden": false
          },
          "linked_to_next": false,
          "distance_calls_m": [
            90
          ]
        },
        "ref_segment_index": 258,
        "ref_segment_t": 0.505468,
        "grp_keep": "",
        "grp_cut": "",
        "grp_opening": "",
        "grp_go": "",
        "flg_caution": false,
        "flg_brake": false,
        "flg_finish": false,
        "flg_narrows": false,
        "flg_tightens": false,
        "flg_tightens_late": false,
        "flg_late": false,
        "flg_sudden": false,
        "flg_linked_to_next": false,
        "turn_sides": "",
        "flg_turn_left": false,
        "flg_turn_right": false,
        "distance_calls_m": "90"
      }
    },
    {
      "type": "Feature",
      "geometry": {
        "type": "Point",
        "coordinates": [
          497.62,
          612.883
        ]
      },
      "properties": {
        "kind": "pacenote",
        "stage": "Cwmbiga - Fedw Fain",
        "reference_track": "hafren_south",
        "note_index": 20,
        "distance_m": 1443.0,
        "distance_lookup_m": 1227.258,
        "link_to_next": true,
        "notes": [
          "Left4",
          "Short",
          "KeepIn"
        ],
        "notes_text": "Left4, Short, KeepIn",
        "atoms": [
          {
            "kind": "turn",
            "source": "Left4",
            "side": "left",
            "severity": 4
          },
          {
            "kind": "length",
            "source": "Short",
            "name": "short"
          },
          {
            "kind": "modifier",
            "source": "KeepIn",
            "name": "keep_in"
          }
        ],
        "flags": {
          "groups": {
            "keep": "keep_in",
            "cut": null,
            "opening": null,
            "go": null
          },
          "bools": {
            "caution": false,
            "brake": false,
            "finish": false,
            "narrows": false,
            "tightens": false,
            "tightens_late": false,
            "late": false,
            "sudden": false
          },
          "linked_to_next": true,
          "turn": {
            "sides": [
              "left"
            ],
            "severity_max": 4,
            "severity_min": 4
          }
        },
        "ref_segment_index": 273,
        "ref_segment_t": 0.979307,
        "grp_keep": "keep_in",
        "grp_cut": "",
        "grp_opening": "",
        "grp_go": "",
        "flg_caution": false,
        "flg_brake": false,
        "flg_finish": false,
        "flg_narrows": false,
        "flg_tightens": false,
        "flg_tightens_late": false,
        "flg_late": false,
        "flg_sudden": false,
        "flg_linked_to_next": true,
        "turn_sides": "left",
        "flg_turn_left": true,
        "flg_turn_right": false,
        "turn_severity_min": 4,
        "turn_severity_max": 4
      }
    },
    {
      "type": "Feature",
      "geometry": {
        "type": "Point",
        "coordinates": [
          554.923,
          621.53
        ]
      },
      "properties": {
        "kind": "pacenote",
        "stage": "Cwmbiga - Fedw Fain",
        "reference_track": "hafren_south",
        "note_index": 21,
        "distance_m": 1501.0,
        "distance_lookup_m": 1285.258,
        "link_to_next": false,
        "notes": [
          "Dist40"
        ],
        "notes_text": "Dist40",
        "atoms": [
          {
            "kind": "distance",
            "source": "Dist40",
            "meters": 40
          }
        ],
        "flags": {
          "groups": {
            "keep": null,
            "cut": null,
            "opening": null,
            "go": null
          },
          "bools": {
            "caution": false,
            "brake": false,
            "finish": false,
            "narrows": false,
            "tightens": false,
            "tightens_late": false,
            "late": false,
            "sudden": false
          },
          "linked_to_next": false,
          "distance_calls_m": [
            40
          ]
        },
        "ref_segment_index": 283,
        "ref_segment_t": 0.02412,
        "grp_keep": "",
        "grp_cut": "",
        "grp_opening": "",
        "grp_go": "",
        "flg_caution": false,
        "flg_brake": false,
        "flg_finish": false,
        "flg_narrows": false,
        "flg_tightens": false,
        "flg_tightens_late": false,
        "flg_late": false,
        "flg_sudden": false,
        "flg_linked_to_next": false,
        "turn_sides": "",
        "flg_turn_left": false,
        "flg_turn_right": false,
        "distance_calls_m": "40"
      }
    },
    {
      "type": "Feature",
      "geometry": {
        "type": "Point",
        "coordinates": [
          594.59,
          625.572
        ]
      },
      "properties": {
        "kind": "pacenote",
        "stage": "Cwmbiga - Fedw Fain",
        "reference_track": "hafren_south",
        "note_index": 22,
        "distance_m": 1541.0,
        "distance_lookup_m": 1325.258,
        "link_to_next": true,
        "notes": [
          "Left5",
          "Long",
          "TightensLate"
        ],
        "notes_text": "Left5, Long, TightensLate",
        "atoms": [
          {
            "kind": "turn",
            "source": "Left5",
            "side": "left",
            "severity": 5
          },
          {
            "kind": "length",
            "source": "Long",
            "name": "long"
          },
          {
            "kind": "modifier",
            "source": "TightensLate",
            "name": "tightens_late"
          }
        ],
        "flags": {
          "groups": {
            "keep": null,
            "cut": null,
            "opening": null,
            "go": null
          },
          "bools": {
            "caution": false,
            "brake": false,
            "finish": false,
            "narrows": false,
            "tightens": false,
            "tightens_late": true,
            "late": false,
            "sudden": false
          },
          "linked_to_next": true,
          "turn": {
            "sides": [
              "left"
            ],
            "severity_max": 5,
            "severity_min": 5
          }
        },
        "ref_segment_index": 288,
        "ref_segment_t": 0.995539,
        "grp_keep": "",
        "grp_cut": "",
        "grp_opening": "",
        "grp_go": "",
        "flg_caution": false,
        "flg_brake": false,
        "flg_finish": false,
        "flg_narrows": false,
        "flg_tightens": false,
        "flg_tightens_late": true,
        "flg_late": false,
        "flg_sudden": false,
        "flg_linked_to_next": true,
        "turn_sides": "left",
        "flg_turn_left": true,
        "flg_turn_right": false,
        "turn_severity_min": 5,
        "turn_severity_max": 5
      }
    },
    {
      "type": "Feature",
      "geometry": {
        "type": "Point",
        "coordinates": [
          697.574,
          616.529
        ]
      },
      "properties": {
        "kind": "pacenote",
        "stage": "Cwmbiga - Fedw Fain",
        "reference_track": "hafren_south",
        "note_index": 23,
        "distance_m": 1645.0,
        "distance_lookup_m": 1429.258,
        "link_to_next": false,
        "notes": [
          "Dist50"
        ],
        "notes_text": "Dist50",
        "atoms": [
          {
            "kind": "distance",
            "source": "Dist50",
            "meters": 50
          }
        ],
        "flags": {
          "groups": {
            "keep": null,
            "cut": null,
            "opening": null,
            "go": null
          },
          "bools": {
            "caution": false,
            "brake": false,
            "finish": false,
            "narrows": false,
            "tightens": false,
            "tightens_late": false,
            "late": false,
            "sudden": false
          },
          "linked_to_next": false,
          "distance_calls_m": [
            50
          ]
        },
        "ref_segment_index": 305,
        "ref_segment_t": 0.721762,
        "grp_keep": "",
        "grp_cut": "",
        "grp_opening": "",
        "grp_go": "",
        "flg_caution": false,
        "flg_brake": false,
        "flg_finish": false,
        "flg_narrows": false,
        "flg_tightens": false,
        "flg_tightens_late": false,
        "flg_late": false,
        "flg_sudden": false,
        "flg_linked_to_next": false,
        "turn_sides": "",
        "flg_turn_left": false,
        "flg_turn_right": false,
        "distance_calls_m": "50"
      }
    },
    {
      "type": "Feature",
      "geometry": {
        "type": "Point",
        "coordinates": [
          753.37,
          611.873
        ]
      },
      "properties": {
        "kind": "pacenote",
        "stage": "Cwmbiga - Fedw Fain",
        "reference_track": "hafren_south",
        "note_index": 24,
        "distance_m": 1701.0,
        "distance_lookup_m": 1485.258,
        "link_to_next": true,
        "notes": [
          "Brake",
          "Left3",
          "Tighten2"
        ],
        "notes_text": "Brake, Left3, Tighten2",
        "atoms": [
          {
            "kind": "hazard",
            "source": "Brake",
            "name": "brake"
          },
          {
            "kind": "turn",
            "source": "Left3",
            "side": "left",
            "severity": 3
          },
          {
            "kind": "modifier",
            "source": "Tighten2",
            "name": "tighten",
            "level": 2
          }
        ],
        "flags": {
          "groups": {
            "keep": null,
            "cut": null,
            "opening": null,
            "go": null
          },
          "bools": {
            "caution": false,
            "brake": true,
            "finish": false,
            "narrows": false,
            "tightens": false,
            "tightens_late": false,
            "late": false,
            "sudden": false
          },
          "linked_to_next": true,
          "turn": {
            "sides": [
              "left"
            ],
            "severity_max": 3,
            "severity_min": 3
          }
        },
        "ref_segment_index": 315,
        "ref_segment_t": 0.377222,
        "grp_keep": "",
        "grp_cut": "",
        "grp_opening": "",
        "grp_go": "",
        "flg_caution": false,
        "flg_brake": true,
        "flg_finish": false,
        "flg_narrows": false,
        "flg_tightens": false,
        "flg_tightens_late": false,
        "flg_late": false,
        "flg_sudden": false,
        "flg_linked_to_next": true,
        "turn_sides": "left",
        "flg_turn_left": true,
        "flg_turn_right": false,
        "turn_severity_min": 3,
        "turn_severity_max": 3
      }
    },
    {
      "type": "Feature",
      "geometry": {
        "type": "Point",
        "coordinates": [
          803.848,
          613.532
        ]
      },
      "properties": {
        "kind": "pacenote",
        "stage": "Cwmbiga - Fedw Fain",
        "reference_track": "hafren_south",
        "note_index": 25,
        "distance_m": 1752.0,
        "distance_lookup_m": 1536.258,
        "link_to_next": true,
        "notes": [
          "Into",
          "Right2",
          "Long"
        ],
        "notes_text": "Into, Right2, Long",
        "atoms": [
          {
            "kind": "connector",
            "source": "Into",
            "name": "into"
          },
          {
            "kind": "turn",
            "source": "Right2",
            "side": "right",
            "severity": 2
          },
          {
            "kind": "length",
            "source": "Long",
            "name": "long"
          }
        ],
        "flags": {
          "groups": {
            "keep": null,
            "cut": null,
            "opening": null,
            "go": null
          },
          "bools": {
            "caution": false,
            "brake": false,
            "finish": false,
            "narrows": false,
            "tightens": false,
            "tightens_late": false,
            "late": false,
            "sudden": false
          },
          "linked_to_next": true,
          "turn": {
            "sides": [
              "right"
            ],
            "severity_max": 2,
            "severity_min": 2
          }
        },
        "ref_segment_index": 324,
        "ref_segment_t": 0.283379,
        "grp_keep": "",
        "grp_cut": "",
        "grp_opening": "",
        "grp_go": "",
        "flg_caution": false,
        "flg_brake": false,
        "flg_finish": false,
        "flg_narrows": false,
        "flg_tightens": false,
        "flg_tightens_late": false,
        "flg_late": false,
        "flg_sudden": false,
        "flg_linked_to_next": true,
        "turn_sides": "right",
        "flg_turn_left": false,
        "flg_turn_right": true,
        "turn_severity_min": 2,
        "turn_severity_max": 2
      }
    },
    {
      "type": "Feature",
      "geometry": {
        "type": "Point",
        "coordinates": [
          873.207,
          615.184
        ]
      },
      "properties": {
        "kind": "pacenote",
        "stage": "Cwmbiga - Fedw Fain",
        "reference_track": "hafren_south",
        "note_index": 26,
        "distance_m": 1822.0,
        "distance_lookup_m": 1606.258,
        "link_to_next": true,
        "notes": [
          "KinksStartingLeft",
          "OverCrest"
        ],
        "notes_text": "KinksStartingLeft, OverCrest",
        "atoms": [
          {
            "kind": "feature",
            "source": "KinksStartingLeft",
            "name": "kinks_starting_left"
          },
          {
            "kind": "feature",
            "source": "OverCrest",
            "name": "over_crest"
          }
        ],
        "flags": {
          "groups": {
            "keep": null,
            "cut": null,
            "opening": null,
            "go": null
          },
          "bools": {
            "caution": false,
            "brake": false,
            "finish": false,
            "narrows": false,
            "tightens": false,
            "tightens_late": false,
            "late": false,
            "sudden": false
          },
          "linked_to_next": true
        },
        "ref_segment_index": 338,
        "ref_segment_t": 0.790845,
        "grp_keep": "",
        "grp_cut": "",
        "grp_opening": "",
        "grp_go": "",
        "flg_caution": false,
        "flg_brake": false,
        "flg_finish": false,
        "flg_narrows": false,
        "flg_tightens": false,
        "flg_tightens_late": false,
        "flg_late": false,
        "flg_sudden": false,
        "flg_linked_to_next": true,
        "turn_sides": "",
        "flg_turn_left": false,
        "flg_turn_right": false
      }
    },
    {
      "type": "Feature",
      "geometry": {
        "type": "Point",
        "coordinates": [
          911.987,
          607.413
        ]
      },
      "properties": {
        "kind": "pacenote",
        "stage": "Cwmbiga - Fedw Fain",
        "reference_track": "hafren_south",
        "note_index": 27,
        "distance_m": 1862.0,
        "distance_lookup_m": 1646.258,
        "link_to_next": false,
        "notes": [
          "Dist70"
        ],
        "notes_text": "Dist70",
        "atoms": [
          {
            "kind": "distance",
            "source": "Dist70",
            "meters": 70
          }
        ],
        "flags": {
          "groups": {
            "keep": null,
            "cut": null,
            "opening": null,
            "go": null
          },
          "bools": {
            "caution": false,
            "brake": false,
            "finish": false,
            "narrows": false,
            "tightens": false,
            "tightens_late": false,
            "late": false,
            "sudden": false
          },
          "linked_to_next": false,
          "distance_calls_m": [
            70
          ]
        },
        "ref_segment_index": 348,
        "ref_segment_t": 0.310618,
        "grp_keep": "",
        "grp_cut": "",
        "grp_opening": "",
        "grp_go": "",
        "flg_caution": false,
        "flg_brake": false,
        "flg_finish": false,
        "flg_narrows": false,
        "flg_tightens": false,
        "flg_tightens_late": false,
        "flg_late": false,
        "flg_sudden": false,
        "flg_linked_to_next": false,
        "turn_sides": "",
        "flg_turn_left": false,
        "flg_turn_right": false,
        "distance_calls_m": "70"
      }
    },
    {
      "type": "Feature",
      "geometry": {
        "type": "Point",
        "coordinates": [
          979.602,
          613.122
        ]
      },
      "properties": {
        "kind": "pacenote",
        "stage": "Cwmbiga - Fedw Fain",
        "reference_track": "hafren_south",
        "note_index": 28,
        "distance_m": 1930.0,
        "distance_lookup_m": 1714.258,
        "link_to_next": true,
        "notes": [
          "KinksStartingRight"
        ],
        "notes_text": "KinksStartingRight",
        "atoms": [
          {
            "kind": "feature",
            "source": "KinksStartingRight",
            "name": "kinks_starting_right"
          }
        ],
        "flags": {
          "groups": {
            "keep": null,
            "cut": null,
            "opening": null,
            "go": null
          },
          "bools": {
            "caution": false,
            "brake": false,
            "finish": false,
            "narrows": false,
            "tightens": false,
            "tightens_late": false,
            "late": false,
            "sudden": false
          },
          "linked_to_next": true
        },
        "ref_segment_index": 363,
        "ref_segment_t": 0.710421,
        "grp_keep": "",
        "grp_cut": "",
        "grp_opening": "",
        "grp_go": "",
        "flg_caution": false,
        "flg_brake": false,
        "flg_finish": false,
        "flg_narrows": false,
        "flg_tightens": false,
        "flg_tightens_late": false,
        "flg_late": false,
        "flg_sudden": false,
        "flg_linked_to_next": true,
        "turn_sides": "",
        "flg_turn_left": false,
        "flg_turn_right": false
      }
    },
    {
      "type": "Feature",
      "geometry": {
        "type": "Point",
        "coordinates": [
          1065.402,
          600.243
        ]
      },
      "properties": {
        "kind": "pacenote",
        "stage": "Cwmbiga - Fedw Fain",
        "reference_track": "hafren_south",
        "note_index": 29,
        "distance_m": 2018.0,
        "distance_lookup_m": 1802.258,
        "link_to_next": true,
        "notes": [
          "Pause0.25s_Reset",
          "Into",
          "Right6",
          "KeepOut"
        ],
        "notes_text": "Pause0.25s_Reset, Into, Right6, KeepOut",
        "atoms": [
          {
            "kind": "pause",
            "source": "Pause0.25s_Reset",
            "seconds": 0.25,
            "reset": true
          },
          {
            "kind": "connector",
            "source": "Into",
            "name": "into"
          },
          {
            "kind": "turn",
            "source": "Right6",
            "side": "right",
            "severity": 6
          },
          {
            "kind": "modifier",
            "source": "KeepOut",
            "name": "keep_out"
          }
        ],
        "flags": {
          "groups": {
            "keep": "keep_out",
            "cut": null,
            "opening": null,
            "go": null
          },
          "bools": {
            "caution": false,
            "brake": false,
            "finish": false,
            "narrows": false,
            "tightens": false,
            "tightens_late": false,
            "late": false,
            "sudden": false
          },
          "linked_to_next": true,
          "turn": {
            "sides": [
              "right"
            ],
            "severity_max": 6,
            "severity_min": 6
          },
          "pause_seconds": [
            0.25
          ]
        },
        "ref_segment_index": 383,
        "ref_segment_t": 0.437291,
        "grp_keep": "keep_out",
        "grp_cut": "",
        "grp_opening": "",
        "grp_go": "",
        "flg_caution": false,
        "flg_brake": false,
        "flg_finish": false,
        "flg_narrows": false,
        "flg_tightens": false,
        "flg_tightens_late": false,
        "flg_late": false,
        "flg_sudden": false,
        "flg_linked_to_next": true,
        "turn_sides": "right",
        "flg_turn_left": false,
        "flg_turn_right": true,
        "turn_severity_min": 6,
        "turn_severity_max": 6,
        "pause_seconds": "0.25"
      }
    },
    {
      "type": "Feature",
      "geometry": {
        "type": "Point",
        "coordinates": [
          1109.139,
          578.934
        ]
      },
      "properties": {
        "kind": "pacenote",
        "stage": "Cwmbiga - Fedw Fain",
        "reference_track": "hafren_south",
        "note_index": 30,
        "distance_m": 2067.0,
        "distance_lookup_m": 1851.258,
        "link_to_next": false,
        "notes": [
          "Dist100"
        ],
        "notes_text": "Dist100",
        "atoms": [
          {
            "kind": "distance",
            "source": "Dist100",
            "meters": 100
          }
        ],
        "flags": {
          "groups": {
            "keep": null,
            "cut": null,
            "opening": null,
            "go": null
          },
          "bools": {
            "caution": false,
            "brake": false,
            "finish": false,
            "narrows": false,
            "tightens": false,
            "tightens_late": false,
            "late": false,
            "sudden": false
          },
          "linked_to_next": false,
          "distance_calls_m": [
            100
          ]
        },
        "ref_segment_index": 393,
        "ref_segment_t": 0.730141,
        "grp_keep": "",
        "grp_cut": "",
        "grp_opening": "",
        "grp_go": "",
        "flg_caution": false,
        "flg_brake": false,
        "flg_finish": false,
        "flg_narrows": false,
        "flg_tightens": false,
        "flg_tightens_late": false,
        "flg_late": false,
        "flg_sudden": false,
        "flg_linked_to_next": false,
        "turn_sides": "",
        "flg_turn_left": false,
        "flg_turn_right": false,
        "distance_calls_m": "100"
      }
    },
    {
      "type": "Feature",
      "geometry": {
        "type": "Point",
        "coordinates": [
          1171.413,
          493.367
        ]
      },
      "properties": {
        "kind": "pacenote",
        "stage": "Cwmbiga - Fedw Fain",
        "reference_track": "hafren_south",
        "note_index": 31,
        "distance_m": 2176.0,
        "distance_lookup_m": 1960.258,
        "link_to_next": true,
        "notes": [
          "Left5",
          "Tightens",
          "OverCrest"
        ],
        "notes_text": "Left5, Tightens, OverCrest",
        "atoms": [
          {
            "kind": "turn",
            "source": "Left5",
            "side": "left",
            "severity": 5
          },
          {
            "kind": "modifier",
            "source": "Tightens",
            "name": "tightens"
          },
          {
            "kind": "feature",
            "source": "OverCrest",
            "name": "over_crest"
          }
        ],
        "flags": {
          "groups": {
            "keep": null,
            "cut": null,
            "opening": null,
            "go": null
          },
          "bools": {
            "caution": false,
            "brake": false,
            "finish": false,
            "narrows": false,
            "tightens": true,
            "tightens_late": false,
            "late": false,
            "sudden": false
          },
          "linked_to_next": true,
          "turn": {
            "sides": [
              "left"
            ],
            "severity_max": 5,
            "severity_min": 5
          }
        },
        "ref_segment_index": 416,
        "ref_segment_t": 0.665728,
        "grp_keep": "",
        "grp_cut": "",
        "grp_opening": "",
        "grp_go": "",
        "flg_caution": false,
        "flg_brake": false,
        "flg_finish": false,
        "flg_narrows": false,
        "flg_tightens": true,
        "flg_tightens_late": false,
        "flg_late": false,
        "flg_sudden": false,
        "flg_linked_to_next": true,
        "turn_sides": "left",
        "flg_turn_left": true,
        "flg_turn_right": false,
        "turn_severity_min": 5,
        "turn_severity_max": 5
      }
    },
    {
      "type": "Feature",
      "geometry": {
        "type": "Point",
        "coordinates": [
          1189.268,
          411.839
        ]
      },
      "properties": {
        "kind": "pacenote",
        "stage": "Cwmbiga - Fedw Fain",
        "reference_track": "hafren_south",
        "note_index": 32,
        "distance_m": 2260.0,
        "distance_lookup_m": 2044.258,
        "link_to_next": true,
        "notes": [
          "And",
          "Right5"
        ],
        "notes_text": "And, Right5",
        "atoms": [
          {
            "kind": "connector",
            "source": "And",
            "name": "and"
          },
          {
            "kind": "turn",
            "source": "Right5",
            "side": "right",
            "severity": 5
          }
        ],
        "flags": {
          "groups": {
            "keep": null,
            "cut": null,
            "opening": null,
            "go": null
          },
          "bools": {
            "caution": false,
            "brake": false,
            "finish": false,
            "narrows": false,
            "tightens": false,
            "tightens_late": false,
            "late": false,
            "sudden": false
          },
          "linked_to_next": true,
          "turn": {
            "sides": [
              "right"
            ],
            "severity_max": 5,
            "severity_min": 5
          }
        },
        "ref_segment_index": 434,
        "ref_segment_t": 0.209189,
        "grp_keep": "",
        "grp_cut": "",
        "grp_opening": "",
        "grp_go": "",
        "flg_caution": false,
        "flg_brake": false,
        "flg_finish": false,
        "flg_narrows": false,
        "flg_tightens": false,
        "flg_tightens_late": false,
        "flg_late": false,
        "flg_sudden": false,
        "flg_linked_to_next": true,
        "turn_sides": "right",
        "flg_turn_left": false,
        "flg_turn_right": true,
        "turn_severity_min": 5,
        "turn_severity_max": 5
      }
    },
    {
      "type": "Feature",
      "geometry": {
        "type": "Point",
        "coordinates": [
          1212.164,
          369.545
        ]
      },
      "properties": {
        "kind": "pacenote",
        "stage": "Cwmbiga - Fedw Fain",
        "reference_track": "hafren_south",
        "note_index": 33,
        "distance_m": 2309.0,
        "distance_lookup_m": 2093.258,
        "link_to_next": false,
        "notes": [
          "Dist60"
        ],
        "notes_text": "Dist60",
        "atoms": [
          {
            "kind": "distance",
            "source": "Dist60",
            "meters": 60
          }
        ],
        "flags": {
          "groups": {
            "keep": null,
            "cut": null,
            "opening": null,
            "go": null
          },
          "bools": {
            "caution": false,
            "brake": false,
            "finish": false,
            "narrows": false,
            "tightens": false,
            "tightens_late": false,
            "late": false,
            "sudden": false
          },
          "linked_to_next": false,
          "distance_calls_m": [
            60
          ]
        },
        "ref_segment_index": 445,
        "ref_segment_t": 0.797181,
        "grp_keep": "",
        "grp_cut": "",
        "grp_opening": "",
        "grp_go": "",
        "flg_caution": false,
        "flg_brake": false,
        "flg_finish": false,
        "flg_narrows": false,
        "flg_tightens": false,
        "flg_tightens_late": false,
        "flg_late": false,
        "flg_sudden": false,
        "flg_linked_to_next": false,
        "turn_sides": "",
        "flg_turn_left": false,
        "flg_turn_right": false,
        "distance_calls_m": "60"
      }
    },
    {
      "type": "Feature",
      "geometry": {
        "type": "Point",
        "coordinates": [
          1259.763,
          331.73
        ]
      },
      "properties": {
        "kind": "pacenote",
        "stage": "Cwmbiga - Fedw Fain",
        "reference_track": "hafren_south",
        "note_index": 34,
        "distance_m": 2371.0,
        "distance_lookup_m": 2155.258,
        "link_to_next": true,
        "notes": [
          "Left4"
        ],
        "notes_text": "Left4",
        "atoms": [
          {
            "kind": "turn",
            "source": "Left4",
            "side": "left",
            "severity": 4
          }
        ],
        "flags": {
          "groups": {
            "keep": null,
            "cut": null,
            "opening": null,
            "go": null
          },
          "bools": {
            "caution": false,
            "brake": false,
            "finish": false,
            "narrows": false,
            "tightens": false,
            "tightens_late": false,
            "late": false,
            "sudden": false
          },
          "linked_to_next": true,
          "turn": {
            "sides": [
              "left"
            ],
            "severity_max": 4,
            "severity_min": 4
          }
        },
        "ref_segment_index": 462,
        "ref_segment_t": 0.862783,
        "grp_keep": "",
        "grp_cut": "",
        "grp_opening": "",
        "grp_go": "",
        "flg_caution": false,
        "flg_brake": false,
        "flg_finish": false,
        "flg_narrows": false,
        "flg_tightens": false,
        "flg_tightens_late": false,
        "flg_late": false,
        "flg_sudden": false,
        "flg_linked_to_next": true,
        "turn_sides": "left",
        "flg_turn_left": true,
        "flg_turn_right": false,
        "turn_severity_min": 4,
        "turn_severity_max": 4
      }
    },
    {
      "type": "Feature",
      "geometry": {
        "type": "Point",
        "coordinates": [
          1271.619,
          283.157
        ]
      },
      "properties": {
        "kind": "pacenote",
        "stage": "Cwmbiga - Fedw Fain",
        "reference_track": "hafren_south",
        "note_index": 35,
        "distance_m": 2424.0,
        "distance_lookup_m": 2208.258,
        "link_to_next": true,
        "notes": [
          "And",
          "Right4",
          "Tightens"
        ],
        "notes_text": "And, Right4, Tightens",
        "atoms": [
          {
            "kind": "connector",
            "source": "And",
            "name": "and"
          },
          {
            "kind": "turn",
            "source": "Right4",
            "side": "right",
            "severity": 4
          },
          {
            "kind": "modifier",
            "source": "Tightens",
            "name": "tightens"
          }
        ],
        "flags": {
          "groups": {
            "keep": null,
            "cut": null,
            "opening": null,
            "go": null
          },
          "bools": {
            "caution": false,
            "brake": false,
            "finish": false,
            "narrows": false,
            "tightens": true,
            "tightens_late": false,
            "late": false,
            "sudden": false
          },
          "linked_to_next": true,
          "turn": {
            "sides": [
              "right"
            ],
            "severity_max": 4,
            "severity_min": 4
          }
        },
        "ref_segment_index": 479,
        "ref_segment_t": 0.840125,
        "grp_keep": "",
        "grp_cut": "",
        "grp_opening": "",
        "grp_go": "",
        "flg_caution": false,
        "flg_brake": false,
        "flg_finish": false,
        "flg_narrows": false,
        "flg_tightens": true,
        "flg_tightens_late": false,
        "flg_late": false,
        "flg_sudden": false,
        "flg_linked_to_next": true,
        "turn_sides": "right",
        "flg_turn_left": false,
        "flg_turn_right": true,
        "turn_severity_min": 4,
        "turn_severity_max": 4
      }
    },
    {
      "type": "Feature",
      "geometry": {
        "type": "Point",
        "coordinates": [
          1241.246,
          248.713
        ]
      },
      "properties": {
        "kind": "pacenote",
        "stage": "Cwmbiga - Fedw Fain",
        "reference_track": "hafren_south",
        "note_index": 36,
        "distance_m": 2472.0,
        "distance_lookup_m": 2256.258,
        "link_to_next": false,
        "notes": [
          "Dist40"
        ],
        "notes_text": "Dist40",
        "atoms": [
          {
            "kind": "distance",
            "source": "Dist40",
            "meters": 40
          }
        ],
        "flags": {
          "groups": {
            "keep": null,
            "cut": null,
            "opening": null,
            "go": null
          },
          "bools": {
            "caution": false,
            "brake": false,
            "finish": false,
            "narrows": false,
            "tightens": false,
            "tightens_late": false,
            "late": false,
            "sudden": false
          },
          "linked_to_next": false,
          "distance_calls_m": [
            40
          ]
        },
        "ref_segment_index": 494,
        "ref_segment_t": 0.131414,
        "grp_keep": "",
        "grp_cut": "",
        "grp_opening": "",
        "grp_go": "",
        "flg_caution": false,
        "flg_brake": false,
        "flg_finish": false,
        "flg_narrows": false,
        "flg_tightens": false,
        "flg_tightens_late": false,
        "flg_late": false,
        "flg_sudden": false,
        "flg_linked_to_next": false,
        "turn_sides": "",
        "flg_turn_left": false,
        "flg_turn_right": false,
        "distance_calls_m": "40"
      }
    },
    {
      "type": "Feature",
      "geometry": {
        "type": "Point",
        "coordinates": [
          1209.441,
          215.761
        ]
      },
      "properties": {
        "kind": "pacenote",
        "stage": "Cwmbiga - Fedw Fain",
        "reference_track": "hafren_south",
        "note_index": 37,
        "distance_m": 2518.0,
        "distance_lookup_m": 2302.258,
        "link_to_next": true,
        "notes": [
          "Left3",
          "Long"
        ],
        "notes_text": "Left3, Long",
        "atoms": [
          {
            "kind": "turn",
            "source": "Left3",
            "side": "left",
            "severity": 3
          },
          {
            "kind": "length",
            "source": "Long",
            "name": "long"
          }
        ],
        "flags": {
          "groups": {
            "keep": null,
            "cut": null,
            "opening": null,
            "go": null
          },
          "bools": {
            "caution": false,
            "brake": false,
            "finish": false,
            "narrows": false,
            "tightens": false,
            "tightens_late": false,
            "late": false,
            "sudden": false
          },
          "linked_to_next": true,
          "turn": {
            "sides": [
              "left"
            ],
            "severity_max": 3,
            "severity_min": 3
          }
        },
        "ref_segment_index": 504,
        "ref_segment_t": 0.904642,
        "grp_keep": "",
        "grp_cut": "",
        "grp_opening": "",
        "grp_go": "",
        "flg_caution": false,
        "flg_brake": false,
        "flg_finish": false,
        "flg_narrows": false,
        "flg_tightens": false,
        "flg_tightens_late": false,
        "flg_late": false,
        "flg_sudden": false,
        "flg_linked_to_next": true,
        "turn_sides": "left",
        "flg_turn_left": true,
        "flg_turn_right": false,
        "turn_severity_min": 3,
        "turn_severity_max": 3
      }
    },
    {
      "type": "Feature",
      "geometry": {
        "type": "Point",
        "coordinates": [
          1162.001,
          177.961
        ]
      },
      "properties": {
        "kind": "pacenote",
        "stage": "Cwmbiga - Fedw Fain",
        "reference_track": "hafren_south",
        "note_index": 38,
        "distance_m": 2581.0,
        "distance_lookup_m": 2365.258,
        "link_to_next": false,
        "notes": [
          "Into",
          "Right4",
          "Long",
          "DontCut"
        ],
        "notes_text": "Into, Right4, Long, DontCut",
        "atoms": [
          {
            "kind": "connector",
            "source": "Into",
            "name": "into"
          },
          {
            "kind": "turn",
            "source": "Right4",
            "side": "right",
            "severity": 4
          },
          {
            "kind": "length",
            "source": "Long",
            "name": "long"
          },
          {
            "kind": "modifier",
            "source": "DontCut",
            "name": "dont_cut"
          }
        ],
        "flags": {
          "groups": {
            "keep": null,
            "cut": "dont_cut",
            "opening": null,
            "go": null
          },
          "bools": {
            "caution": false,
            "brake": false,
            "finish": false,
            "narrows": false,
            "tightens": false,
            "tightens_late": false,
            "late": false,
            "sudden": false
          },
          "linked_to_next": false,
          "turn": {
            "sides": [
              "right"
            ],
            "severity_max": 4,
            "severity_min": 4
          }
        },
        "ref_segment_index": 520,
        "ref_segment_t": 0.900964,
        "grp_keep": "",
        "grp_cut": "dont_cut",
        "grp_opening": "",
        "grp_go": "",
        "flg_caution": false,
        "flg_brake": false,
        "flg_finish": false,
        "flg_narrows": false,
        "flg_tightens": false,
        "flg_tightens_late": false,
        "flg_late": false,
        "flg_sudden": false,
        "flg_linked_to_next": false,
        "turn_sides": "right",
        "flg_turn_left": false,
        "flg_turn_right": true,
        "turn_severity_min": 4,
        "turn_severity_max": 4
      }
    },
    {
      "type": "Feature",
      "geometry": {
        "type": "Point",
        "coordinates": [
          1101.649,
          110.58
        ]
      },
      "properties": {
        "kind": "pacenote",
        "stage": "Cwmbiga - Fedw Fain",
        "reference_track": "hafren_south",
        "note_index": 39,
        "distance_m": 2685.0,
        "distance_lookup_m": 2469.258,
        "link_to_next": true,
        "notes": [
          "And",
          "Left4"
        ],
        "notes_text": "And, Left4",
        "atoms": [
          {
            "kind": "connector",
            "source": "And",
            "name": "and"
          },
          {
            "kind": "turn",
            "source": "Left4",
            "side": "left",
            "severity": 4
          }
        ],
        "flags": {
          "groups": {
            "keep": null,
            "cut": null,
            "opening": null,
            "go": null
          },
          "bools": {
            "caution": false,
            "brake": false,
            "finish": false,
            "narrows": false,
            "tightens": false,
            "tightens_late": false,
            "late": false,
            "sudden": false
          },
          "linked_to_next": true,
          "turn": {
            "sides": [
              "left"
            ],
            "severity_max": 4,
            "severity_min": 4
          }
        },
        "ref_segment_index": 557,
        "ref_segment_t": 0.273408,
        "grp_keep": "",
        "grp_cut": "",
        "grp_opening": "",
        "grp_go": "",
        "flg_caution": false,
        "flg_brake": false,
        "flg_finish": false,
        "flg_narrows": false,
        "flg_tightens": false,
        "flg_tightens_late": false,
        "flg_late": false,
        "flg_sudden": false,
        "flg_linked_to_next": true,
        "turn_sides": "left",
        "flg_turn_left": true,
        "flg_turn_right": false,
        "turn_severity_min": 4,
        "turn_severity_max": 4
      }
    },
    {
      "type": "Feature",
      "geometry": {
        "type": "Point",
        "coordinates": [
          1121.468,
          62.788
        ]
      },
      "properties": {
        "kind": "pacenote",
        "stage": "Cwmbiga - Fedw Fain",
        "reference_track": "hafren_south",
        "note_index": 40,
        "distance_m": 2771.0,
        "distance_lookup_m": 2555.258,
        "link_to_next": false,
        "notes": [
          "Into",
          "Right3",
          "Short"
        ],
        "notes_text": "Into, Right3, Short",
        "atoms": [
          {
            "kind": "connector",
            "source": "Into",
            "name": "into"
          },
          {
            "kind": "turn",
            "source": "Right3",
            "side": "right",
            "severity": 3
          },
          {
            "kind": "length",
            "source": "Short",
            "name": "short"
          }
        ],
        "flags": {
          "groups": {
            "keep": null,
            "cut": null,
            "opening": null,
            "go": null
          },
          "bools": {
            "caution": false,
            "brake": false,
            "finish": false,
            "narrows": false,
            "tightens": false,
            "tightens_late": false,
            "late": false,
            "sudden": false
          },
          "linked_to_next": false,
          "turn": {
            "sides": [
              "right"
            ],
            "severity_max": 3,
            "severity_min": 3
          }
        },
        "ref_segment_index": 597,
        "ref_segment_t": 0.797426,
        "grp_keep": "",
        "grp_cut": "",
        "grp_opening": "",
        "grp_go": "",
        "flg_caution": false,
        "flg_brake": false,
        "flg_finish": false,
        "flg_narrows": false,
        "flg_tightens": false,
        "flg_tightens_late": false,
        "flg_late": false,
        "flg_sudden": false,
        "flg_linked_to_next": false,
        "turn_sides": "right",
        "flg_turn_left": false,
        "flg_turn_right": true,
        "turn_severity_min": 3,
        "turn_severity_max": 3
      }
    },
    {
      "type": "Feature",
      "geometry": {
        "type": "Point",
        "coordinates": [
          1124.672,
          30.505
        ]
      },
      "properties": {
        "kind": "pacenote",
        "stage": "Cwmbiga - Fedw Fain",
        "reference_track": "hafren_south",
        "note_index": 41,
        "distance_m": 2853.0,
        "distance_lookup_m": 2637.258,
        "link_to_next": true,
        "notes": [
          "And",
          "Left4",
          "VeryLong"
        ],
        "notes_text": "And, Left4, VeryLong",
        "atoms": [
          {
            "kind": "connector",
            "source": "And",
            "name": "and"
          },
          {
            "kind": "turn",
            "source": "Left4",
            "side": "left",
            "severity": 4
          },
          {
            "kind": "length",
            "source": "VeryLong",
            "name": "very_long"
          }
        ],
        "flags": {
          "groups": {
            "keep": null,
            "cut": null,
            "opening": null,
            "go": null
          },
          "bools": {
            "caution": false,
            "brake": false,
            "finish": false,
            "narrows": false,
            "tightens": false,
            "tightens_late": false,
            "late": false,
            "sudden": false
          },
          "linked_to_next": true,
          "turn": {
            "sides": [
              "left"
            ],
            "severity_max": 4,
            "severity_min": 4
          }
        },
        "ref_segment_index": 638,
        "ref_segment_t": 0.780125,
        "grp_keep": "",
        "grp_cut": "",
        "grp_opening": "",
        "grp_go": "",
        "flg_caution": false,
        "flg_brake": false,
        "flg_finish": false,
        "flg_narrows": false,
        "flg_tightens": false,
        "flg_tightens_late": false,
        "flg_late": false,
        "flg_sudden": false,
        "flg_linked_to_next": true,
        "turn_sides": "left",
        "flg_turn_left": true,
        "flg_turn_right": false,
        "turn_severity_min": 4,
        "turn_severity_max": 4
      }
    },
    {
      "type": "Feature",
      "geometry": {
        "type": "Point",
        "coordinates": [
          1243.66,
          20.948
        ]
      },
      "properties": {
        "kind": "pacenote",
        "stage": "Cwmbiga - Fedw Fain",
        "reference_track": "hafren_south",
        "note_index": 42,
        "distance_m": 2974.0,
        "distance_lookup_m": 2758.258,
        "link_to_next": true,
        "notes": [
          "Pause0.1s_Reset",
          "Into",
          "Right3",
          "Short",
          "Caution",
          "DontCut"
        ],
        "notes_text": "Pause0.1s_Reset, Into, Right3, Short, Caution, DontCut",
        "atoms": [
          {
            "kind": "pause",
            "source": "Pause0.1s_Reset",
            "seconds": 0.1,
            "reset": true
          },
          {
            "kind": "connector",
            "source": "Into",
            "name": "into"
          },
          {
            "kind": "turn",
            "source": "Right3",
            "side": "right",
            "severity": 3
          },
          {
            "kind": "length",
            "source": "Short",
            "name": "short"
          },
          {
            "kind": "hazard",
            "source": "Caution",
            "name": "caution"
          },
          {
            "kind": "modifier",
            "source": "DontCut",
            "name": "dont_cut"
          }
        ],
        "flags": {
          "groups": {
            "keep": null,
            "cut": "dont_cut",
            "opening": null,
            "go": null
          },
          "bools": {
            "caution": true,
            "brake": false,
            "finish": false,
            "narrows": false,
            "tightens": false,
            "tightens_late": false,
            "late": false,
            "sudden": false
          },
          "linked_to_next": true,
          "turn": {
            "sides": [
              "right"
            ],
            "severity_max": 3,
            "severity_min": 3
          },
          "pause_seconds": [
            0.1
          ]
        },
        "ref_segment_index": 670,
        "ref_segment_t": 0.719069,
        "grp_keep": "",
        "grp_cut": "dont_cut",
        "grp_opening": "",
        "grp_go": "",
        "flg_caution": true,
        "flg_brake": false,
        "flg_finish": false,
        "flg_narrows": false,
        "flg_tightens": false,
        "flg_tightens_late": false,
        "flg_late": false,
        "flg_sudden": false,
        "flg_linked_to_next": true,
        "turn_sides": "right",
        "flg_turn_left": false,
        "flg_turn_right": true,
        "turn_severity_min": 3,
        "turn_severity_max": 3,
        "pause_seconds": "0.1"
      }
    },
    {
      "type": "Feature",
      "geometry": {
        "type": "Point",
        "coordinates": [
          1269.835,
          14.577
        ]
      },
      "properties": {
        "kind": "pacenote",
        "stage": "Cwmbiga - Fedw Fain",
        "reference_track": "hafren_south",
        "note_index": 43,
        "distance_m": 3001.0,
        "distance_lookup_m": 2785.258,
        "link_to_next": false,
        "notes": [
          "Dist60"
        ],
        "notes_text": "Dist60",
        "atoms": [
          {
            "kind": "distance",
            "source": "Dist60",
            "meters": 60
          }
        ],
        "flags": {
          "groups": {
            "keep": null,
            "cut": null,
            "opening": null,
            "go": null
          },
          "bools": {
            "caution": false,
            "brake": false,
            "finish": false,
            "narrows": false,
            "tightens": false,
            "tightens_late": false,
            "late": false,
            "sudden": false
          },
          "linked_to_next": false,
          "distance_calls_m": [
            60
          ]
        },
        "ref_segment_index": 676,
        "ref_segment_t": 0.463145,
        "grp_keep": "",
        "grp_cut": "",
        "grp_opening": "",
        "grp_go": "",
        "flg_caution": false,
        "flg_brake": false,
        "flg_finish": false,
        "flg_narrows": false,
        "flg_tightens": false,
        "flg_tightens_late": false,
        "flg_late": false,
        "flg_sudden": false,
        "flg_linked_to_next": false,
        "turn_sides": "",
        "flg_turn_left": false,
        "flg_turn_right": false,
        "distance_calls_m": "60"
      }
    },
    {
      "type": "Feature",
      "geometry": {
        "type": "Point",
        "coordinates": [
          1332.182,
          1.741
        ]
      },
      "properties": {
        "kind": "pacenote",
        "stage": "Cwmbiga - Fedw Fain",
        "reference_track": "hafren_south",
        "note_index": 44,
        "distance_m": 3065.0,
        "distance_lookup_m": 2849.258,
        "link_to_next": false,
        "notes": [
          "KinksStartingLeft"
        ],
        "notes_text": "KinksStartingLeft",
        "atoms": [
          {
            "kind": "feature",
            "source": "KinksStartingLeft",
            "name": "kinks_starting_left"
          }
        ],
        "flags": {
          "groups": {
            "keep": null,
            "cut": null,
            "opening": null,
            "go": null
          },
          "bools": {
            "caution": false,
            "brake": false,
            "finish": false,
            "narrows": false,
            "tightens": false,
            "tightens_late": false,
            "late": false,
            "sudden": false
          },
          "linked_to_next": false
        },
        "ref_segment_index": 688,
        "ref_segment_t": 0.985958,
        "grp_keep": "",
        "grp_cut": "",
        "grp_opening": "",
        "grp_go": "",
        "flg_caution": false,
        "flg_brake": false,
        "flg_finish": false,
        "flg_narrows": false,
        "flg_tightens": false,
        "flg_tightens_late": false,
        "flg_late": false,
        "flg_sudden": false,
        "flg_linked_to_next": false,
        "turn_sides": "",
        "flg_turn_left": false,
        "flg_turn_right": false
      }
    },
    {
      "type": "Feature",
      "geometry": {
        "type": "Point",
        "coordinates": [
          1387.589,
          -23.425
        ]
      },
      "properties": {
        "kind": "pacenote",
        "stage": "Cwmbiga - Fedw Fain",
        "reference_track": "hafren_south",
        "note_index": 45,
        "distance_m": 3127.0,
        "distance_lookup_m": 2911.258,
        "link_to_next": false,
        "notes": [
          "Into",
          "Left5"
        ],
        "notes_text": "Into, Left5",
        "atoms": [
          {
            "kind": "connector",
            "source": "Into",
            "name": "into"
          },
          {
            "kind": "turn",
            "source": "Left5",
            "side": "left",
            "severity": 5
          }
        ],
        "flags": {
          "groups": {
            "keep": null,
            "cut": null,
            "opening": null,
            "go": null
          },
          "bools": {
            "caution": false,
            "brake": false,
            "finish": false,
            "narrows": false,
            "tightens": false,
            "tightens_late": false,
            "late": false,
            "sudden": false
          },
          "linked_to_next": false,
          "turn": {
            "sides": [
              "left"
            ],
            "severity_max": 5,
            "severity_min": 5
          }
        },
        "ref_segment_index": 700,
        "ref_segment_t": 0.636146,
        "grp_keep": "",
        "grp_cut": "",
        "grp_opening": "",
        "grp_go": "",
        "flg_caution": false,
        "flg_brake": false,
        "flg_finish": false,
        "flg_narrows": false,
        "flg_tightens": false,
        "flg_tightens_late": false,
        "flg_late": false,
        "flg_sudden": false,
        "flg_linked_to_next": false,
        "turn_sides": "left",
        "flg_turn_left": true,
        "flg_turn_right": false,
        "turn_severity_min": 5,
        "turn_severity_max": 5
      }
    },
    {
      "type": "Feature",
      "geometry": {
        "type": "Point",
        "coordinates": [
          1443.712,
          -70.749
        ]
      },
      "properties": {
        "kind": "pacenote",
        "stage": "Cwmbiga - Fedw Fain",
        "reference_track": "hafren_south",
        "note_index": 46,
        "distance_m": 3201.0,
        "distance_lookup_m": 2985.258,
        "link_to_next": false,
        "notes": [
          "And",
          "Right5"
        ],
        "notes_text": "And, Right5",
        "atoms": [
          {
            "kind": "connector",
            "source": "And",
            "name": "and"
          },
          {
            "kind": "turn",
            "source": "Right5",
            "side": "right",
            "severity": 5
          }
        ],
        "flags": {
          "groups": {
            "keep": null,
            "cut": null,
            "opening": null,
            "go": null
          },
          "bools": {
            "caution": false,
            "brake": false,
            "finish": false,
            "narrows": false,
            "tightens": false,
            "tightens_late": false,
            "late": false,
            "sudden": false
          },
          "linked_to_next": false,
          "turn": {
            "sides": [
              "right"
            ],
            "severity_max": 5,
            "severity_min": 5
          }
        },
        "ref_segment_index": 714,
        "ref_segment_t": 0.382457,
        "grp_keep": "",
        "grp_cut": "",
        "grp_opening": "",
        "grp_go": "",
        "flg_caution": false,
        "flg_brake": false,
        "flg_finish": false,
        "flg_narrows": false,
        "flg_tightens": false,
        "flg_tightens_late": false,
        "flg_late": false,
        "flg_sudden": false,
        "flg_linked_to_next": false,
        "turn_sides": "right",
        "flg_turn_left": false,
        "flg_turn_right": true,
        "turn_severity_min": 5,
        "turn_severity_max": 5
      }
    },
    {
      "type": "Feature",
      "geometry": {
        "type": "Point",
        "coordinates": [
          1491.499,
          -96.839
        ]
      },
      "properties": {
        "kind": "pacenote",
        "stage": "Cwmbiga - Fedw Fain",
        "reference_track": "hafren_south",
        "note_index": 47,
        "distance_m": 3256.0,
        "distance_lookup_m": 3040.258,
        "link_to_next": true,
        "notes": [
          "And",
          "Left5",
          "OverCrest"
        ],
        "notes_text": "And, Left5, OverCrest",
        "atoms": [
          {
            "kind": "connector",
            "source": "And",
            "name": "and"
          },
          {
            "kind": "turn",
            "source": "Left5",
            "side": "left",
            "severity": 5
          },
          {
            "kind": "feature",
            "source": "OverCrest",
            "name": "over_crest"
          }
        ],
        "flags": {
          "groups": {
            "keep": null,
            "cut": null,
            "opening": null,
            "go": null
          },
          "bools": {
            "caution": false,
            "brake": false,
            "finish": false,
            "narrows": false,
            "tightens": false,
            "tightens_late": false,
            "late": false,
            "sudden": false
          },
          "linked_to_next": true,
          "turn": {
            "sides": [
              "left"
            ],
            "severity_max": 5,
            "severity_min": 5
          }
        },
        "ref_segment_index": 725,
        "ref_segment_t": 0.156442,
        "grp_keep": "",
        "grp_cut": "",
        "grp_opening": "",
        "grp_go": "",
        "flg_caution": false,
        "flg_brake": false,
        "flg_finish": false,
        "flg_narrows": false,
        "flg_tightens": false,
        "flg_tightens_late": false,
        "flg_late": false,
        "flg_sudden": false,
        "flg_linked_to_next": true,
        "turn_sides": "left",
        "flg_turn_left": true,
        "flg_turn_right": false,
        "turn_severity_min": 5,
        "turn_severity_max": 5
      }
    },
    {
      "type": "Feature",
      "geometry": {
        "type": "Point",
        "coordinates": [
          1509.285,
          -160.798
        ]
      },
      "properties": {
        "kind": "pacenote",
        "stage": "Cwmbiga - Fedw Fain",
        "reference_track": "hafren_south",
        "note_index": 48,
        "distance_m": 3328.0,
        "distance_lookup_m": 3112.258,
        "link_to_next": false,
        "notes": [
          "Dist50"
        ],
        "notes_text": "Dist50",
        "atoms": [
          {
            "kind": "distance",
            "source": "Dist50",
            "meters": 50
          }
        ],
        "flags": {
          "groups": {
            "keep": null,
            "cut": null,
            "opening": null,
            "go": null
          },
          "bools": {
            "caution": false,
            "brake": false,
            "finish": false,
            "narrows": false,
            "tightens": false,
            "tightens_late": false,
            "late": false,
            "sudden": false
          },
          "linked_to_next": false,
          "distance_calls_m": [
            50
          ]
        },
        "ref_segment_index": 744,
        "ref_segment_t": 0.901753,
        "grp_keep": "",
        "grp_cut": "",
        "grp_opening": "",
        "grp_go": "",
        "flg_caution": false,
        "flg_brake": false,
        "flg_finish": false,
        "flg_narrows": false,
        "flg_tightens": false,
        "flg_tightens_late": false,
        "flg_late": false,
        "flg_sudden": false,
        "flg_linked_to_next": false,
        "turn_sides": "",
        "flg_turn_left": false,
        "flg_turn_right": false,
        "distance_calls_m": "50"
      }
    },
    {
      "type": "Feature",
      "geometry": {
        "type": "Point",
        "coordinates": [
          1508.043,
          -216.666
        ]
      },
      "properties": {
        "kind": "pacenote",
        "stage": "Cwmbiga - Fedw Fain",
        "reference_track": "hafren_south",
        "note_index": 49,
        "distance_m": 3384.0,
        "distance_lookup_m": 3168.258,
        "link_to_next": false,
        "notes": [
          "Left6",
          "VeryLong",
          "Tightens",
          "Pause0.25s",
          "KeepIn",
          "OverCrest"
        ],
        "notes_text": "Left6, VeryLong, Tightens, Pause0.25s, KeepIn, OverCrest",
        "atoms": [
          {
            "kind": "turn",
            "source": "Left6",
            "side": "left",
            "severity": 6
          },
          {
            "kind": "length",
            "source": "VeryLong",
            "name": "very_long"
          },
          {
            "kind": "modifier",
            "source": "Tightens",
            "name": "tightens"
          },
          {
            "kind": "pause",
            "source": "Pause0.25s",
            "seconds": 0.25,
            "reset": false
          },
          {
            "kind": "modifier",
            "source": "KeepIn",
            "name": "keep_in"
          },
          {
            "kind": "feature",
            "source": "OverCrest",
            "name": "over_crest"
          }
        ],
        "flags": {
          "groups": {
            "keep": "keep_in",
            "cut": null,
            "opening": null,
            "go": null
          },
          "bools": {
            "caution": false,
            "brake": false,
            "finish": false,
            "narrows": false,
            "tightens": true,
            "tightens_late": false,
            "late": false,
            "sudden": false
          },
          "linked_to_next": false,
          "turn": {
            "sides": [
              "left"
            ],
            "severity_max": 6,
            "severity_min": 6
          },
          "pause_seconds": [
            0.25
          ]
        },
        "ref_segment_index": 758,
        "ref_segment_t": 0.923095,
        "grp_keep": "keep_in",
        "grp_cut": "",
        "grp_opening": "",
        "grp_go": "",
        "flg_caution": false,
        "flg_brake": false,
        "flg_finish": false,
        "flg_narrows": false,
        "flg_tightens": true,
        "flg_tightens_late": false,
        "flg_late": false,
        "flg_sudden": false,
        "flg_linked_to_next": false,
        "turn_sides": "left",
        "flg_turn_left": true,
        "flg_turn_right": false,
        "turn_severity_min": 6,
        "turn_severity_max": 6,
        "pause_seconds": "0.25"
      }
    },
    {
      "type": "Feature",
      "geometry": {
        "type": "Point",
        "coordinates": [
          1463.874,
          -353.322
        ]
      },
      "properties": {
        "kind": "pacenote",
        "stage": "Cwmbiga - Fedw Fain",
        "reference_track": "hafren_south",
        "note_index": 50,
        "distance_m": 3534.0,
        "distance_lookup_m": 3318.258,
        "link_to_next": false,
        "notes": [
          "Into",
          "Left4",
          "Long"
        ],
        "notes_text": "Into, Left4, Long",
        "atoms": [
          {
            "kind": "connector",
            "source": "Into",
            "name": "into"
          },
          {
            "kind": "turn",
            "source": "Left4",
            "side": "left",
            "severity": 4
          },
          {
            "kind": "length",
            "source": "Long",
            "name": "long"
          }
        ],
        "flags": {
          "groups": {
            "keep": null,
            "cut": null,
            "opening": null,
            "go": null
          },
          "bools": {
            "caution": false,
            "brake": false,
            "finish": false,
            "narrows": false,
            "tightens": false,
            "tightens_late": false,
            "late": false,
            "sudden": false
          },
          "linked_to_next": false,
          "turn": {
            "sides": [
              "left"
            ],
            "severity_max": 4,
            "severity_min": 4
          }
        },
        "ref_segment_index": 789,
        "ref_segment_t": 0.770008,
        "grp_keep": "",
        "grp_cut": "",
        "grp_opening": "",
        "grp_go": "",
        "flg_caution": false,
        "flg_brake": false,
        "flg_finish": false,
        "flg_narrows": false,
        "flg_tightens": false,
        "flg_tightens_late": false,
        "flg_late": false,
        "flg_sudden": false,
        "flg_linked_to_next": false,
        "turn_sides": "left",
        "flg_turn_left": true,
        "flg_turn_right": false,
        "turn_severity_min": 4,
        "turn_severity_max": 4
      }
    },
    {
      "type": "Feature",
      "geometry": {
        "type": "Point",
        "coordinates": [
          1387.851,
          -382.204
        ]
      },
      "properties": {
        "kind": "pacenote",
        "stage": "Cwmbiga - Fedw Fain",
        "reference_track": "hafren_south",
        "note_index": 51,
        "distance_m": 3616.0,
        "distance_lookup_m": 3400.258,
        "link_to_next": true,
        "notes": [
          "Brake",
          "LeftAcuteHP"
        ],
        "notes_text": "Brake, LeftAcuteHP",
        "atoms": [
          {
            "kind": "hazard",
            "source": "Brake",
            "name": "brake"
          },
          {
            "kind": "turn",
            "source": "LeftAcuteHP",
            "side": "left",
            "style": "acutehp"
          }
        ],
        "flags": {
          "groups": {
            "keep": null,
            "cut": null,
            "opening": null,
            "go": null
          },
          "bools": {
            "caution": false,
            "brake": true,
            "finish": false,
            "narrows": false,
            "tightens": false,
            "tightens_late": false,
            "late": false,
            "sudden": false
          },
          "linked_to_next": true,
          "turn": {
            "sides": [
              "left"
            ]
          }
        },
        "ref_segment_index": 807,
        "ref_segment_t": 0.562327,
        "grp_keep": "",
        "grp_cut": "",
        "grp_opening": "",
        "grp_go": "",
        "flg_caution": false,
        "flg_brake": true,
        "flg_finish": false,
        "flg_narrows": false,
        "flg_tightens": false,
        "flg_tightens_late": false,
        "flg_late": false,
        "flg_sudden": false,
        "flg_linked_to_next": true,
        "turn_sides": "left",
        "flg_turn_left": true,
        "flg_turn_right": false
      }
    },
    {
      "type": "Feature",
      "geometry": {
        "type": "Point",
        "coordinates": [
          1334.393,
          -395.128
        ]
      },
      "properties": {
        "kind": "pacenote",
        "stage": "Cwmbiga - Fedw Fain",
        "reference_track": "hafren_south",
        "note_index": 52,
        "distance_m": 3671.0,
        "distance_lookup_m": 3455.258,
        "link_to_next": false,
        "notes": [
          "Dist60"
        ],
        "notes_text": "Dist60",
        "atoms": [
          {
            "kind": "distance",
            "source": "Dist60",
            "meters": 60
          }
        ],
        "flags": {
          "groups": {
            "keep": null,
            "cut": null,
            "opening": null,
            "go": null
          },
          "bools": {
            "caution": false,
            "brake": false,
            "finish": false,
            "narrows": false,
            "tightens": false,
            "tightens_late": false,
            "late": false,
            "sudden": false
          },
          "linked_to_next": false,
          "distance_calls_m": [
            60
          ]
        },
        "ref_segment_index": 818,
        "ref_segment_t": 0.776008,
        "grp_keep": "",
        "grp_cut": "",
        "grp_opening": "",
        "grp_go": "",
        "flg_caution": false,
        "flg_brake": false,
        "flg_finish": false,
        "flg_narrows": false,
        "flg_tightens": false,
        "flg_tightens_late": false,
        "flg_late": false,
        "flg_sudden": false,
        "flg_linked_to_next": false,
        "turn_sides": "",
        "flg_turn_left": false,
        "flg_turn_right": false,
        "distance_calls_m": "60"
      }
    },
    {
      "type": "Feature",
      "geometry": {
        "type": "Point",
        "coordinates": [
          1285.03,
          -435.3
        ]
      },
      "properties": {
        "kind": "pacenote",
        "stage": "Cwmbiga - Fedw Fain",
        "reference_track": "hafren_south",
        "note_index": 53,
        "distance_m": 3737.0,
        "distance_lookup_m": 3521.258,
        "link_to_next": true,
        "notes": [
          "LeftKink"
        ],
        "notes_text": "LeftKink",
        "atoms": [
          {
            "kind": "turn",
            "source": "LeftKink",
            "side": "left",
            "style": "kink"
          }
        ],
        "flags": {
          "groups": {
            "keep": null,
            "cut": null,
            "opening": null,
            "go": null
          },
          "bools": {
            "caution": false,
            "brake": false,
            "finish": false,
            "narrows": false,
            "tightens": false,
            "tightens_late": false,
            "late": false,
            "sudden": false
          },
          "linked_to_next": true,
          "turn": {
            "sides": [
              "left"
            ]
          }
        },
        "ref_segment_index": 835,
        "ref_segment_t": 0.890791,
        "grp_keep": "",
        "grp_cut": "",
        "grp_opening": "",
        "grp_go": "",
        "flg_caution": false,
        "flg_brake": false,
        "flg_finish": false,
        "flg_narrows": false,
        "flg_tightens": false,
        "flg_tightens_late": false,
        "flg_late": false,
        "flg_sudden": false,
        "flg_linked_to_next": true,
        "turn_sides": "left",
        "flg_turn_left": true,
        "flg_turn_right": false
      }
    },
    {
      "type": "Feature",
      "geometry": {
        "type": "Point",
        "coordinates": [
          1270.59,
          -463.778
        ]
      },
      "properties": {
        "kind": "pacenote",
        "stage": "Cwmbiga - Fedw Fain",
        "reference_track": "hafren_south",
        "note_index": 54,
        "distance_m": 3769.0,
        "distance_lookup_m": 3553.258,
        "link_to_next": true,
        "notes": [
          "Into",
          "Right4",
          "Tightens"
        ],
        "notes_text": "Into, Right4, Tightens",
        "atoms": [
          {
            "kind": "connector",
            "source": "Into",
            "name": "into"
          },
          {
            "kind": "turn",
            "source": "Right4",
            "side": "right",
            "severity": 4
          },
          {
            "kind": "modifier",
            "source": "Tightens",
            "name": "tightens"
          }
        ],
        "flags": {
          "groups": {
            "keep": null,
            "cut": null,
            "opening": null,
            "go": null
          },
          "bools": {
            "caution": false,
            "brake": false,
            "finish": false,
            "narrows": false,
            "tightens": true,
            "tightens_late": false,
            "late": false,
            "sudden": false
          },
          "linked_to_next": true,
          "turn": {
            "sides": [
              "right"
            ],
            "severity_max": 4,
            "severity_min": 4
          }
        },
        "ref_segment_index": 842,
        "ref_segment_t": 0.963048,
        "grp_keep": "",
        "grp_cut": "",
        "grp_opening": "",
        "grp_go": "",
        "flg_caution": false,
        "flg_brake": false,
        "flg_finish": false,
        "flg_narrows": false,
        "flg_tightens": true,
        "flg_tightens_late": false,
        "flg_late": false,
        "flg_sudden": false,
        "flg_linked_to_next": true,
        "turn_sides": "right",
        "flg_turn_left": false,
        "flg_turn_right": true,
        "turn_severity_min": 4,
        "turn_severity_max": 4
      }
    },
    {
      "type": "Feature",
      "geometry": {
        "type": "Point",
        "coordinates": [
          1270.282,
          -510.157
        ]
      },
      "properties": {
        "kind": "pacenote",
        "stage": "Cwmbiga - Fedw Fain",
        "reference_track": "hafren_south",
        "note_index": 55,
        "distance_m": 3817.0,
        "distance_lookup_m": 3601.258,
        "link_to_next": false,
        "notes": [
          "Dist50"
        ],
        "notes_text": "Dist50",
        "atoms": [
          {
            "kind": "distance",
            "source": "Dist50",
            "meters": 50
          }
        ],
        "flags": {
          "groups": {
            "keep": null,
            "cut": null,
            "opening": null,
            "go": null
          },
          "bools": {
            "caution": false,
            "brake": false,
            "finish": false,
            "narrows": false,
            "tightens": false,
            "tightens_late": false,
            "late": false,
            "sudden": false
          },
          "linked_to_next": false,
          "distance_calls_m": [
            50
          ]
        },
        "ref_segment_index": 855,
        "ref_segment_t": 0.656053,
        "grp_keep": "",
        "grp_cut": "",
        "grp_opening": "",
        "grp_go": "",
        "flg_caution": false,
        "flg_brake": false,
        "flg_finish": false,
        "flg_narrows": false,
        "flg_tightens": false,
        "flg_tightens_late": false,
        "flg_late": false,
        "flg_sudden": false,
        "flg_linked_to_next": false,
        "turn_sides": "",
        "flg_turn_left": false,
        "flg_turn_right": false,
        "distance_calls_m": "50"
      }
    },
    {
      "type": "Feature",
      "geometry": {
        "type": "Point",
        "coordinates": [
          1284.874,
          -563.049
        ]
      },
      "properties": {
        "kind": "pacenote",
        "stage": "Cwmbiga - Fedw Fain",
        "reference_track": "hafren_south",
        "note_index": 56,
        "distance_m": 3872.0,
        "distance_lookup_m": 3656.258,
        "link_to_next": true,
        "notes": [
          "GoStraight"
        ],
        "notes_text": "GoStraight",
        "atoms": [
          {
            "kind": "control",
            "source": "GoStraight",
            "name": "go_straight"
          }
        ],
        "flags": {
          "groups": {
            "keep": null,
            "cut": null,
            "opening": null,
            "go": "go_straight"
          },
          "bools": {
            "caution": false,
            "brake": false,
            "finish": false,
            "narrows": false,
            "tightens": false,
            "tightens_late": false,
            "late": false,
            "sudden": false
          },
          "linked_to_next": true
        },
        "ref_segment_index": 868,
        "ref_segment_t": 0.78984,
        "grp_keep": "",
        "grp_cut": "",
        "grp_opening": "",
        "grp_go": "go_straight",
        "flg_caution": false,
        "flg_brake": false,
        "flg_finish": false,
        "flg_narrows": false,
        "flg_tightens": false,
        "flg_tightens_late": false,
        "flg_late": false,
        "flg_sudden": false,
        "flg_linked_to_next": true,
        "turn_sides": "",
        "flg_turn_left": false,
        "flg_turn_right": false
      }
    },
    {
      "type": "Feature",
      "geometry": {
        "type": "Point",
        "coordinates": [
          1288.106,
          -596.774
        ]
      },
      "properties": {
        "kind": "pacenote",
        "stage": "Cwmbiga - Fedw Fain",
        "reference_track": "hafren_south",
        "note_index": 57,
        "distance_m": 3906.0,
        "distance_lookup_m": 3690.258,
        "link_to_next": false,
        "notes": [
          "Dist100"
        ],
        "notes_text": "Dist100",
        "atoms": [
          {
            "kind": "distance",
            "source": "Dist100",
            "meters": 100
          }
        ],
        "flags": {
          "groups": {
            "keep": null,
            "cut": null,
            "opening": null,
            "go": null
          },
          "bools": {
            "caution": false,
            "brake": false,
            "finish": false,
            "narrows": false,
            "tightens": false,
            "tightens_late": false,
            "late": false,
            "sudden": false
          },
          "linked_to_next": false,
          "distance_calls_m": [
            100
          ]
        },
        "ref_segment_index": 876,
        "ref_segment_t": 0.052522,
        "grp_keep": "",
        "grp_cut": "",
        "grp_opening": "",
        "grp_go": "",
        "flg_caution": false,
        "flg_brake": false,
        "flg_finish": false,
        "flg_narrows": false,
        "flg_tightens": false,
        "flg_tightens_late": false,
        "flg_late": false,
        "flg_sudden": false,
        "flg_linked_to_next": false,
        "turn_sides": "",
        "flg_turn_left": false,
        "flg_turn_right": false,
        "distance_calls_m": "100"
      }
    },
    {
      "type": "Feature",
      "geometry": {
        "type": "Point",
        "coordinates": [
          1287.365,
          -709.418
        ]
      },
      "properties": {
        "kind": "pacenote",
        "stage": "Cwmbiga - Fedw Fain",
        "reference_track": "hafren_south",
        "note_index": 58,
        "distance_m": 4019.0,
        "distance_lookup_m": 3803.258,
        "link_to_next": false,
        "notes": [
          "KeepLeft"
        ],
        "notes_text": "KeepLeft",
        "atoms": [
          {
            "kind": "modifier",
            "source": "KeepLeft",
            "name": "keep_left"
          }
        ],
        "flags": {
          "groups": {
            "keep": "keep_left",
            "cut": null,
            "opening": null,
            "go": null
          },
          "bools": {
            "caution": false,
            "brake": false,
            "finish": false,
            "narrows": false,
            "tightens": false,
            "tightens_late": false,
            "late": false,
            "sudden": false
          },
          "linked_to_next": false
        },
        "ref_segment_index": 896,
        "ref_segment_t": 0.587781,
        "grp_keep": "keep_left",
        "grp_cut": "",
        "grp_opening": "",
        "grp_go": "",
        "flg_caution": false,
        "flg_brake": false,
        "flg_finish": false,
        "flg_narrows": false,
        "flg_tightens": false,
        "flg_tightens_late": false,
        "flg_late": false,
        "flg_sudden": false,
        "flg_linked_to_next": false,
        "turn_sides": "",
        "flg_turn_left": false,
        "flg_turn_right": false
      }
    },
    {
      "type": "Feature",
      "geometry": {
        "type": "Point",
        "coordinates": [
          1289.599,
          -762.08
        ]
      },
      "properties": {
        "kind": "pacenote",
        "stage": "Cwmbiga - Fedw Fain",
        "reference_track": "hafren_south",
        "note_index": 59,
        "distance_m": 4072.0,
        "distance_lookup_m": 3856.258,
        "link_to_next": false,
        "notes": [
          "Into",
          "Right4",
          "Short",
          "OverCrest"
        ],
        "notes_text": "Into, Right4, Short, OverCrest",
        "atoms": [
          {
            "kind": "connector",
            "source": "Into",
            "name": "into"
          },
          {
            "kind": "turn",
            "source": "Right4",
            "side": "right",
            "severity": 4
          },
          {
            "kind": "length",
            "source": "Short",
            "name": "short"
          },
          {
            "kind": "feature",
            "source": "OverCrest",
            "name": "over_crest"
          }
        ],
        "flags": {
          "groups": {
            "keep": null,
            "cut": null,
            "opening": null,
            "go": null
          },
          "bools": {
            "caution": false,
            "brake": false,
            "finish": false,
            "narrows": false,
            "tightens": false,
            "tightens_late": false,
            "late": false,
            "sudden": false
          },
          "linked_to_next": false,
          "turn": {
            "sides": [
              "right"
            ],
            "severity_max": 4,
            "severity_min": 4
          }
        },
        "ref_segment_index": 908,
        "ref_segment_t": 0.565038,
        "grp_keep": "",
        "grp_cut": "",
        "grp_opening": "",
        "grp_go": "",
        "flg_caution": false,
        "flg_brake": false,
        "flg_finish": false,
        "flg_narrows": false,
        "flg_tightens": false,
        "flg_tightens_late": false,
        "flg_late": false,
        "flg_sudden": false,
        "flg_linked_to_next": false,
        "turn_sides": "right",
        "flg_turn_left": false,
        "flg_turn_right": true,
        "turn_severity_min": 4,
        "turn_severity_max": 4
      }
    },
    {
      "type": "Feature",
      "geometry": {
        "type": "Point",
        "coordinates": [
          1302.931,
          -790.507
        ]
      },
      "properties": {
        "kind": "pacenote",
        "stage": "Cwmbiga - Fedw Fain",
        "reference_track": "hafren_south",
        "note_index": 60,
        "distance_m": 4104.0,
        "distance_lookup_m": 3888.258,
        "link_to_next": false,
        "notes": [
          "Dist100"
        ],
        "notes_text": "Dist100",
        "atoms": [
          {
            "kind": "distance",
            "source": "Dist100",
            "meters": 100
          }
        ],
        "flags": {
          "groups": {
            "keep": null,
            "cut": null,
            "opening": null,
            "go": null
          },
          "bools": {
            "caution": false,
            "brake": false,
            "finish": false,
            "narrows": false,
            "tightens": false,
            "tightens_late": false,
            "late": false,
            "sudden": false
          },
          "linked_to_next": false,
          "distance_calls_m": [
            100
          ]
        },
        "ref_segment_index": 916,
        "ref_segment_t": 0.820113,
        "grp_keep": "",
        "grp_cut": "",
        "grp_opening": "",
        "grp_go": "",
        "flg_caution": false,
        "flg_brake": false,
        "flg_finish": false,
        "flg_narrows": false,
        "flg_tightens": false,
        "flg_tightens_late": false,
        "flg_late": false,
        "flg_sudden": false,
        "flg_linked_to_next": false,
        "turn_sides": "",
        "flg_turn_left": false,
        "flg_turn_right": false,
        "distance_calls_m": "100"
      }
    },
    {
      "type": "Feature",
      "geometry": {
        "type": "Point",
        "coordinates": [
          1377.376,
          -874.062
        ]
      },
      "properties": {
        "kind": "pacenote",
        "stage": "Cwmbiga - Fedw Fain",
        "reference_track": "hafren_south",
        "note_index": 61,
        "distance_m": 4218.0,
        "distance_lookup_m": 4002.258,
        "link_to_next": false,
        "notes": [
          "Right4",
          "Tightens",
          "DontCut"
        ],
        "notes_text": "Right4, Tightens, DontCut",
        "atoms": [
          {
            "kind": "turn",
            "source": "Right4",
            "side": "right",
            "severity": 4
          },
          {
            "kind": "modifier",
            "source": "Tightens",
            "name": "tightens"
          },
          {
            "kind": "modifier",
            "source": "DontCut",
            "name": "dont_cut"
          }
        ],
        "flags": {
          "groups": {
            "keep": null,
            "cut": "dont_cut",
            "opening": null,
            "go": null
          },
          "bools": {
            "caution": false,
            "brake": false,
            "finish": false,
            "narrows": false,
            "tightens": true,
            "tightens_late": false,
            "late": false,
            "sudden": false
          },
          "linked_to_next": false,
          "turn": {
            "sides": [
              "right"
            ],
            "severity_max": 4,
            "severity_min": 4
          }
        },
        "ref_segment_index": 947,
        "ref_segment_t": 0.995608,
        "grp_keep": "",
        "grp_cut": "dont_cut",
        "grp_opening": "",
        "grp_go": "",
        "flg_caution": false,
        "flg_brake": false,
        "flg_finish": false,
        "flg_narrows": false,
        "flg_tightens": true,
        "flg_tightens_late": false,
        "flg_late": false,
        "flg_sudden": false,
        "flg_linked_to_next": false,
        "turn_sides": "right",
        "flg_turn_left": false,
        "flg_turn_right": true,
        "turn_severity_min": 4,
        "turn_severity_max": 4
      }
    },
    {
      "type": "Feature",
      "geometry": {
        "type": "Point",
        "coordinates": [
          1419.919,
          -926.548
        ]
      },
      "properties": {
        "kind": "pacenote",
        "stage": "Cwmbiga - Fedw Fain",
        "reference_track": "hafren_south",
        "note_index": 62,
        "distance_m": 4289.0,
        "distance_lookup_m": 4073.258,
        "link_to_next": true,
        "notes": [
          "GoRight"
        ],
        "notes_text": "GoRight",
        "atoms": [
          {
            "kind": "control",
            "source": "GoRight",
            "name": "go_right"
          }
        ],
        "flags": {
          "groups": {
            "keep": null,
            "cut": null,
            "opening": null,
            "go": "go_right"
          },
          "bools": {
            "caution": false,
            "brake": false,
            "finish": false,
            "narrows": false,
            "tightens": false,
            "tightens_late": false,
            "late": false,
            "sudden": false
          },
          "linked_to_next": true
        },
        "ref_segment_index": 967,
        "ref_segment_t": 0.732221,
        "grp_keep": "",
        "grp_cut": "",
        "grp_opening": "",
        "grp_go": "go_right",
        "flg_caution": false,
        "flg_brake": false,
        "flg_finish": false,
        "flg_narrows": false,
        "flg_tightens": false,
        "flg_tightens_late": false,
        "flg_late": false,
        "flg_sudden": false,
        "flg_linked_to_next": true,
        "turn_sides": "",
        "flg_turn_left": false,
        "flg_turn_right": false
      }
    },
    {
      "type": "Feature",
      "geometry": {
        "type": "Point",
        "coordinates": [
          1421.456,
          -958.053
        ]
      },
      "properties": {
        "kind": "pacenote",
        "stage": "Cwmbiga - Fedw Fain",
        "reference_track": "hafren_south",
        "note_index": 63,
        "distance_m": 4321.0,
        "distance_lookup_m": 4105.258,
        "link_to_next": false,
        "notes": [
          "Dist40"
        ],
        "notes_text": "Dist40",
        "atoms": [
          {
            "kind": "distance",
            "source": "Dist40",
            "meters": 40
          }
        ],
        "flags": {
          "groups": {
            "keep": null,
            "cut": null,
            "opening": null,
            "go": null
          },
          "bools": {
            "caution": false,
            "brake": false,
            "finish": false,
            "narrows": false,
            "tightens": false,
            "tightens_late": false,
            "late": false,
            "sudden": false
          },
          "linked_to_next": false,
          "distance_calls_m": [
            40
          ]
        },
        "ref_segment_index": 976,
        "ref_segment_t": 0.034205,
        "grp_keep": "",
        "grp_cut": "",
        "grp_opening": "",
        "grp_go": "",
        "flg_caution": false,
        "flg_brake": false,
        "flg_finish": false,
        "flg_narrows": false,
        "flg_tightens": false,
        "flg_tightens_late": false,
        "flg_late": false,
        "flg_sudden": false,
        "flg_linked_to_next": false,
        "turn_sides": "",
        "flg_turn_left": false,
        "flg_turn_right": false,
        "distance_calls_m": "40"
      }
    },
    {
      "type": "Feature",
      "geometry": {
        "type": "Point",
        "coordinates": [
          1410.363,
          -1000.6
        ]
      },
      "properties": {
        "kind": "pacenote",
        "stage": "Cwmbiga - Fedw Fain",
        "reference_track": "hafren_south",
        "note_index": 64,
        "distance_m": 4365.0,
        "distance_lookup_m": 4149.258,
        "link_to_next": true,
        "notes": [
          "Right4",
          "DontCut",
          "Late"
        ],
        "notes_text": "Right4, DontCut, Late",
        "atoms": [
          {
            "kind": "turn",
            "source": "Right4",
            "side": "right",
            "severity": 4
          },
          {
            "kind": "modifier",
            "source": "DontCut",
            "name": "dont_cut"
          },
          {
            "kind": "modifier",
            "source": "Late",
            "name": "late"
          }
        ],
        "flags": {
          "groups": {
            "keep": null,
            "cut": "dont_cut",
            "opening": null,
            "go": null
          },
          "bools": {
            "caution": false,
            "brake": false,
            "finish": false,
            "narrows": false,
            "tightens": false,
            "tightens_late": false,
            "late": true,
            "sudden": false
          },
          "linked_to_next": true,
          "turn": {
            "sides": [
              "right"
            ],
            "severity_max": 4,
            "severity_min": 4
          }
        },
        "ref_segment_index": 986,
        "ref_segment_t": 0.530348,
        "grp_keep": "",
        "grp_cut": "dont_cut",
        "grp_opening": "",
        "grp_go": "",
        "flg_caution": false,
        "flg_brake": false,
        "flg_finish": false,
        "flg_narrows": false,
        "flg_tightens": false,
        "flg_tightens_late": false,
        "flg_late": true,
        "flg_sudden": false,
        "flg_linked_to_next": true,
        "turn_sides": "right",
        "flg_turn_left": false,
        "flg_turn_right": true,
        "turn_severity_min": 4,
        "turn_severity_max": 4
      }
    },
    {
      "type": "Feature",
      "geometry": {
        "type": "Point",
        "coordinates": [
          1406.196,
          -1059.635
        ]
      },
      "properties": {
        "kind": "pacenote",
        "stage": "Cwmbiga - Fedw Fain",
        "reference_track": "hafren_south",
        "note_index": 65,
        "distance_m": 4426.0,
        "distance_lookup_m": 4210.258,
        "link_to_next": false,
        "notes": [
          "Dist50"
        ],
        "notes_text": "Dist50",
        "atoms": [
          {
            "kind": "distance",
            "source": "Dist50",
            "meters": 50
          }
        ],
        "flags": {
          "groups": {
            "keep": null,
            "cut": null,
            "opening": null,
            "go": null
          },
          "bools": {
            "caution": false,
            "brake": false,
            "finish": false,
            "narrows": false,
            "tightens": false,
            "tightens_late": false,
            "late": false,
            "sudden": false
          },
          "linked_to_next": false,
          "distance_calls_m": [
            50
          ]
        },
        "ref_segment_index": 1002,
        "ref_segment_t": 0.297175,
        "grp_keep": "",
        "grp_cut": "",
        "grp_opening": "",
        "grp_go": "",
        "flg_caution": false,
        "flg_brake": false,
        "flg_finish": false,
        "flg_narrows": false,
        "flg_tightens": false,
        "flg_tightens_late": false,
        "flg_late": false,
        "flg_sudden": false,
        "flg_linked_to_next": false,
        "turn_sides": "",
        "flg_turn_left": false,
        "flg_turn_right": false,
        "distance_calls_m": "50"
      }
    },
    {
      "type": "Feature",
      "geometry": {
        "type": "Point",
        "coordinates": [
          1413.165,
          -1109.693
        ]
      },
      "properties": {
        "kind": "pacenote",
        "stage": "Cwmbiga - Fedw Fain",
        "reference_track": "hafren_south",
        "note_index": 66,
        "distance_m": 4478.0,
        "distance_lookup_m": 4262.258,
        "link_to_next": true,
        "notes": [
          "LeftKink"
        ],
        "notes_text": "LeftKink",
        "atoms": [
          {
            "kind": "turn",
            "source": "LeftKink",
            "side": "left",
            "style": "kink"
          }
        ],
        "flags": {
          "groups": {
            "keep": null,
            "cut": null,
            "opening": null,
            "go": null
          },
          "bools": {
            "caution": false,
            "brake": false,
            "finish": false,
            "narrows": false,
            "tightens": false,
            "tightens_late": false,
            "late": false,
            "sudden": false
          },
          "linked_to_next": true,
          "turn": {
            "sides": [
              "left"
            ]
          }
        },
        "ref_segment_index": 1016,
        "ref_segment_t": 0.386421,
        "grp_keep": "",
        "grp_cut": "",
        "grp_opening": "",
        "grp_go": "",
        "flg_caution": false,
        "flg_brake": false,
        "flg_finish": false,
        "flg_narrows": false,
        "flg_tightens": false,
        "flg_tightens_late": false,
        "flg_late": false,
        "flg_sudden": false,
        "flg_linked_to_next": true,
        "turn_sides": "left",
        "flg_turn_left": true,
        "flg_turn_right": false
      }
    },
    {
      "type": "Feature",
      "geometry": {
        "type": "Point",
        "coordinates": [
          1401.663,
          -1130.172
        ]
      },
      "properties": {
        "kind": "pacenote",
        "stage": "Cwmbiga - Fedw Fain",
        "reference_track": "hafren_south",
        "note_index": 67,
        "distance_m": 4502.0,
        "distance_lookup_m": 4286.258,
        "link_to_next": true,
        "notes": [
          "Into",
          "Left2"
        ],
        "notes_text": "Into, Left2",
        "atoms": [
          {
            "kind": "connector",
            "source": "Into",
            "name": "into"
          },
          {
            "kind": "turn",
            "source": "Left2",
            "side": "left",
            "severity": 2
          }
        ],
        "flags": {
          "groups": {
            "keep": null,
            "cut": null,
            "opening": null,
            "go": null
          },
          "bools": {
            "caution": false,
            "brake": false,
            "finish": false,
            "narrows": false,
            "tightens": false,
            "tightens_late": false,
            "late": false,
            "sudden": false
          },
          "linked_to_next": true,
          "turn": {
            "sides": [
              "left"
            ],
            "severity_max": 2,
            "severity_min": 2
          }
        },
        "ref_segment_index": 1023,
        "ref_segment_t": 0.183742,
        "grp_keep": "",
        "grp_cut": "",
        "grp_opening": "",
        "grp_go": "",
        "flg_caution": false,
        "flg_brake": false,
        "flg_finish": false,
        "flg_narrows": false,
        "flg_tightens": false,
        "flg_tightens_late": false,
        "flg_late": false,
        "flg_sudden": false,
        "flg_linked_to_next": true,
        "turn_sides": "left",
        "flg_turn_left": true,
        "flg_turn_right": false,
        "turn_severity_min": 2,
        "turn_severity_max": 2
      }
    },
    {
      "type": "Feature",
      "geometry": {
        "type": "Point",
        "coordinates": [
          1370.67,
          -1169.083
        ]
      },
      "properties": {
        "kind": "pacenote",
        "stage": "Cwmbiga - Fedw Fain",
        "reference_track": "hafren_south",
        "note_index": 68,
        "distance_m": 4552.0,
        "distance_lookup_m": 4336.258,
        "link_to_next": true,
        "notes": [
          "Into",
          "Right1",
          "VeryLong",
          "Opens"
        ],
        "notes_text": "Into, Right1, VeryLong, Opens",
        "atoms": [
          {
            "kind": "connector",
            "source": "Into",
            "name": "into"
          },
          {
            "kind": "turn",
            "source": "Right1",
            "side": "right",
            "severity": 1
          },
          {
            "kind": "length",
            "source": "VeryLong",
            "name": "very_long"
          },
          {
            "kind": "opening",
            "source": "Opens",
            "name": "opens"
          }
        ],
        "flags": {
          "groups": {
            "keep": null,
            "cut": null,
            "opening": "opens",
            "go": null
          },
          "bools": {
            "caution": false,
            "brake": false,
            "finish": false,
            "narrows": false,
            "tightens": false,
            "tightens_late": false,
            "late": false,
            "sudden": false
          },
          "linked_to_next": true,
          "turn": {
            "sides": [
              "right"
            ],
            "severity_max": 1,
            "severity_min": 1
          }
        },
        "ref_segment_index": 1036,
        "ref_segment_t": 0.266433,
        "grp_keep": "",
        "grp_cut": "",
        "grp_opening": "opens",
        "grp_go": "",
        "flg_caution": false,
        "flg_brake": false,
        "flg_finish": false,
        "flg_narrows": false,
        "flg_tightens": false,
        "flg_tightens_late": false,
        "flg_late": false,
        "flg_sudden": false,
        "flg_linked_to_next": true,
        "turn_sides": "right",
        "flg_turn_left": false,
        "flg_turn_right": true,
        "turn_severity_min": 1,
        "turn_severity_max": 1
      }
    },
    {
      "type": "Feature",
      "geometry": {
        "type": "Point",
        "coordinates": [
          1335.929,
          -1262.106
        ]
      },
      "properties": {
        "kind": "pacenote",
        "stage": "Cwmbiga - Fedw Fain",
        "reference_track": "hafren_south",
        "note_index": 69,
        "distance_m": 4653.0,
        "distance_lookup_m": 4437.258,
        "link_to_next": false,
        "notes": [
          "Dist40"
        ],
        "notes_text": "Dist40",
        "atoms": [
          {
            "kind": "distance",
            "source": "Dist40",
            "meters": 40
          }
        ],
        "flags": {
          "groups": {
            "keep": null,
            "cut": null,
            "opening": null,
            "go": null
          },
          "bools": {
            "caution": false,
            "brake": false,
            "finish": false,
            "narrows": false,
            "tightens": false,
            "tightens_late": false,
            "late": false,
            "sudden": false
          },
          "linked_to_next": false,
          "distance_calls_m": [
            40
          ]
        },
        "ref_segment_index": 1059,
        "ref_segment_t": 0.205916,
        "grp_keep": "",
        "grp_cut": "",
        "grp_opening": "",
        "grp_go": "",
        "flg_caution": false,
        "flg_brake": false,
        "flg_finish": false,
        "flg_narrows": false,
        "flg_tightens": false,
        "flg_tightens_late": false,
        "flg_late": false,
        "flg_sudden": false,
        "flg_linked_to_next": false,
        "turn_sides": "",
        "flg_turn_left": false,
        "flg_turn_right": false,
        "distance_calls_m": "40"
      }
    },
    {
      "type": "Feature",
      "geometry": {
        "type": "Point",
        "coordinates": [
          1300.127,
          -1267.157
        ]
      },
      "properties": {
        "kind": "pacenote",
        "stage": "Cwmbiga - Fedw Fain",
        "reference_track": "hafren_south",
        "note_index": 70,
        "distance_m": 4697.0,
        "distance_lookup_m": 4481.258,
        "link_to_next": true,
        "notes": [
          "Left2",
          "TightensLate",
          "OverCrest",
          "DontCut"
        ],
        "notes_text": "Left2, TightensLate, OverCrest, DontCut",
        "atoms": [
          {
            "kind": "turn",
            "source": "Left2",
            "side": "left",
            "severity": 2
          },
          {
            "kind": "modifier",
            "source": "TightensLate",
            "name": "tightens_late"
          },
          {
            "kind": "feature",
            "source": "OverCrest",
            "name": "over_crest"
          },
          {
            "kind": "modifier",
            "source": "DontCut",
            "name": "dont_cut"
          }
        ],
        "flags": {
          "groups": {
            "keep": null,
            "cut": "dont_cut",
            "opening": null,
            "go": null
          },
          "bools": {
            "caution": false,
            "brake": false,
            "finish": false,
            "narrows": false,
            "tightens": false,
            "tightens_late": true,
            "late": false,
            "sudden": false
          },
          "linked_to_next": true,
          "turn": {
            "sides": [
              "left"
            ],
            "severity_max": 2,
            "severity_min": 2
          }
        },
        "ref_segment_index": 1091,
        "ref_segment_t": 0.703684,
        "grp_keep": "",
        "grp_cut": "dont_cut",
        "grp_opening": "",
        "grp_go": "",
        "flg_caution": false,
        "flg_brake": false,
        "flg_finish": false,
        "flg_narrows": false,
        "flg_tightens": false,
        "flg_tightens_late": true,
        "flg_late": false,
        "flg_sudden": false,
        "flg_linked_to_next": true,
        "turn_sides": "left",
        "flg_turn_left": true,
        "flg_turn_right": false,
        "turn_severity_min": 2,
        "turn_severity_max": 2
      }
    },
    {
      "type": "Feature",
      "geometry": {
        "type": "Point",
        "coordinates": [
          1240.003,
          -1253.755
        ]
      },
      "properties": {
        "kind": "pacenote",
        "stage": "Cwmbiga - Fedw Fain",
        "reference_track": "hafren_south",
        "note_index": 71,
        "distance_m": 4759.0,
        "distance_lookup_m": 4543.258,
        "link_to_next": false,
        "notes": [
          "Dist50"
        ],
        "notes_text": "Dist50",
        "atoms": [
          {
            "kind": "distance",
            "source": "Dist50",
            "meters": 50
          }
        ],
        "flags": {
          "groups": {
            "keep": null,
            "cut": null,
            "opening": null,
            "go": null
          },
          "bools": {
            "caution": false,
            "brake": false,
            "finish": false,
            "narrows": false,
            "tightens": false,
            "tightens_late": false,
            "late": false,
            "sudden": false
          },
          "linked_to_next": false,
          "distance_calls_m": [
            50
          ]
        },
        "ref_segment_index": 1111,
        "ref_segment_t": 0.418876,
        "grp_keep": "",
        "grp_cut": "",
        "grp_opening": "",
        "grp_go": "",
        "flg_caution": false,
        "flg_brake": false,
        "flg_finish": false,
        "flg_narrows": false,
        "flg_tightens": false,
        "flg_tightens_late": false,
        "flg_late": false,
        "flg_sudden": false,
        "flg_linked_to_next": false,
        "turn_sides": "",
        "flg_turn_left": false,
        "flg_turn_right": false,
        "distance_calls_m": "50"
      }
    },
    {
      "type": "Feature",
      "geometry": {
        "type": "Point",
        "coordinates": [
          1188.864,
          -1242.061
        ]
      },
      "properties": {
        "kind": "pacenote",
        "stage": "Cwmbiga - Fedw Fain",
        "reference_track": "hafren_south",
        "note_index": 72,
        "distance_m": 4812.0,
        "distance_lookup_m": 4596.258,
        "link_to_next": true,
        "notes": [
          "Left6"
        ],
        "notes_text": "Left6",
        "atoms": [
          {
            "kind": "turn",
            "source": "Left6",
            "side": "left",
            "severity": 6
          }
        ],
        "flags": {
          "groups": {
            "keep": null,
            "cut": null,
            "opening": null,
            "go": null
          },
          "bools": {
            "caution": false,
            "brake": false,
            "finish": false,
            "narrows": false,
            "tightens": false,
            "tightens_late": false,
            "late": false,
            "sudden": false
          },
          "linked_to_next": true,
          "turn": {
            "sides": [
              "left"
            ],
            "severity_max": 6,
            "severity_min": 6
          }
        },
        "ref_segment_index": 1123,
        "ref_segment_t": 0.488738,
        "grp_keep": "",
        "grp_cut": "",
        "grp_opening": "",
        "grp_go": "",
        "flg_caution": false,
        "flg_brake": false,
        "flg_finish": false,
        "flg_narrows": false,
        "flg_tightens": false,
        "flg_tightens_late": false,
        "flg_late": false,
        "flg_sudden": false,
        "flg_linked_to_next": true,
        "turn_sides": "left",
        "flg_turn_left": true,
        "flg_turn_right": false,
        "turn_severity_min": 6,
        "turn_severity_max": 6
      }
    },
    {
      "type": "Feature",
      "geometry": {
        "type": "Point",
        "coordinates": [
          1148.213,
          -1225.933
        ]
      },
      "properties": {
        "kind": "pacenote",
        "stage": "Cwmbiga - Fedw Fain",
        "reference_track": "hafren_south",
        "note_index": 73,
        "distance_m": 4856.0,
        "distance_lookup_m": 4640.258,
        "link_to_next": false,
        "notes": [
          "Dist90"
        ],
        "notes_text": "Dist90",
        "atoms": [
          {
            "kind": "distance",
            "source": "Dist90",
            "meters": 90
          }
        ],
        "flags": {
          "groups": {
            "keep": null,
            "cut": null,
            "opening": null,
            "go": null
          },
          "bools": {
            "caution": false,
            "brake": false,
            "finish": false,
            "narrows": false,
            "tightens": false,
            "tightens_late": false,
            "late": false,
            "sudden": false
          },
          "linked_to_next": false,
          "distance_calls_m": [
            90
          ]
        },
        "ref_segment_index": 1133,
        "ref_segment_t": 0.642429,
        "grp_keep": "",
        "grp_cut": "",
        "grp_opening": "",
        "grp_go": "",
        "flg_caution": false,
        "flg_brake": false,
        "flg_finish": false,
        "flg_narrows": false,
        "flg_tightens": false,
        "flg_tightens_late": false,
        "flg_late": false,
        "flg_sudden": false,
        "flg_linked_to_next": false,
        "turn_sides": "",
        "flg_turn_left": false,
        "flg_turn_right": false,
        "distance_calls_m": "90"
      }
    },
    {
      "type": "Feature",
      "geometry": {
        "type": "Point",
        "coordinates": [
          1060.212,
          -1241.188
        ]
      },
      "properties": {
        "kind": "pacenote",
        "stage": "Cwmbiga - Fedw Fain",
        "reference_track": "hafren_south",
        "note_index": 74,
        "distance_m": 4947.0,
        "distance_lookup_m": 4731.258,
        "link_to_next": true,
        "notes": [
          "LeftKink"
        ],
        "notes_text": "LeftKink",
        "atoms": [
          {
            "kind": "turn",
            "source": "LeftKink",
            "side": "left",
            "style": "kink"
          }
        ],
        "flags": {
          "groups": {
            "keep": null,
            "cut": null,
            "opening": null,
            "go": null
          },
          "bools": {
            "caution": false,
            "brake": false,
            "finish": false,
            "narrows": false,
            "tightens": false,
            "tightens_late": false,
            "late": false,
            "sudden": false
          },
          "linked_to_next": true,
          "turn": {
            "sides": [
              "left"
            ]
          }
        },
        "ref_segment_index": 1156,
        "ref_segment_t": 0.498724,
        "grp_keep": "",
        "grp_cut": "",
        "grp_opening": "",
        "grp_go": "",
        "flg_caution": false,
        "flg_brake": false,
        "flg_finish": false,
        "flg_narrows": false,
        "flg_tightens": false,
        "flg_tightens_late": false,
        "flg_late": false,
        "flg_sudden": false,
        "flg_linked_to_next": true,
        "turn_sides": "left",
        "flg_turn_left": true,
        "flg_turn_right": false
      }
    },
    {
      "type": "Feature",
      "geometry": {
        "type": "Point",
        "coordinates": [
          1030.816,
          -1245.196
        ]
      },
      "properties": {
        "kind": "pacenote",
        "stage": "Cwmbiga - Fedw Fain",
        "reference_track": "hafren_south",
        "note_index": 75,
        "distance_m": 4977.0,
        "distance_lookup_m": 4761.258,
        "link_to_next": false,
        "notes": [
          "Dist100",
          "OverCrest"
        ],
        "notes_text": "Dist100, OverCrest",
        "atoms": [
          {
            "kind": "distance",
            "source": "Dist100",
            "meters": 100
          },
          {
            "kind": "feature",
            "source": "OverCrest",
            "name": "over_crest"
          }
        ],
        "flags": {
          "groups": {
            "keep": null,
            "cut": null,
            "opening": null,
            "go": null
          },
          "bools": {
            "caution": false,
            "brake": false,
            "finish": false,
            "narrows": false,
            "tightens": false,
            "tightens_late": false,
            "late": false,
            "sudden": false
          },
          "linked_to_next": false,
          "distance_calls_m": [
            100
          ]
        },
        "ref_segment_index": 1163,
        "ref_segment_t": 0.427393,
        "grp_keep": "",
        "grp_cut": "",
        "grp_opening": "",
        "grp_go": "",
        "flg_caution": false,
        "flg_brake": false,
        "flg_finish": false,
        "flg_narrows": false,
        "flg_tightens": false,
        "flg_tightens_late": false,
        "flg_late": false,
        "flg_sudden": false,
        "flg_linked_to_next": false,
        "turn_sides": "",
        "flg_turn_left": false,
        "flg_turn_right": false,
        "distance_calls_m": "100"
      }
    },
    {
      "type": "Feature",
      "geometry": {
        "type": "Point",
        "coordinates": [
          924.889,
          -1225.537
        ]
      },
      "properties": {
        "kind": "pacenote",
        "stage": "Cwmbiga - Fedw Fain",
        "reference_track": "hafren_south",
        "note_index": 76,
        "distance_m": 5086.0,
        "distance_lookup_m": 4870.258,
        "link_to_next": true,
        "notes": [
          "Right6"
        ],
        "notes_text": "Right6",
        "atoms": [
          {
            "kind": "turn",
            "source": "Right6",
            "side": "right",
            "severity": 6
          }
        ],
        "flags": {
          "groups": {
            "keep": null,
            "cut": null,
            "opening": null,
            "go": null
          },
          "bools": {
            "caution": false,
            "brake": false,
            "finish": false,
            "narrows": false,
            "tightens": false,
            "tightens_late": false,
            "late": false,
            "sudden": false
          },
          "linked_to_next": true,
          "turn": {
            "sides": [
              "right"
            ],
            "severity_max": 6,
            "severity_min": 6
          }
        },
        "ref_segment_index": 1189,
        "ref_segment_t": 0.298819,
        "grp_keep": "",
        "grp_cut": "",
        "grp_opening": "",
        "grp_go": "",
        "flg_caution": false,
        "flg_brake": false,
        "flg_finish": false,
        "flg_narrows": false,
        "flg_tightens": false,
        "flg_tightens_late": false,
        "flg_late": false,
        "flg_sudden": false,
        "flg_linked_to_next": true,
        "turn_sides": "right",
        "flg_turn_left": false,
        "flg_turn_right": true,
        "turn_severity_min": 6,
        "turn_severity_max": 6
      }
    },
    {
      "type": "Feature",
      "geometry": {
        "type": "Point",
        "coordinates": [
          910.832,
          -1190.994
        ]
      },
      "properties": {
        "kind": "pacenote",
        "stage": "Cwmbiga - Fedw Fain",
        "reference_track": "hafren_south",
        "note_index": 77,
        "distance_m": 5128.0,
        "distance_lookup_m": 4912.258,
        "link_to_next": false,
        "notes": [
          "Dist100"
        ],
        "notes_text": "Dist100",
        "atoms": [
          {
            "kind": "distance",
            "source": "Dist100",
            "meters": 100
          }
        ],
        "flags": {
          "groups": {
            "keep": null,
            "cut": null,
            "opening": null,
            "go": null
          },
          "bools": {
            "caution": false,
            "brake": false,
            "finish": false,
            "narrows": false,
            "tightens": false,
            "tightens_late": false,
            "late": false,
            "sudden": false
          },
          "linked_to_next": false,
          "distance_calls_m": [
            100
          ]
        },
        "ref_segment_index": 1208,
        "ref_segment_t": 0.196701,
        "grp_keep": "",
        "grp_cut": "",
        "grp_opening": "",
        "grp_go": "",
        "flg_caution": false,
        "flg_brake": false,
        "flg_finish": false,
        "flg_narrows": false,
        "flg_tightens": false,
        "flg_tightens_late": false,
        "flg_late": false,
        "flg_sudden": false,
        "flg_linked_to_next": false,
        "turn_sides": "",
        "flg_turn_left": false,
        "flg_turn_right": false,
        "distance_calls_m": "100"
      }
    },
    {
      "type": "Feature",
      "geometry": {
        "type": "Point",
        "coordinates": [
          949.713,
          -1098.401
        ]
      },
      "properties": {
        "kind": "pacenote",
        "stage": "Cwmbiga - Fedw Fain",
        "reference_track": "hafren_south",
        "note_index": 78,
        "distance_m": 5232.0,
        "distance_lookup_m": 5016.258,
        "link_to_next": false,
        "notes": [
          "Left4",
          "Long",
          "Tighten3",
          "DontCut"
        ],
        "notes_text": "Left4, Long, Tighten3, DontCut",
        "atoms": [
          {
            "kind": "turn",
            "source": "Left4",
            "side": "left",
            "severity": 4
          },
          {
            "kind": "length",
            "source": "Long",
            "name": "long"
          },
          {
            "kind": "modifier",
            "source": "Tighten3",
            "name": "tighten",
            "level": 3
          },
          {
            "kind": "modifier",
            "source": "DontCut",
            "name": "dont_cut"
          }
        ],
        "flags": {
          "groups": {
            "keep": null,
            "cut": "dont_cut",
            "opening": null,
            "go": null
          },
          "bools": {
            "caution": false,
            "brake": false,
            "finish": false,
            "narrows": false,
            "tightens": false,
            "tightens_late": false,
            "late": false,
            "sudden": false
          },
          "linked_to_next": false,
          "turn": {
            "sides": [
              "left"
            ],
            "severity_max": 4,
            "severity_min": 4
          }
        },
        "ref_segment_index": 1240,
        "ref_segment_t": 0.825854,
        "grp_keep": "",
        "grp_cut": "dont_cut",
        "grp_opening": "",
        "grp_go": "",
        "flg_caution": false,
        "flg_brake": false,
        "flg_finish": false,
        "flg_narrows": false,
        "flg_tightens": false,
        "flg_tightens_late": false,
        "flg_late": false,
        "flg_sudden": false,
        "flg_linked_to_next": false,
        "turn_sides": "left",
        "flg_turn_left": true,
        "flg_turn_right": false,
        "turn_severity_min": 4,
        "turn_severity_max": 4
      }
    },
    {
      "type": "Feature",
      "geometry": {
        "type": "Point",
        "coordinates": [
          932.594,
          -955.805
        ]
      },
      "properties": {
        "kind": "pacenote",
        "stage": "Cwmbiga - Fedw Fain",
        "reference_track": "hafren_south",
        "note_index": 79,
        "distance_m": 5376.0,
        "distance_lookup_m": 5160.258,
        "link_to_next": true,
        "notes": [
          "Into",
          "Left3",
          "Tightens",
          "OverCrest"
        ],
        "notes_text": "Into, Left3, Tightens, OverCrest",
        "atoms": [
          {
            "kind": "connector",
            "source": "Into",
            "name": "into"
          },
          {
            "kind": "turn",
            "source": "Left3",
            "side": "left",
            "severity": 3
          },
          {
            "kind": "modifier",
            "source": "Tightens",
            "name": "tightens"
          },
          {
            "kind": "feature",
            "source": "OverCrest",
            "name": "over_crest"
          }
        ],
        "flags": {
          "groups": {
            "keep": null,
            "cut": null,
            "opening": null,
            "go": null
          },
          "bools": {
            "caution": false,
            "brake": false,
            "finish": false,
            "narrows": false,
            "tightens": true,
            "tightens_late": false,
            "late": false,
            "sudden": false
          },
          "linked_to_next": true,
          "turn": {
            "sides": [
              "left"
            ],
            "severity_max": 3,
            "severity_min": 3
          }
        },
        "ref_segment_index": 1277,
        "ref_segment_t": 0.760035,
        "grp_keep": "",
        "grp_cut": "",
        "grp_opening": "",
        "grp_go": "",
        "flg_caution": false,
        "flg_brake": false,
        "flg_finish": false,
        "flg_narrows": false,
        "flg_tightens": true,
        "flg_tightens_late": false,
        "flg_late": false,
        "flg_sudden": false,
        "flg_linked_to_next": true,
        "turn_sides": "left",
        "flg_turn_left": true,
        "flg_turn_right": false,
        "turn_severity_min": 3,
        "turn_severity_max": 3
      }
    },
    {
      "type": "Feature",
      "geometry": {
        "type": "Point",
        "coordinates": [
          922.332,
          -913.047
        ]
      },
      "properties": {
        "kind": "pacenote",
        "stage": "Cwmbiga - Fedw Fain",
        "reference_track": "hafren_south",
        "note_index": 80,
        "distance_m": 5420.0,
        "distance_lookup_m": 5204.258,
        "link_to_next": false,
        "notes": [
          "Dist150"
        ],
        "notes_text": "Dist150",
        "atoms": [
          {
            "kind": "distance",
            "source": "Dist150",
            "meters": 150
          }
        ],
        "flags": {
          "groups": {
            "keep": null,
            "cut": null,
            "opening": null,
            "go": null
          },
          "bools": {
            "caution": false,
            "brake": false,
            "finish": false,
            "narrows": false,
            "tightens": false,
            "tightens_late": false,
            "late": false,
            "sudden": false
          },
          "linked_to_next": false,
          "distance_calls_m": [
            150
          ]
        },
        "ref_segment_index": 1293,
        "ref_segment_t": 0.138655,
        "grp_keep": "",
        "grp_cut": "",
        "grp_opening": "",
        "grp_go": "",
        "flg_caution": false,
        "flg_brake": false,
        "flg_finish": false,
        "flg_narrows": false,
        "flg_tightens": false,
        "flg_tightens_late": false,
        "flg_late": false,
        "flg_sudden": false,
        "flg_linked_to_next": false,
        "turn_sides": "",
        "flg_turn_left": false,
        "flg_turn_right": false,
        "distance_calls_m": "150"
      }
    },
    {
      "type": "Feature",
      "geometry": {
        "type": "Point",
        "coordinates": [
          912.783,
          -876.605
        ]
      },
      "properties": {
        "kind": "pacenote",
        "stage": "Cwmbiga - Fedw Fain",
        "reference_track": "hafren_south",
        "note_index": 81,
        "distance_m": 5574.0,
        "distance_lookup_m": 5358.258,
        "link_to_next": true,
        "notes": [
          "Left4",
          "Tighten3",
          "Caution",
          "DontCut",
          "KeepIn"
        ],
        "notes_text": "Left4, Tighten3, Caution, DontCut, KeepIn",
        "atoms": [
          {
            "kind": "turn",
            "source": "Left4",
            "side": "left",
            "severity": 4
          },
          {
            "kind": "modifier",
            "source": "Tighten3",
            "name": "tighten",
            "level": 3
          },
          {
            "kind": "hazard",
            "source": "Caution",
            "name": "caution"
          },
          {
            "kind": "modifier",
            "source": "DontCut",
            "name": "dont_cut"
          },
          {
            "kind": "modifier",
            "source": "KeepIn",
            "name": "keep_in"
          }
        ],
        "flags": {
          "groups": {
            "keep": "keep_in",
            "cut": "dont_cut",
            "opening": null,
            "go": null
          },
          "bools": {
            "caution": true,
            "brake": false,
            "finish": false,
            "narrows": false,
            "tightens": false,
            "tightens_late": false,
            "late": false,
            "sudden": false
          },
          "linked_to_next": true,
          "turn": {
            "sides": [
              "left"
            ],
            "severity_max": 4,
            "severity_min": 4
          }
        },
        "ref_segment_index": 1314,
        "ref_segment_t": 1.0,
        "grp_keep": "keep_in",
        "grp_cut": "dont_cut",
        "grp_opening": "",
        "grp_go": "",
        "flg_caution": true,
        "flg_brake": false,
        "flg_finish": false,
        "flg_narrows": false,
        "flg_tightens": false,
        "flg_tightens_late": false,
        "flg_late": false,
        "flg_sudden": false,
        "flg_linked_to_next": true,
        "turn_sides": "left",
        "flg_turn_left": true,
        "flg_turn_right": false,
        "turn_severity_min": 4,
        "turn_severity_max": 4
      }
    },
    {
      "type": "Feature",
      "geometry": {
        "type": "Point",
        "coordinates": [
          912.783,
          -876.605
        ]
      },
      "properties": {
        "kind": "pacenote",
        "stage": "Cwmbiga - Fedw Fain",
        "reference_track": "hafren_south",
        "note_index": 82,
        "distance_m": 5648.0,
        "distance_lookup_m": 5432.258,
        "link_to_next": false,
        "notes": [
          "Dist80"
        ],
        "notes_text": "Dist80",
        "atoms": [
          {
            "kind": "distance",
            "source": "Dist80",
            "meters": 80
          }
        ],
        "flags": {
          "groups": {
            "keep": null,
            "cut": null,
            "opening": null,
            "go": null
          },
          "bools": {
            "caution": false,
            "brake": false,
            "finish": false,
            "narrows": false,
            "tightens": false,
            "tightens_late": false,
            "late": false,
            "sudden": false
          },
          "linked_to_next": false,
          "distance_calls_m": [
            80
          ]
        },
        "ref_segment_index": 1314,
        "ref_segment_t": 1.0,
        "grp_keep": "",
        "grp_cut": "",
        "grp_opening": "",
        "grp_go": "",
        "flg_caution": false,
        "flg_brake": false,
        "flg_finish": false,
        "flg_narrows": false,
        "flg_tightens": false,
        "flg_tightens_late": false,
        "flg_late": false,
        "flg_sudden": false,
        "flg_linked_to_next": false,
        "turn_sides": "",
        "flg_turn_left": false,
        "flg_turn_right": false,
        "distance_calls_m": "80"
      }
    },
    {
      "type": "Feature",
      "geometry": {
        "type": "Point",
        "coordinates": [
          912.783,
          -876.605
        ]
      },
      "properties": {
        "kind": "pacenote",
        "stage": "Cwmbiga - Fedw Fain",
        "reference_track": "hafren_south",
        "note_index": 83,
        "distance_m": 5728.0,
        "distance_lookup_m": 5512.258,
        "link_to_next": true,
        "notes": [
          "Right6"
        ],
        "notes_text": "Right6",
        "atoms": [
          {
            "kind": "turn",
            "source": "Right6",
            "side": "right",
            "severity": 6
          }
        ],
        "flags": {
          "groups": {
            "keep": null,
            "cut": null,
            "opening": null,
            "go": null
          },
          "bools": {
            "caution": false,
            "brake": false,
            "finish": false,
            "narrows": false,
            "tightens": false,
            "tightens_late": false,
            "late": false,
            "sudden": false
          },
          "linked_to_next": true,
          "turn": {
            "sides": [
              "right"
            ],
            "severity_max": 6,
            "severity_min": 6
          }
        },
        "ref_segment_index": 1314,
        "ref_segment_t": 1.0,
        "grp_keep": "",
        "grp_cut": "",
        "grp_opening": "",
        "grp_go": "",
        "flg_caution": false,
        "flg_brake": false,
        "flg_finish": false,
        "flg_narrows": false,
        "flg_tightens": false,
        "flg_tightens_late": false,
        "flg_late": false,
        "flg_sudden": false,
        "flg_linked_to_next": true,
        "turn_sides": "right",
        "flg_turn_left": false,
        "flg_turn_right": true,
        "turn_severity_min": 6,
        "turn_severity_max": 6
      }
    },
    {
      "type": "Feature",
      "geometry": {
        "type": "Point",
        "coordinates": [
          912.783,
          -876.605
        ]
      },
      "properties": {
        "kind": "pacenote",
        "stage": "Cwmbiga - Fedw Fain",
        "reference_track": "hafren_south",
        "note_index": 84,
        "distance_m": 5761.0,
        "distance_lookup_m": 5545.258,
        "link_to_next": false,
        "notes": [
          "Dist70"
        ],
        "notes_text": "Dist70",
        "atoms": [
          {
            "kind": "distance",
            "source": "Dist70",
            "meters": 70
          }
        ],
        "flags": {
          "groups": {
            "keep": null,
            "cut": null,
            "opening": null,
            "go": null
          },
          "bools": {
            "caution": false,
            "brake": false,
            "finish": false,
            "narrows": false,
            "tightens": false,
            "tightens_late": false,
            "late": false,
            "sudden": false
          },
          "linked_to_next": false,
          "distance_calls_m": [
            70
          ]
        },
        "ref_segment_index": 1314,
        "ref_segment_t": 1.0,
        "grp_keep": "",
        "grp_cut": "",
        "grp_opening": "",
        "grp_go": "",
        "flg_caution": false,
        "flg_brake": false,
        "flg_finish": false,
        "flg_narrows": false,
        "flg_tightens": false,
        "flg_tightens_late": false,
        "flg_late": false,
        "flg_sudden": false,
        "flg_linked_to_next": false,
        "turn_sides": "",
        "flg_turn_left": false,
        "flg_turn_right": false,
        "distance_calls_m": "70"
      }
    },
    {
      "type": "Feature",
      "geometry": {
        "type": "Point",
        "coordinates": [
          912.783,
          -876.605
        ]
      },
      "properties": {
        "kind": "pacenote",
        "stage": "Cwmbiga - Fedw Fain",
        "reference_track": "hafren_south",
        "note_index": 85,
        "distance_m": 5837.0,
        "distance_lookup_m": 5621.258,
        "link_to_next": true,
        "notes": [
          "Right6",
          "OverCrest"
        ],
        "notes_text": "Right6, OverCrest",
        "atoms": [
          {
            "kind": "turn",
            "source": "Right6",
            "side": "right",
            "severity": 6
          },
          {
            "kind": "feature",
            "source": "OverCrest",
            "name": "over_crest"
          }
        ],
        "flags": {
          "groups": {
            "keep": null,
            "cut": null,
            "opening": null,
            "go": null
          },
          "bools": {
            "caution": false,
            "brake": false,
            "finish": false,
            "narrows": false,
            "tightens": false,
            "tightens_late": false,
            "late": false,
            "sudden": false
          },
          "linked_to_next": true,
          "turn": {
            "sides": [
              "right"
            ],
            "severity_max": 6,
            "severity_min": 6
          }
        },
        "ref_segment_index": 1314,
        "ref_segment_t": 1.0,
        "grp_keep": "",
        "grp_cut": "",
        "grp_opening": "",
        "grp_go": "",
        "flg_caution": false,
        "flg_brake": false,
        "flg_finish": false,
        "flg_narrows": false,
        "flg_tightens": false,
        "flg_tightens_late": false,
        "flg_late": false,
        "flg_sudden": false,
        "flg_linked_to_next": true,
        "turn_sides": "right",
        "flg_turn_left": false,
        "flg_turn_right": true,
        "turn_severity_min": 6,
        "turn_severity_max": 6
      }
    },
    {
      "type": "Feature",
      "geometry": {
        "type": "Point",
        "coordinates": [
          912.783,
          -876.605
        ]
      },
      "properties": {
        "kind": "pacenote",
        "stage": "Cwmbiga - Fedw Fain",
        "reference_track": "hafren_south",
        "note_index": 86,
        "distance_m": 5887.0,
        "distance_lookup_m": 5671.258,
        "link_to_next": false,
        "notes": [
          "Dist60"
        ],
        "notes_text": "Dist60",
        "atoms": [
          {
            "kind": "distance",
            "source": "Dist60",
            "meters": 60
          }
        ],
        "flags": {
          "groups": {
            "keep": null,
            "cut": null,
            "opening": null,
            "go": null
          },
          "bools": {
            "caution": false,
            "brake": false,
            "finish": false,
            "narrows": false,
            "tightens": false,
            "tightens_late": false,
            "late": false,
            "sudden": false
          },
          "linked_to_next": false,
          "distance_calls_m": [
            60
          ]
        },
        "ref_segment_index": 1314,
        "ref_segment_t": 1.0,
        "grp_keep": "",
        "grp_cut": "",
        "grp_opening": "",
        "grp_go": "",
        "flg_caution": false,
        "flg_brake": false,
        "flg_finish": false,
        "flg_narrows": false,
        "flg_tightens": false,
        "flg_tightens_late": false,
        "flg_late": false,
        "flg_sudden": false,
        "flg_linked_to_next": false,
        "turn_sides": "",
        "flg_turn_left": false,
        "flg_turn_right": false,
        "distance_calls_m": "60"
      }
    },
    {
      "type": "Feature",
      "geometry": {
        "type": "Point",
        "coordinates": [
          912.783,
          -876.605
        ]
      },
      "properties": {
        "kind": "pacenote",
        "stage": "Cwmbiga - Fedw Fain",
        "reference_track": "hafren_south",
        "note_index": 87,
        "distance_m": 5956.0,
        "distance_lookup_m": 5740.258,
        "link_to_next": false,
        "notes": [
          "Right2",
          "KeepIn"
        ],
        "notes_text": "Right2, KeepIn",
        "atoms": [
          {
            "kind": "turn",
            "source": "Right2",
            "side": "right",
            "severity": 2
          },
          {
            "kind": "modifier",
            "source": "KeepIn",
            "name": "keep_in"
          }
        ],
        "flags": {
          "groups": {
            "keep": "keep_in",
            "cut": null,
            "opening": null,
            "go": null
          },
          "bools": {
            "caution": false,
            "brake": false,
            "finish": false,
            "narrows": false,
            "tightens": false,
            "tightens_late": false,
            "late": false,
            "sudden": false
          },
          "linked_to_next": false,
          "turn": {
            "sides": [
              "right"
            ],
            "severity_max": 2,
            "severity_min": 2
          }
        },
        "ref_segment_index": 1314,
        "ref_segment_t": 1.0,
        "grp_keep": "keep_in",
        "grp_cut": "",
        "grp_opening": "",
        "grp_go": "",
        "flg_caution": false,
        "flg_brake": false,
        "flg_finish": false,
        "flg_narrows": false,
        "flg_tightens": false,
        "flg_tightens_late": false,
        "flg_late": false,
        "flg_sudden": false,
        "flg_linked_to_next": false,
        "turn_sides": "right",
        "flg_turn_left": false,
        "flg_turn_right": true,
        "turn_severity_min": 2,
        "turn_severity_max": 2
      }
    },
    {
      "type": "Feature",
      "geometry": {
        "type": "Point",
        "coordinates": [
          912.783,
          -876.605
        ]
      },
      "properties": {
        "kind": "pacenote",
        "stage": "Cwmbiga - Fedw Fain",
        "reference_track": "hafren_south",
        "note_index": 88,
        "distance_m": 6049.0,
        "distance_lookup_m": 5833.258,
        "link_to_next": false,
        "notes": [
          "And",
          "Right4",
          "Long",
          "OverCrest"
        ],
        "notes_text": "And, Right4, Long, OverCrest",
        "atoms": [
          {
            "kind": "connector",
            "source": "And",
            "name": "and"
          },
          {
            "kind": "turn",
            "source": "Right4",
            "side": "right",
            "severity": 4
          },
          {
            "kind": "length",
            "source": "Long",
            "name": "long"
          },
          {
            "kind": "feature",
            "source": "OverCrest",
            "name": "over_crest"
          }
        ],
        "flags": {
          "groups": {
            "keep": null,
            "cut": null,
            "opening": null,
            "go": null
          },
          "bools": {
            "caution": false,
            "brake": false,
            "finish": false,
            "narrows": false,
            "tightens": false,
            "tightens_late": false,
            "late": false,
            "sudden": false
          },
          "linked_to_next": false,
          "turn": {
            "sides": [
              "right"
            ],
            "severity_max": 4,
            "severity_min": 4
          }
        },
        "ref_segment_index": 1314,
        "ref_segment_t": 1.0,
        "grp_keep": "",
        "grp_cut": "",
        "grp_opening": "",
        "grp_go": "",
        "flg_caution": false,
        "flg_brake": false,
        "flg_finish": false,
        "flg_narrows": false,
        "flg_tightens": false,
        "flg_tightens_late": false,
        "flg_late": false,
        "flg_sudden": false,
        "flg_linked_to_next": false,
        "turn_sides": "right",
        "flg_turn_left": false,
        "flg_turn_right": true,
        "turn_severity_min": 4,
        "turn_severity_max": 4
      }
    },
    {
      "type": "Feature",
      "geometry": {
        "type": "Point",
        "coordinates": [
          912.783,
          -876.605
        ]
      },
      "properties": {
        "kind": "pacenote",
        "stage": "Cwmbiga - Fedw Fain",
        "reference_track": "hafren_south",
        "note_index": 89,
        "distance_m": 6138.0,
        "distance_lookup_m": 5922.258,
        "link_to_next": false,
        "notes": [
          "Dist40"
        ],
        "notes_text": "Dist40",
        "atoms": [
          {
            "kind": "distance",
            "source": "Dist40",
            "meters": 40
          }
        ],
        "flags": {
          "groups": {
            "keep": null,
            "cut": null,
            "opening": null,
            "go": null
          },
          "bools": {
            "caution": false,
            "brake": false,
            "finish": false,
            "narrows": false,
            "tightens": false,
            "tightens_late": false,
            "late": false,
            "sudden": false
          },
          "linked_to_next": false,
          "distance_calls_m": [
            40
          ]
        },
        "ref_segment_index": 1314,
        "ref_segment_t": 1.0,
        "grp_keep": "",
        "grp_cut": "",
        "grp_opening": "",
        "grp_go": "",
        "flg_caution": false,
        "flg_brake": false,
        "flg_finish": false,
        "flg_narrows": false,
        "flg_tightens": false,
        "flg_tightens_late": false,
        "flg_late": false,
        "flg_sudden": false,
        "flg_linked_to_next": false,
        "turn_sides": "",
        "flg_turn_left": false,
        "flg_turn_right": false,
        "distance_calls_m": "40"
      }
    },
    {
      "type": "Feature",
      "geometry": {
        "type": "Point",
        "coordinates": [
          912.783,
          -876.605
        ]
      },
      "properties": {
        "kind": "pacenote",
        "stage": "Cwmbiga - Fedw Fain",
        "reference_track": "hafren_south",
        "note_index": 90,
        "distance_m": 6184.0,
        "distance_lookup_m": 5968.258,
        "link_to_next": true,
        "notes": [
          "Left6"
        ],
        "notes_text": "Left6",
        "atoms": [
          {
            "kind": "turn",
            "source": "Left6",
            "side": "left",
            "severity": 6
          }
        ],
        "flags": {
          "groups": {
            "keep": null,
            "cut": null,
            "opening": null,
            "go": null
          },
          "bools": {
            "caution": false,
            "brake": false,
            "finish": false,
            "narrows": false,
            "tightens": false,
            "tightens_late": false,
            "late": false,
            "sudden": false
          },
          "linked_to_next": true,
          "turn": {
            "sides": [
              "left"
            ],
            "severity_max": 6,
            "severity_min": 6
          }
        },
        "ref_segment_index": 1314,
        "ref_segment_t": 1.0,
        "grp_keep": "",
        "grp_cut": "",
        "grp_opening": "",
        "grp_go": "",
        "flg_caution": false,
        "flg_brake": false,
        "flg_finish": false,
        "flg_narrows": false,
        "flg_tightens": false,
        "flg_tightens_late": false,
        "flg_late": false,
        "flg_sudden": false,
        "flg_linked_to_next": true,
        "turn_sides": "left",
        "flg_turn_left": true,
        "flg_turn_right": false,
        "turn_severity_min": 6,
        "turn_severity_max": 6
      }
    },
    {
      "type": "Feature",
      "geometry": {
        "type": "Point",
        "coordinates": [
          912.783,
          -876.605
        ]
      },
      "properties": {
        "kind": "pacenote",
        "stage": "Cwmbiga - Fedw Fain",
        "reference_track": "hafren_south",
        "note_index": 91,
        "distance_m": 6224.0,
        "distance_lookup_m": 6008.258,
        "link_to_next": false,
        "notes": [
          "Dist60"
        ],
        "notes_text": "Dist60",
        "atoms": [
          {
            "kind": "distance",
            "source": "Dist60",
            "meters": 60
          }
        ],
        "flags": {
          "groups": {
            "keep": null,
            "cut": null,
            "opening": null,
            "go": null
          },
          "bools": {
            "caution": false,
            "brake": false,
            "finish": false,
            "narrows": false,
            "tightens": false,
            "tightens_late": false,
            "late": false,
            "sudden": false
          },
          "linked_to_next": false,
          "distance_calls_m": [
            60
          ]
        },
        "ref_segment_index": 1314,
        "ref_segment_t": 1.0,
        "grp_keep": "",
        "grp_cut": "",
        "grp_opening": "",
        "grp_go": "",
        "flg_caution": false,
        "flg_brake": false,
        "flg_finish": false,
        "flg_narrows": false,
        "flg_tightens": false,
        "flg_tightens_late": false,
        "flg_late": false,
        "flg_sudden": false,
        "flg_linked_to_next": false,
        "turn_sides": "",
        "flg_turn_left": false,
        "flg_turn_right": false,
        "distance_calls_m": "60"
      }
    },
    {
      "type": "Feature",
      "geometry": {
        "type": "Point",
        "coordinates": [
          912.783,
          -876.605
        ]
      },
      "properties": {
        "kind": "pacenote",
        "stage": "Cwmbiga - Fedw Fain",
        "reference_track": "hafren_south",
        "note_index": 92,
        "distance_m": 6287.0,
        "distance_lookup_m": 6071.258,
        "link_to_next": true,
        "notes": [
          "Left6"
        ],
        "notes_text": "Left6",
        "atoms": [
          {
            "kind": "turn",
            "source": "Left6",
            "side": "left",
            "severity": 6
          }
        ],
        "flags": {
          "groups": {
            "keep": null,
            "cut": null,
            "opening": null,
            "go": null
          },
          "bools": {
            "caution": false,
            "brake": false,
            "finish": false,
            "narrows": false,
            "tightens": false,
            "tightens_late": false,
            "late": false,
            "sudden": false
          },
          "linked_to_next": true,
          "turn": {
            "sides": [
              "left"
            ],
            "severity_max": 6,
            "severity_min": 6
          }
        },
        "ref_segment_index": 1314,
        "ref_segment_t": 1.0,
        "grp_keep": "",
        "grp_cut": "",
        "grp_opening": "",
        "grp_go": "",
        "flg_caution": false,
        "flg_brake": false,
        "flg_finish": false,
        "flg_narrows": false,
        "flg_tightens": false,
        "flg_tightens_late": false,
        "flg_late": false,
        "flg_sudden": false,
        "flg_linked_to_next": true,
        "turn_sides": "left",
        "flg_turn_left": true,
        "flg_turn_right": false,
        "turn_severity_min": 6,
        "turn_severity_max": 6
      }
    },
    {
      "type": "Feature",
      "geometry": {
        "type": "Point",
        "coordinates": [
          912.783,
          -876.605
        ]
      },
      "properties": {
        "kind": "pacenote",
        "stage": "Cwmbiga - Fedw Fain",
        "reference_track": "hafren_south",
        "note_index": 93,
        "distance_m": 6324.0,
        "distance_lookup_m": 6108.258,
        "link_to_next": false,
        "notes": [
          "Dist40",
          "Caution",
          "Brake",
          "OverCrest"
        ],
        "notes_text": "Dist40, Caution, Brake, OverCrest",
        "atoms": [
          {
            "kind": "distance",
            "source": "Dist40",
            "meters": 40
          },
          {
            "kind": "hazard",
            "source": "Caution",
            "name": "caution"
          },
          {
            "kind": "hazard",
            "source": "Brake",
            "name": "brake"
          },
          {
            "kind": "feature",
            "source": "OverCrest",
            "name": "over_crest"
          }
        ],
        "flags": {
          "groups": {
            "keep": null,
            "cut": null,
            "opening": null,
            "go": null
          },
          "bools": {
            "caution": true,
            "brake": true,
            "finish": false,
            "narrows": false,
            "tightens": false,
            "tightens_late": false,
            "late": false,
            "sudden": false
          },
          "linked_to_next": false,
          "distance_calls_m": [
            40
          ]
        },
        "ref_segment_index": 1314,
        "ref_segment_t": 1.0,
        "grp_keep": "",
        "grp_cut": "",
        "grp_opening": "",
        "grp_go": "",
        "flg_caution": true,
        "flg_brake": true,
        "flg_finish": false,
        "flg_narrows": false,
        "flg_tightens": false,
        "flg_tightens_late": false,
        "flg_late": false,
        "flg_sudden": false,
        "flg_linked_to_next": false,
        "turn_sides": "",
        "flg_turn_left": false,
        "flg_turn_right": false,
        "distance_calls_m": "40"
      }
    },
    {
      "type": "Feature",
      "geometry": {
        "type": "Point",
        "coordinates": [
          912.783,
          -876.605
        ]
      },
      "properties": {
        "kind": "pacenote",
        "stage": "Cwmbiga - Fedw Fain",
        "reference_track": "hafren_south",
        "note_index": 94,
        "distance_m": 6369.0,
        "distance_lookup_m": 6153.258,
        "link_to_next": true,
        "notes": [
          "Into",
          "Left3"
        ],
        "notes_text": "Into, Left3",
        "atoms": [
          {
            "kind": "connector",
            "source": "Into",
            "name": "into"
          },
          {
            "kind": "turn",
            "source": "Left3",
            "side": "left",
            "severity": 3
          }
        ],
        "flags": {
          "groups": {
            "keep": null,
            "cut": null,
            "opening": null,
            "go": null
          },
          "bools": {
            "caution": false,
            "brake": false,
            "finish": false,
            "narrows": false,
            "tightens": false,
            "tightens_late": false,
            "late": false,
            "sudden": false
          },
          "linked_to_next": true,
          "turn": {
            "sides": [
              "left"
            ],
            "severity_max": 3,
            "severity_min": 3
          }
        },
        "ref_segment_index": 1314,
        "ref_segment_t": 1.0,
        "grp_keep": "",
        "grp_cut": "",
        "grp_opening": "",
        "grp_go": "",
        "flg_caution": false,
        "flg_brake": false,
        "flg_finish": false,
        "flg_narrows": false,
        "flg_tightens": false,
        "flg_tightens_late": false,
        "flg_late": false,
        "flg_sudden": false,
        "flg_linked_to_next": true,
        "turn_sides": "left",
        "flg_turn_left": true,
        "flg_turn_right": false,
        "turn_severity_min": 3,
        "turn_severity_max": 3
      }
    },
    {
      "type": "Feature",
      "geometry": {
        "type": "Point",
        "coordinates": [
          912.783,
          -876.605
        ]
      },
      "properties": {
        "kind": "pacenote",
        "stage": "Cwmbiga - Fedw Fain",
        "reference_track": "hafren_south",
        "note_index": 95,
        "distance_m": 6417.0,
        "distance_lookup_m": 6201.258,
        "link_to_next": true,
        "notes": [
          "Into",
          "Right2",
          "Tightens"
        ],
        "notes_text": "Into, Right2, Tightens",
        "atoms": [
          {
            "kind": "connector",
            "source": "Into",
            "name": "into"
          },
          {
            "kind": "turn",
            "source": "Right2",
            "side": "right",
            "severity": 2
          },
          {
            "kind": "modifier",
            "source": "Tightens",
            "name": "tightens"
          }
        ],
        "flags": {
          "groups": {
            "keep": null,
            "cut": null,
            "opening": null,
            "go": null
          },
          "bools": {
            "caution": false,
            "brake": false,
            "finish": false,
            "narrows": false,
            "tightens": true,
            "tightens_late": false,
            "late": false,
            "sudden": false
          },
          "linked_to_next": true,
          "turn": {
            "sides": [
              "right"
            ],
            "severity_max": 2,
            "severity_min": 2
          }
        },
        "ref_segment_index": 1314,
        "ref_segment_t": 1.0,
        "grp_keep": "",
        "grp_cut": "",
        "grp_opening": "",
        "grp_go": "",
        "flg_caution": false,
        "flg_brake": false,
        "flg_finish": false,
        "flg_narrows": false,
        "flg_tightens": true,
        "flg_tightens_late": false,
        "flg_late": false,
        "flg_sudden": false,
        "flg_linked_to_next": true,
        "turn_sides": "right",
        "flg_turn_left": false,
        "flg_turn_right": true,
        "turn_severity_min": 2,
        "turn_severity_max": 2
      }
    },
    {
      "type": "Feature",
      "geometry": {
        "type": "Point",
        "coordinates": [
          912.783,
          -876.605
        ]
      },
      "properties": {
        "kind": "pacenote",
        "stage": "Cwmbiga - Fedw Fain",
        "reference_track": "hafren_south",
        "note_index": 96,
        "distance_m": 6486.0,
        "distance_lookup_m": 6270.258,
        "link_to_next": false,
        "notes": [
          "Finish"
        ],
        "notes_text": "Finish",
        "atoms": [
          {
            "kind": "control",
            "source": "Finish",
            "name": "finish"
          }
        ],
        "flags": {
          "groups": {
            "keep": null,
            "cut": null,
            "opening": null,
            "go": null
          },
          "bools": {
            "caution": false,
            "brake": false,
            "finish": true,
            "narrows": false,
            "tightens": false,
            "tightens_late": false,
            "late": false,
            "sudden": false
          },
          "linked_to_next": false
        },
        "ref_segment_index": 1314,
        "ref_segment_t": 1.0,
        "grp_keep": "",
        "grp_cut": "",
        "grp_opening": "",
        "grp_go": "",
        "flg_caution": false,
        "flg_brake": false,
        "flg_finish": true,
        "flg_narrows": false,
        "flg_tightens": false,
        "flg_tightens_late": false,
        "flg_late": false,
        "flg_sudden": false,
        "flg_linked_to_next": false,
        "turn_sides": "",
        "flg_turn_left": false,
        "flg_turn_right": false
      }
    },
    {
      "type": "Feature",
      "geometry": {
        "type": "Point",
        "coordinates": [
          912.783,
          -876.605
        ]
      },
      "properties": {
        "kind": "pacenote",
        "stage": "Cwmbiga - Fedw Fain",
        "reference_track": "hafren_south",
        "note_index": 97,
        "distance_m": 6671.0,
        "distance_lookup_m": 6455.258,
        "link_to_next": false,
        "notes": [
          "Pause1s",
          "SlowDown",
          "And",
          "StopAtMarshals"
        ],
        "notes_text": "Pause1s, SlowDown, And, StopAtMarshals",
        "atoms": [
          {
            "kind": "pause",
            "source": "Pause1s",
            "seconds": 1.0,
            "reset": false
          },
          {
            "kind": "hazard",
            "source": "SlowDown",
            "name": "slow_down"
          },
          {
            "kind": "connector",
            "source": "And",
            "name": "and"
          },
          {
            "kind": "control",
            "source": "StopAtMarshals",
            "name": "stop_at_marshals"
          }
        ],
        "flags": {
          "groups": {
            "keep": null,
            "cut": null,
            "opening": null,
            "go": null
          },
          "bools": {
            "caution": false,
            "brake": false,
            "finish": false,
            "narrows": false,
            "tightens": false,
            "tightens_late": false,
            "late": false,
            "sudden": false
          },
          "linked_to_next": false,
          "pause_seconds": [
            1.0
          ]
        },
        "ref_segment_index": 1314,
        "ref_segment_t": 1.0,
        "grp_keep": "",
        "grp_cut": "",
        "grp_opening": "",
        "grp_go": "",
        "flg_caution": false,
        "flg_brake": false,
        "flg_finish": false,
        "flg_narrows": false,
        "flg_tightens": false,
        "flg_tightens_late": false,
        "flg_late": false,
        "flg_sudden": false,
        "flg_linked_to_next": false,
        "turn_sides": "",
        "flg_turn_left": false,
        "flg_turn_right": false,
        "pause_seconds": "1.0"
      }
    }
  ]
}
