{
  "type": "FeatureCollection",
  "name": "pacenotes:La Bollène-Vésubie - Turini",
  "properties": {
    "source_yaml": "c:\\temp\\acc\\vendor\\PacenotePal\\pacenotes\\La Bollène-Vésubie - Turini.yml",
    "reference_shp": "c:\\temp\\acc\\reference_tracks\\col_de_turini.shp",
    "coordinate_space": "acc_world_zx",
    "swap_xz": true,
    "start_dist_m_offset": 169.254,
    "subtract_start_dist": true,
    "reference_point_count": 2497,
    "reference_station_max_m": 18331.385,
    "pacenote_count": 216,
    "max_pacenote_distance_m": 12225.0,
    "notes_beyond_reference_end": 0,
    "gis_field_schema": {
      "group_fields": {
        "grp_keep": [
          "keep_in",
          "keep_left",
          "keep_middle",
          "keep_out",
          "keep_right"
        ],
        "grp_cut": [
          "cut",
          "dont_cut",
          "small_cut"
        ],
        "grp_opening": [
          "opens",
          "opens_late",
          "widens"
        ],
        "grp_go": [
          "go_left",
          "go_right",
          "go_straight"
        ]
      },
      "bool_fields": [
        "flg_caution",
        "flg_brake",
        "flg_finish",
        "flg_narrows",
        "flg_tightens",
        "flg_tightens_late",
        "flg_late",
        "flg_sudden",
        "flg_linked_to_next",
        "flg_turn_left",
        "flg_turn_right"
      ],
      "notes": {
        "grp_*": "Mutually exclusive categorical flags for QGIS/WebGIS dropdown filters.",
        "flg_*": "Independent boolean flags for checkbox filters and rule-based styling.",
        "turn_sides": "Comma-separated turn sides when a numbered/style turn is present.",
        "notes_text": "Original PacenotePal token sequence for map labels."
      }
    }
  },
  "features": [
    {
      "type": "Feature",
      "geometry": {
        "type": "Point",
        "coordinates": [
          -1991.171,
          2721.071
        ]
      },
      "properties": {
        "kind": "pacenote",
        "stage": "La Bollène-Vésubie - Turini",
        "reference_track": "col_de_turini",
        "note_index": 0,
        "distance_m": 194.0,
        "distance_lookup_m": 24.746,
        "link_to_next": false,
        "notes": [
          "Left3",
          "DontCut"
        ],
        "notes_text": "Left3, DontCut",
        "atoms": [
          {
            "kind": "turn",
            "source": "Left3",
            "side": "left",
            "severity": 3
          },
          {
            "kind": "modifier",
            "source": "DontCut",
            "name": "dont_cut"
          }
        ],
        "flags": {
          "groups": {
            "keep": null,
            "cut": "dont_cut",
            "opening": null,
            "go": null
          },
          "bools": {
            "caution": false,
            "brake": false,
            "finish": false,
            "narrows": false,
            "tightens": false,
            "tightens_late": false,
            "late": false,
            "sudden": false
          },
          "linked_to_next": false,
          "turn": {
            "sides": [
              "left"
            ],
            "severity_max": 3,
            "severity_min": 3
          }
        },
        "ref_segment_index": 55,
        "ref_segment_t": 0.889863,
        "grp_keep": "",
        "grp_cut": "dont_cut",
        "grp_opening": "",
        "grp_go": "",
        "flg_caution": false,
        "flg_brake": false,
        "flg_finish": false,
        "flg_narrows": false,
        "flg_tightens": false,
        "flg_tightens_late": false,
        "flg_late": false,
        "flg_sudden": false,
        "flg_linked_to_next": false,
        "turn_sides": "left",
        "flg_turn_left": true,
        "flg_turn_right": false,
        "turn_severity_min": 3,
        "turn_severity_max": 3
      }
    },
    {
      "type": "Feature",
      "geometry": {
        "type": "Point",
        "coordinates": [
          -1974.527,
          2755.564
        ]
      },
      "properties": {
        "kind": "pacenote",
        "stage": "La Bollène-Vésubie - Turini",
        "reference_track": "col_de_turini",
        "note_index": 1,
        "distance_m": 235.0,
        "distance_lookup_m": 65.746,
        "link_to_next": true,
        "notes": [
          "Into",
          "RightHP"
        ],
        "notes_text": "Into, RightHP",
        "atoms": [
          {
            "kind": "connector",
            "source": "Into",
            "name": "into"
          },
          {
            "kind": "turn",
            "source": "RightHP",
            "side": "right",
            "style": "hp"
          }
        ],
        "flags": {
          "groups": {
            "keep": null,
            "cut": null,
            "opening": null,
            "go": null
          },
          "bools": {
            "caution": false,
            "brake": false,
            "finish": false,
            "narrows": false,
            "tightens": false,
            "tightens_late": false,
            "late": false,
            "sudden": false
          },
          "linked_to_next": true,
          "turn": {
            "sides": [
              "right"
            ]
          }
        },
        "ref_segment_index": 64,
        "ref_segment_t": 0.285444,
        "grp_keep": "",
        "grp_cut": "",
        "grp_opening": "",
        "grp_go": "",
        "flg_caution": false,
        "flg_brake": false,
        "flg_finish": false,
        "flg_narrows": false,
        "flg_tightens": false,
        "flg_tightens_late": false,
        "flg_late": false,
        "flg_sudden": false,
        "flg_linked_to_next": true,
        "turn_sides": "right",
        "flg_turn_left": false,
        "flg_turn_right": true
      }
    },
    {
      "type": "Feature",
      "geometry": {
        "type": "Point",
        "coordinates": [
          -1958.614,
          2733.158
        ]
      },
      "properties": {
        "kind": "pacenote",
        "stage": "La Bollène-Vésubie - Turini",
        "reference_track": "col_de_turini",
        "note_index": 2,
        "distance_m": 310.0,
        "distance_lookup_m": 140.746,
        "link_to_next": false,
        "notes": [
          "Right5",
          "DontCut"
        ],
        "notes_text": "Right5, DontCut",
        "atoms": [
          {
            "kind": "turn",
            "source": "Right5",
            "side": "right",
            "severity": 5
          },
          {
            "kind": "modifier",
            "source": "DontCut",
            "name": "dont_cut"
          }
        ],
        "flags": {
          "groups": {
            "keep": null,
            "cut": "dont_cut",
            "opening": null,
            "go": null
          },
          "bools": {
            "caution": false,
            "brake": false,
            "finish": false,
            "narrows": false,
            "tightens": false,
            "tightens_late": false,
            "late": false,
            "sudden": false
          },
          "linked_to_next": false,
          "turn": {
            "sides": [
              "right"
            ],
            "severity_max": 5,
            "severity_min": 5
          }
        },
        "ref_segment_index": 86,
        "ref_segment_t": 0.689718,
        "grp_keep": "",
        "grp_cut": "dont_cut",
        "grp_opening": "",
        "grp_go": "",
        "flg_caution": false,
        "flg_brake": false,
        "flg_finish": false,
        "flg_narrows": false,
        "flg_tightens": false,
        "flg_tightens_late": false,
        "flg_late": false,
        "flg_sudden": false,
        "flg_linked_to_next": false,
        "turn_sides": "right",
        "flg_turn_left": false,
        "flg_turn_right": true,
        "turn_severity_min": 5,
        "turn_severity_max": 5
      }
    },
    {
      "type": "Feature",
      "geometry": {
        "type": "Point",
        "coordinates": [
          -1974.191,
          2710.184
        ]
      },
      "properties": {
        "kind": "pacenote",
        "stage": "La Bollène-Vésubie - Turini",
        "reference_track": "col_de_turini",
        "note_index": 3,
        "distance_m": 338.0,
        "distance_lookup_m": 168.746,
        "link_to_next": false,
        "notes": [
          "Dist40"
        ],
        "notes_text": "Dist40",
        "atoms": [
          {
            "kind": "distance",
            "source": "Dist40",
            "meters": 40
          }
        ],
        "flags": {
          "groups": {
            "keep": null,
            "cut": null,
            "opening": null,
            "go": null
          },
          "bools": {
            "caution": false,
            "brake": false,
            "finish": false,
            "narrows": false,
            "tightens": false,
            "tightens_late": false,
            "late": false,
            "sudden": false
          },
          "linked_to_next": false,
          "distance_calls_m": [
            40
          ]
        },
        "ref_segment_index": 90,
        "ref_segment_t": 0.815315,
        "grp_keep": "",
        "grp_cut": "",
        "grp_opening": "",
        "grp_go": "",
        "flg_caution": false,
        "flg_brake": false,
        "flg_finish": false,
        "flg_narrows": false,
        "flg_tightens": false,
        "flg_tightens_late": false,
        "flg_late": false,
        "flg_sudden": false,
        "flg_linked_to_next": false,
        "turn_sides": "",
        "flg_turn_left": false,
        "flg_turn_right": false,
        "distance_calls_m": "40"
      }
    },
    {
      "type": "Feature",
      "geometry": {
        "type": "Point",
        "coordinates": [
          -1998.657,
          2683.743
        ]
      },
      "properties": {
        "kind": "pacenote",
        "stage": "La Bollène-Vésubie - Turini",
        "reference_track": "col_de_turini",
        "note_index": 4,
        "distance_m": 374.0,
        "distance_lookup_m": 204.746,
        "link_to_next": false,
        "notes": [
          "Left3",
          "Tighten2"
        ],
        "notes_text": "Left3, Tighten2",
        "atoms": [
          {
            "kind": "turn",
            "source": "Left3",
            "side": "left",
            "severity": 3
          },
          {
            "kind": "modifier",
            "source": "Tighten2",
            "name": "tighten",
            "level": 2
          }
        ],
        "flags": {
          "groups": {
            "keep": null,
            "cut": null,
            "opening": null,
            "go": null
          },
          "bools": {
            "caution": false,
            "brake": false,
            "finish": false,
            "narrows": false,
            "tightens": false,
            "tightens_late": false,
            "late": false,
            "sudden": false
          },
          "linked_to_next": false,
          "turn": {
            "sides": [
              "left"
            ],
            "severity_max": 3,
            "severity_min": 3
          }
        },
        "ref_segment_index": 95,
        "ref_segment_t": 0.512932,
        "grp_keep": "",
        "grp_cut": "",
        "grp_opening": "",
        "grp_go": "",
        "flg_caution": false,
        "flg_brake": false,
        "flg_finish": false,
        "flg_narrows": false,
        "flg_tightens": false,
        "flg_tightens_late": false,
        "flg_late": false,
        "flg_sudden": false,
        "flg_linked_to_next": false,
        "turn_sides": "left",
        "flg_turn_left": true,
        "flg_turn_right": false,
        "turn_severity_min": 3,
        "turn_severity_max": 3
      }
    },
    {
      "type": "Feature",
      "geometry": {
        "type": "Point",
        "coordinates": [
          -1988.753,
          2636.082
        ]
      },
      "properties": {
        "kind": "pacenote",
        "stage": "La Bollène-Vésubie - Turini",
        "reference_track": "col_de_turini",
        "note_index": 5,
        "distance_m": 432.0,
        "distance_lookup_m": 262.746,
        "link_to_next": false,
        "notes": [
          "And",
          "Left5"
        ],
        "notes_text": "And, Left5",
        "atoms": [
          {
            "kind": "connector",
            "source": "And",
            "name": "and"
          },
          {
            "kind": "turn",
            "source": "Left5",
            "side": "left",
            "severity": 5
          }
        ],
        "flags": {
          "groups": {
            "keep": null,
            "cut": null,
            "opening": null,
            "go": null
          },
          "bools": {
            "caution": false,
            "brake": false,
            "finish": false,
            "narrows": false,
            "tightens": false,
            "tightens_late": false,
            "late": false,
            "sudden": false
          },
          "linked_to_next": false,
          "turn": {
            "sides": [
              "left"
            ],
            "severity_max": 5,
            "severity_min": 5
          }
        },
        "ref_segment_index": 104,
        "ref_segment_t": 0.917527,
        "grp_keep": "",
        "grp_cut": "",
        "grp_opening": "",
        "grp_go": "",
        "flg_caution": false,
        "flg_brake": false,
        "flg_finish": false,
        "flg_narrows": false,
        "flg_tightens": false,
        "flg_tightens_late": false,
        "flg_late": false,
        "flg_sudden": false,
        "flg_linked_to_next": false,
        "turn_sides": "left",
        "flg_turn_left": true,
        "flg_turn_right": false,
        "turn_severity_min": 5,
        "turn_severity_max": 5
      }
    },
    {
      "type": "Feature",
      "geometry": {
        "type": "Point",
        "coordinates": [
          -1943.469,
          2621.068
        ]
      },
      "properties": {
        "kind": "pacenote",
        "stage": "La Bollène-Vésubie - Turini",
        "reference_track": "col_de_turini",
        "note_index": 6,
        "distance_m": 481.0,
        "distance_lookup_m": 311.746,
        "link_to_next": false,
        "notes": [
          "Dist40"
        ],
        "notes_text": "Dist40",
        "atoms": [
          {
            "kind": "distance",
            "source": "Dist40",
            "meters": 40
          }
        ],
        "flags": {
          "groups": {
            "keep": null,
            "cut": null,
            "opening": null,
            "go": null
          },
          "bools": {
            "caution": false,
            "brake": false,
            "finish": false,
            "narrows": false,
            "tightens": false,
            "tightens_late": false,
            "late": false,
            "sudden": false
          },
          "linked_to_next": false,
          "distance_calls_m": [
            40
          ]
        },
        "ref_segment_index": 111,
        "ref_segment_t": 0.600702,
        "grp_keep": "",
        "grp_cut": "",
        "grp_opening": "",
        "grp_go": "",
        "flg_caution": false,
        "flg_brake": false,
        "flg_finish": false,
        "flg_narrows": false,
        "flg_tightens": false,
        "flg_tightens_late": false,
        "flg_late": false,
        "flg_sudden": false,
        "flg_linked_to_next": false,
        "turn_sides": "",
        "flg_turn_left": false,
        "flg_turn_right": false,
        "distance_calls_m": "40"
      }
    },
    {
      "type": "Feature",
      "geometry": {
        "type": "Point",
        "coordinates": [
          -1908.787,
          2617.671
        ]
      },
      "properties": {
        "kind": "pacenote",
        "stage": "La Bollène-Vésubie - Turini",
        "reference_track": "col_de_turini",
        "note_index": 7,
        "distance_m": 516.0,
        "distance_lookup_m": 346.746,
        "link_to_next": false,
        "notes": [
          "Right3",
          "Tightens",
          "DontCut"
        ],
        "notes_text": "Right3, Tightens, DontCut",
        "atoms": [
          {
            "kind": "turn",
            "source": "Right3",
            "side": "right",
            "severity": 3
          },
          {
            "kind": "modifier",
            "source": "Tightens",
            "name": "tightens"
          },
          {
            "kind": "modifier",
            "source": "DontCut",
            "name": "dont_cut"
          }
        ],
        "flags": {
          "groups": {
            "keep": null,
            "cut": "dont_cut",
            "opening": null,
            "go": null
          },
          "bools": {
            "caution": false,
            "brake": false,
            "finish": false,
            "narrows": false,
            "tightens": true,
            "tightens_late": false,
            "late": false,
            "sudden": false
          },
          "linked_to_next": false,
          "turn": {
            "sides": [
              "right"
            ],
            "severity_max": 3,
            "severity_min": 3
          }
        },
        "ref_segment_index": 115,
        "ref_segment_t": 0.676276,
        "grp_keep": "",
        "grp_cut": "dont_cut",
        "grp_opening": "",
        "grp_go": "",
        "flg_caution": false,
        "flg_brake": false,
        "flg_finish": false,
        "flg_narrows": false,
        "flg_tightens": true,
        "flg_tightens_late": false,
        "flg_late": false,
        "flg_sudden": false,
        "flg_linked_to_next": false,
        "turn_sides": "right",
        "flg_turn_left": false,
        "flg_turn_right": true,
        "turn_severity_min": 3,
        "turn_severity_max": 3
      }
    },
    {
      "type": "Feature",
      "geometry": {
        "type": "Point",
        "coordinates": [
          -1865.861,
          2557.769
        ]
      },
      "properties": {
        "kind": "pacenote",
        "stage": "La Bollène-Vésubie - Turini",
        "reference_track": "col_de_turini",
        "note_index": 8,
        "distance_m": 599.0,
        "distance_lookup_m": 429.746,
        "link_to_next": true,
        "notes": [
          "Right5"
        ],
        "notes_text": "Right5",
        "atoms": [
          {
            "kind": "turn",
            "source": "Right5",
            "side": "right",
            "severity": 5
          }
        ],
        "flags": {
          "groups": {
            "keep": null,
            "cut": null,
            "opening": null,
            "go": null
          },
          "bools": {
            "caution": false,
            "brake": false,
            "finish": false,
            "narrows": false,
            "tightens": false,
            "tightens_late": false,
            "late": false,
            "sudden": false
          },
          "linked_to_next": true,
          "turn": {
            "sides": [
              "right"
            ],
            "severity_max": 5,
            "severity_min": 5
          }
        },
        "ref_segment_index": 127,
        "ref_segment_t": 0.55852,
        "grp_keep": "",
        "grp_cut": "",
        "grp_opening": "",
        "grp_go": "",
        "flg_caution": false,
        "flg_brake": false,
        "flg_finish": false,
        "flg_narrows": false,
        "flg_tightens": false,
        "flg_tightens_late": false,
        "flg_late": false,
        "flg_sudden": false,
        "flg_linked_to_next": true,
        "turn_sides": "right",
        "flg_turn_left": false,
        "flg_turn_right": true,
        "turn_severity_min": 5,
        "turn_severity_max": 5
      }
    },
    {
      "type": "Feature",
      "geometry": {
        "type": "Point",
        "coordinates": [
          -1866.973,
          2525.374
        ]
      },
      "properties": {
        "kind": "pacenote",
        "stage": "La Bollène-Vésubie - Turini",
        "reference_track": "col_de_turini",
        "note_index": 9,
        "distance_m": 632.0,
        "distance_lookup_m": 462.746,
        "link_to_next": false,
        "notes": [
          "Dist40"
        ],
        "notes_text": "Dist40",
        "atoms": [
          {
            "kind": "distance",
            "source": "Dist40",
            "meters": 40
          }
        ],
        "flags": {
          "groups": {
            "keep": null,
            "cut": null,
            "opening": null,
            "go": null
          },
          "bools": {
            "caution": false,
            "brake": false,
            "finish": false,
            "narrows": false,
            "tightens": false,
            "tightens_late": false,
            "late": false,
            "sudden": false
          },
          "linked_to_next": false,
          "distance_calls_m": [
            40
          ]
        },
        "ref_segment_index": 131,
        "ref_segment_t": 0.957331,
        "grp_keep": "",
        "grp_cut": "",
        "grp_opening": "",
        "grp_go": "",
        "flg_caution": false,
        "flg_brake": false,
        "flg_finish": false,
        "flg_narrows": false,
        "flg_tightens": false,
        "flg_tightens_late": false,
        "flg_late": false,
        "flg_sudden": false,
        "flg_linked_to_next": false,
        "turn_sides": "",
        "flg_turn_left": false,
        "flg_turn_right": false,
        "distance_calls_m": "40"
      }
    },
    {
      "type": "Feature",
      "geometry": {
        "type": "Point",
        "coordinates": [
          -1872.629,
          2481.965
        ]
      },
      "properties": {
        "kind": "pacenote",
        "stage": "La Bollène-Vésubie - Turini",
        "reference_track": "col_de_turini",
        "note_index": 10,
        "distance_m": 676.0,
        "distance_lookup_m": 506.746,
        "link_to_next": true,
        "notes": [
          "Left5"
        ],
        "notes_text": "Left5",
        "atoms": [
          {
            "kind": "turn",
            "source": "Left5",
            "side": "left",
            "severity": 5
          }
        ],
        "flags": {
          "groups": {
            "keep": null,
            "cut": null,
            "opening": null,
            "go": null
          },
          "bools": {
            "caution": false,
            "brake": false,
            "finish": false,
            "narrows": false,
            "tightens": false,
            "tightens_late": false,
            "late": false,
            "sudden": false
          },
          "linked_to_next": true,
          "turn": {
            "sides": [
              "left"
            ],
            "severity_max": 5,
            "severity_min": 5
          }
        },
        "ref_segment_index": 137,
        "ref_segment_t": 0.00931,
        "grp_keep": "",
        "grp_cut": "",
        "grp_opening": "",
        "grp_go": "",
        "flg_caution": false,
        "flg_brake": false,
        "flg_finish": false,
        "flg_narrows": false,
        "flg_tightens": false,
        "flg_tightens_late": false,
        "flg_late": false,
        "flg_sudden": false,
        "flg_linked_to_next": true,
        "turn_sides": "left",
        "flg_turn_left": true,
        "flg_turn_right": false,
        "turn_severity_min": 5,
        "turn_severity_max": 5
      }
    },
    {
      "type": "Feature",
      "geometry": {
        "type": "Point",
        "coordinates": [
          -1869.721,
          2444.486
        ]
      },
      "properties": {
        "kind": "pacenote",
        "stage": "La Bollène-Vésubie - Turini",
        "reference_track": "col_de_turini",
        "note_index": 11,
        "distance_m": 714.0,
        "distance_lookup_m": 544.746,
        "link_to_next": false,
        "notes": [
          "Dist50"
        ],
        "notes_text": "Dist50",
        "atoms": [
          {
            "kind": "distance",
            "source": "Dist50",
            "meters": 50
          }
        ],
        "flags": {
          "groups": {
            "keep": null,
            "cut": null,
            "opening": null,
            "go": null
          },
          "bools": {
            "caution": false,
            "brake": false,
            "finish": false,
            "narrows": false,
            "tightens": false,
            "tightens_late": false,
            "late": false,
            "sudden": false
          },
          "linked_to_next": false,
          "distance_calls_m": [
            50
          ]
        },
        "ref_segment_index": 140,
        "ref_segment_t": 0.814405,
        "grp_keep": "",
        "grp_cut": "",
        "grp_opening": "",
        "grp_go": "",
        "flg_caution": false,
        "flg_brake": false,
        "flg_finish": false,
        "flg_narrows": false,
        "flg_tightens": false,
        "flg_tightens_late": false,
        "flg_late": false,
        "flg_sudden": false,
        "flg_linked_to_next": false,
        "turn_sides": "",
        "flg_turn_left": false,
        "flg_turn_right": false,
        "distance_calls_m": "50"
      }
    },
    {
      "type": "Feature",
      "geometry": {
        "type": "Point",
        "coordinates": [
          -1861.84,
          2396.288
        ]
      },
      "properties": {
        "kind": "pacenote",
        "stage": "La Bollène-Vésubie - Turini",
        "reference_track": "col_de_turini",
        "note_index": 12,
        "distance_m": 763.0,
        "distance_lookup_m": 593.746,
        "link_to_next": true,
        "notes": [
          "Right6"
        ],
        "notes_text": "Right6",
        "atoms": [
          {
            "kind": "turn",
            "source": "Right6",
            "side": "right",
            "severity": 6
          }
        ],
        "flags": {
          "groups": {
            "keep": null,
            "cut": null,
            "opening": null,
            "go": null
          },
          "bools": {
            "caution": false,
            "brake": false,
            "finish": false,
            "narrows": false,
            "tightens": false,
            "tightens_late": false,
            "late": false,
            "sudden": false
          },
          "linked_to_next": true,
          "turn": {
            "sides": [
              "right"
            ],
            "severity_max": 6,
            "severity_min": 6
          }
        },
        "ref_segment_index": 145,
        "ref_segment_t": 0.314551,
        "grp_keep": "",
        "grp_cut": "",
        "grp_opening": "",
        "grp_go": "",
        "flg_caution": false,
        "flg_brake": false,
        "flg_finish": false,
        "flg_narrows": false,
        "flg_tightens": false,
        "flg_tightens_late": false,
        "flg_late": false,
        "flg_sudden": false,
        "flg_linked_to_next": true,
        "turn_sides": "right",
        "flg_turn_left": false,
        "flg_turn_right": true,
        "turn_severity_min": 6,
        "turn_severity_max": 6
      }
    },
    {
      "type": "Feature",
      "geometry": {
        "type": "Point",
        "coordinates": [
          -1859.219,
          2366.584
        ]
      },
      "properties": {
        "kind": "pacenote",
        "stage": "La Bollène-Vésubie - Turini",
        "reference_track": "col_de_turini",
        "note_index": 13,
        "distance_m": 793.0,
        "distance_lookup_m": 623.746,
        "link_to_next": false,
        "notes": [
          "And",
          "Left6"
        ],
        "notes_text": "And, Left6",
        "atoms": [
          {
            "kind": "connector",
            "source": "And",
            "name": "and"
          },
          {
            "kind": "turn",
            "source": "Left6",
            "side": "left",
            "severity": 6
          }
        ],
        "flags": {
          "groups": {
            "keep": null,
            "cut": null,
            "opening": null,
            "go": null
          },
          "bools": {
            "caution": false,
            "brake": false,
            "finish": false,
            "narrows": false,
            "tightens": false,
            "tightens_late": false,
            "late": false,
            "sudden": false
          },
          "linked_to_next": false,
          "turn": {
            "sides": [
              "left"
            ],
            "severity_max": 6,
            "severity_min": 6
          }
        },
        "ref_segment_index": 147,
        "ref_segment_t": 0.959443,
        "grp_keep": "",
        "grp_cut": "",
        "grp_opening": "",
        "grp_go": "",
        "flg_caution": false,
        "flg_brake": false,
        "flg_finish": false,
        "flg_narrows": false,
        "flg_tightens": false,
        "flg_tightens_late": false,
        "flg_late": false,
        "flg_sudden": false,
        "flg_linked_to_next": false,
        "turn_sides": "left",
        "flg_turn_left": true,
        "flg_turn_right": false,
        "turn_severity_min": 6,
        "turn_severity_max": 6
      }
    },
    {
      "type": "Feature",
      "geometry": {
        "type": "Point",
        "coordinates": [
          -1853.522,
          2328.432
        ]
      },
      "properties": {
        "kind": "pacenote",
        "stage": "La Bollène-Vésubie - Turini",
        "reference_track": "col_de_turini",
        "note_index": 14,
        "distance_m": 832.0,
        "distance_lookup_m": 662.746,
        "link_to_next": false,
        "notes": [
          "And",
          "Right6"
        ],
        "notes_text": "And, Right6",
        "atoms": [
          {
            "kind": "connector",
            "source": "And",
            "name": "and"
          },
          {
            "kind": "turn",
            "source": "Right6",
            "side": "right",
            "severity": 6
          }
        ],
        "flags": {
          "groups": {
            "keep": null,
            "cut": null,
            "opening": null,
            "go": null
          },
          "bools": {
            "caution": false,
            "brake": false,
            "finish": false,
            "narrows": false,
            "tightens": false,
            "tightens_late": false,
            "late": false,
            "sudden": false
          },
          "linked_to_next": false,
          "turn": {
            "sides": [
              "right"
            ],
            "severity_max": 6,
            "severity_min": 6
          }
        },
        "ref_segment_index": 151,
        "ref_segment_t": 0.297099,
        "grp_keep": "",
        "grp_cut": "",
        "grp_opening": "",
        "grp_go": "",
        "flg_caution": false,
        "flg_brake": false,
        "flg_finish": false,
        "flg_narrows": false,
        "flg_tightens": false,
        "flg_tightens_late": false,
        "flg_late": false,
        "flg_sudden": false,
        "flg_linked_to_next": false,
        "turn_sides": "right",
        "flg_turn_left": false,
        "flg_turn_right": true,
        "turn_severity_min": 6,
        "turn_severity_max": 6
      }
    },
    {
      "type": "Feature",
      "geometry": {
        "type": "Point",
        "coordinates": [
          -1850.071,
          2257.047
        ]
      },
      "properties": {
        "kind": "pacenote",
        "stage": "La Bollène-Vésubie - Turini",
        "reference_track": "col_de_turini",
        "note_index": 15,
        "distance_m": 904.0,
        "distance_lookup_m": 734.746,
        "link_to_next": true,
        "notes": [
          "Into",
          "Left4"
        ],
        "notes_text": "Into, Left4",
        "atoms": [
          {
            "kind": "connector",
            "source": "Into",
            "name": "into"
          },
          {
            "kind": "turn",
            "source": "Left4",
            "side": "left",
            "severity": 4
          }
        ],
        "flags": {
          "groups": {
            "keep": null,
            "cut": null,
            "opening": null,
            "go": null
          },
          "bools": {
            "caution": false,
            "brake": false,
            "finish": false,
            "narrows": false,
            "tightens": false,
            "tightens_late": false,
            "late": false,
            "sudden": false
          },
          "linked_to_next": true,
          "turn": {
            "sides": [
              "left"
            ],
            "severity_max": 4,
            "severity_min": 4
          }
        },
        "ref_segment_index": 157,
        "ref_segment_t": 0.470658,
        "grp_keep": "",
        "grp_cut": "",
        "grp_opening": "",
        "grp_go": "",
        "flg_caution": false,
        "flg_brake": false,
        "flg_finish": false,
        "flg_narrows": false,
        "flg_tightens": false,
        "flg_tightens_late": false,
        "flg_late": false,
        "flg_sudden": false,
        "flg_linked_to_next": true,
        "turn_sides": "left",
        "flg_turn_left": true,
        "flg_turn_right": false,
        "turn_severity_min": 4,
        "turn_severity_max": 4
      }
    },
    {
      "type": "Feature",
      "geometry": {
        "type": "Point",
        "coordinates": [
          -1844.041,
          2224.139
        ]
      },
      "properties": {
        "kind": "pacenote",
        "stage": "La Bollène-Vésubie - Turini",
        "reference_track": "col_de_turini",
        "note_index": 16,
        "distance_m": 938.0,
        "distance_lookup_m": 768.746,
        "link_to_next": true,
        "notes": [
          "And",
          "Right5",
          "Tighten4",
          "Long"
        ],
        "notes_text": "And, Right5, Tighten4, Long",
        "atoms": [
          {
            "kind": "connector",
            "source": "And",
            "name": "and"
          },
          {
            "kind": "turn",
            "source": "Right5",
            "side": "right",
            "severity": 5
          },
          {
            "kind": "modifier",
            "source": "Tighten4",
            "name": "tighten",
            "level": 4
          },
          {
            "kind": "length",
            "source": "Long",
            "name": "long"
          }
        ],
        "flags": {
          "groups": {
            "keep": null,
            "cut": null,
            "opening": null,
            "go": null
          },
          "bools": {
            "caution": false,
            "brake": false,
            "finish": false,
            "narrows": false,
            "tightens": false,
            "tightens_late": false,
            "late": false,
            "sudden": false
          },
          "linked_to_next": true,
          "turn": {
            "sides": [
              "right"
            ],
            "severity_max": 5,
            "severity_min": 5
          }
        },
        "ref_segment_index": 160,
        "ref_segment_t": 0.567512,
        "grp_keep": "",
        "grp_cut": "",
        "grp_opening": "",
        "grp_go": "",
        "flg_caution": false,
        "flg_brake": false,
        "flg_finish": false,
        "flg_narrows": false,
        "flg_tightens": false,
        "flg_tightens_late": false,
        "flg_late": false,
        "flg_sudden": false,
        "flg_linked_to_next": true,
        "turn_sides": "right",
        "flg_turn_left": false,
        "flg_turn_right": true,
        "turn_severity_min": 5,
        "turn_severity_max": 5
      }
    },
    {
      "type": "Feature",
      "geometry": {
        "type": "Point",
        "coordinates": [
          -1846.487,
          2150.57
        ]
      },
      "properties": {
        "kind": "pacenote",
        "stage": "La Bollène-Vésubie - Turini",
        "reference_track": "col_de_turini",
        "note_index": 17,
        "distance_m": 1015.0,
        "distance_lookup_m": 845.746,
        "link_to_next": false,
        "notes": [
          "Dist60"
        ],
        "notes_text": "Dist60",
        "atoms": [
          {
            "kind": "distance",
            "source": "Dist60",
            "meters": 60
          }
        ],
        "flags": {
          "groups": {
            "keep": null,
            "cut": null,
            "opening": null,
            "go": null
          },
          "bools": {
            "caution": false,
            "brake": false,
            "finish": false,
            "narrows": false,
            "tightens": false,
            "tightens_late": false,
            "late": false,
            "sudden": false
          },
          "linked_to_next": false,
          "distance_calls_m": [
            60
          ]
        },
        "ref_segment_index": 168,
        "ref_segment_t": 0.998179,
        "grp_keep": "",
        "grp_cut": "",
        "grp_opening": "",
        "grp_go": "",
        "flg_caution": false,
        "flg_brake": false,
        "flg_finish": false,
        "flg_narrows": false,
        "flg_tightens": false,
        "flg_tightens_late": false,
        "flg_late": false,
        "flg_sudden": false,
        "flg_linked_to_next": false,
        "turn_sides": "",
        "flg_turn_left": false,
        "flg_turn_right": false,
        "distance_calls_m": "60"
      }
    },
    {
      "type": "Feature",
      "geometry": {
        "type": "Point",
        "coordinates": [
          -1880.723,
          2097.044
        ]
      },
      "properties": {
        "kind": "pacenote",
        "stage": "La Bollène-Vésubie - Turini",
        "reference_track": "col_de_turini",
        "note_index": 18,
        "distance_m": 1079.0,
        "distance_lookup_m": 909.746,
        "link_to_next": true,
        "notes": [
          "Brake",
          "Left2",
          "Long"
        ],
        "notes_text": "Brake, Left2, Long",
        "atoms": [
          {
            "kind": "hazard",
            "source": "Brake",
            "name": "brake"
          },
          {
            "kind": "turn",
            "source": "Left2",
            "side": "left",
            "severity": 2
          },
          {
            "kind": "length",
            "source": "Long",
            "name": "long"
          }
        ],
        "flags": {
          "groups": {
            "keep": null,
            "cut": null,
            "opening": null,
            "go": null
          },
          "bools": {
            "caution": false,
            "brake": true,
            "finish": false,
            "narrows": false,
            "tightens": false,
            "tightens_late": false,
            "late": false,
            "sudden": false
          },
          "linked_to_next": true,
          "turn": {
            "sides": [
              "left"
            ],
            "severity_max": 2,
            "severity_min": 2
          }
        },
        "ref_segment_index": 176,
        "ref_segment_t": 0.239071,
        "grp_keep": "",
        "grp_cut": "",
        "grp_opening": "",
        "grp_go": "",
        "flg_caution": false,
        "flg_brake": true,
        "flg_finish": false,
        "flg_narrows": false,
        "flg_tightens": false,
        "flg_tightens_late": false,
        "flg_late": false,
        "flg_sudden": false,
        "flg_linked_to_next": true,
        "turn_sides": "left",
        "flg_turn_left": true,
        "flg_turn_right": false,
        "turn_severity_min": 2,
        "turn_severity_max": 2
      }
    },
    {
      "type": "Feature",
      "geometry": {
        "type": "Point",
        "coordinates": [
          -1856.19,
          2055.447
        ]
      },
      "properties": {
        "kind": "pacenote",
        "stage": "La Bollène-Vésubie - Turini",
        "reference_track": "col_de_turini",
        "note_index": 19,
        "distance_m": 1144.0,
        "distance_lookup_m": 974.746,
        "link_to_next": false,
        "notes": [
          "Dist70"
        ],
        "notes_text": "Dist70",
        "atoms": [
          {
            "kind": "distance",
            "source": "Dist70",
            "meters": 70
          }
        ],
        "flags": {
          "groups": {
            "keep": null,
            "cut": null,
            "opening": null,
            "go": null
          },
          "bools": {
            "caution": false,
            "brake": false,
            "finish": false,
            "narrows": false,
            "tightens": false,
            "tightens_late": false,
            "late": false,
            "sudden": false
          },
          "linked_to_next": false,
          "distance_calls_m": [
            70
          ]
        },
        "ref_segment_index": 188,
        "ref_segment_t": 0.622416,
        "grp_keep": "",
        "grp_cut": "",
        "grp_opening": "",
        "grp_go": "",
        "flg_caution": false,
        "flg_brake": false,
        "flg_finish": false,
        "flg_narrows": false,
        "flg_tightens": false,
        "flg_tightens_late": false,
        "flg_late": false,
        "flg_sudden": false,
        "flg_linked_to_next": false,
        "turn_sides": "",
        "flg_turn_left": false,
        "flg_turn_right": false,
        "distance_calls_m": "70"
      }
    },
    {
      "type": "Feature",
      "geometry": {
        "type": "Point",
        "coordinates": [
          -1789.405,
          2067.516
        ]
      },
      "properties": {
        "kind": "pacenote",
        "stage": "La Bollène-Vésubie - Turini",
        "reference_track": "col_de_turini",
        "note_index": 20,
        "distance_m": 1212.0,
        "distance_lookup_m": 1042.746,
        "link_to_next": true,
        "notes": [
          "Left4",
          "Narrows"
        ],
        "notes_text": "Left4, Narrows",
        "atoms": [
          {
            "kind": "turn",
            "source": "Left4",
            "side": "left",
            "severity": 4
          },
          {
            "kind": "modifier",
            "source": "Narrows",
            "name": "narrows"
          }
        ],
        "flags": {
          "groups": {
            "keep": null,
            "cut": null,
            "opening": null,
            "go": null
          },
          "bools": {
            "caution": false,
            "brake": false,
            "finish": false,
            "narrows": true,
            "tightens": false,
            "tightens_late": false,
            "late": false,
            "sudden": false
          },
          "linked_to_next": true,
          "turn": {
            "sides": [
              "left"
            ],
            "severity_max": 4,
            "severity_min": 4
          }
        },
        "ref_segment_index": 197,
        "ref_segment_t": 0.491479,
        "grp_keep": "",
        "grp_cut": "",
        "grp_opening": "",
        "grp_go": "",
        "flg_caution": false,
        "flg_brake": false,
        "flg_finish": false,
        "flg_narrows": true,
        "flg_tightens": false,
        "flg_tightens_late": false,
        "flg_late": false,
        "flg_sudden": false,
        "flg_linked_to_next": true,
        "turn_sides": "left",
        "flg_turn_left": true,
        "flg_turn_right": false,
        "turn_severity_min": 4,
        "turn_severity_max": 4
      }
    },
    {
      "type": "Feature",
      "geometry": {
        "type": "Point",
        "coordinates": [
          -1758.587,
          2080.333
        ]
      },
      "properties": {
        "kind": "pacenote",
        "stage": "La Bollène-Vésubie - Turini",
        "reference_track": "col_de_turini",
        "note_index": 21,
        "distance_m": 1246.0,
        "distance_lookup_m": 1076.746,
        "link_to_next": false,
        "notes": [
          "Pause0.1s_Reset",
          "Into",
          "Right4",
          "Long",
          "Pause0.1s",
          "Tighten2",
          "Late"
        ],
        "notes_text": "Pause0.1s_Reset, Into, Right4, Long, Pause0.1s, Tighten2, Late",
        "atoms": [
          {
            "kind": "pause",
            "source": "Pause0.1s_Reset",
            "seconds": 0.1,
            "reset": true
          },
          {
            "kind": "connector",
            "source": "Into",
            "name": "into"
          },
          {
            "kind": "turn",
            "source": "Right4",
            "side": "right",
            "severity": 4
          },
          {
            "kind": "length",
            "source": "Long",
            "name": "long"
          },
          {
            "kind": "pause",
            "source": "Pause0.1s",
            "seconds": 0.1,
            "reset": false
          },
          {
            "kind": "modifier",
            "source": "Tighten2",
            "name": "tighten",
            "level": 2
          },
          {
            "kind": "modifier",
            "source": "Late",
            "name": "late"
          }
        ],
        "flags": {
          "groups": {
            "keep": null,
            "cut": null,
            "opening": null,
            "go": null
          },
          "bools": {
            "caution": false,
            "brake": false,
            "finish": false,
            "narrows": false,
            "tightens": false,
            "tightens_late": false,
            "late": true,
            "sudden": false
          },
          "linked_to_next": false,
          "turn": {
            "sides": [
              "right"
            ],
            "severity_max": 4,
            "severity_min": 4
          },
          "pause_seconds": [
            0.1,
            0.1
          ]
        },
        "ref_segment_index": 202,
        "ref_segment_t": 0.121036,
        "grp_keep": "",
        "grp_cut": "",
        "grp_opening": "",
        "grp_go": "",
        "flg_caution": false,
        "flg_brake": false,
        "flg_finish": false,
        "flg_narrows": false,
        "flg_tightens": false,
        "flg_tightens_late": false,
        "flg_late": true,
        "flg_sudden": false,
        "flg_linked_to_next": false,
        "turn_sides": "right",
        "flg_turn_left": false,
        "flg_turn_right": true,
        "turn_severity_min": 4,
        "turn_severity_max": 4,
        "pause_seconds": "0.1,0.1"
      }
    },
    {
      "type": "Feature",
      "geometry": {
        "type": "Point",
        "coordinates": [
          -1684.926,
          2059.735
        ]
      },
      "properties": {
        "kind": "pacenote",
        "stage": "La Bollène-Vésubie - Turini",
        "reference_track": "col_de_turini",
        "note_index": 22,
        "distance_m": 1335.0,
        "distance_lookup_m": 1165.746,
        "link_to_next": false,
        "notes": [
          "And",
          "Left3",
          "Tighten2",
          "Late"
        ],
        "notes_text": "And, Left3, Tighten2, Late",
        "atoms": [
          {
            "kind": "connector",
            "source": "And",
            "name": "and"
          },
          {
            "kind": "turn",
            "source": "Left3",
            "side": "left",
            "severity": 3
          },
          {
            "kind": "modifier",
            "source": "Tighten2",
            "name": "tighten",
            "level": 2
          },
          {
            "kind": "modifier",
            "source": "Late",
            "name": "late"
          }
        ],
        "flags": {
          "groups": {
            "keep": null,
            "cut": null,
            "opening": null,
            "go": null
          },
          "bools": {
            "caution": false,
            "brake": false,
            "finish": false,
            "narrows": false,
            "tightens": false,
            "tightens_late": false,
            "late": true,
            "sudden": false
          },
          "linked_to_next": false,
          "turn": {
            "sides": [
              "left"
            ],
            "severity_max": 3,
            "severity_min": 3
          }
        },
        "ref_segment_index": 215,
        "ref_segment_t": 0.809284,
        "grp_keep": "",
        "grp_cut": "",
        "grp_opening": "",
        "grp_go": "",
        "flg_caution": false,
        "flg_brake": false,
        "flg_finish": false,
        "flg_narrows": false,
        "flg_tightens": false,
        "flg_tightens_late": false,
        "flg_late": true,
        "flg_sudden": false,
        "flg_linked_to_next": false,
        "turn_sides": "left",
        "flg_turn_left": true,
        "flg_turn_right": false,
        "turn_severity_min": 3,
        "turn_severity_max": 3
      }
    },
    {
      "type": "Feature",
      "geometry": {
        "type": "Point",
        "coordinates": [
          -1608.693,
          2042.463
        ]
      },
      "properties": {
        "kind": "pacenote",
        "stage": "La Bollène-Vésubie - Turini",
        "reference_track": "col_de_turini",
        "note_index": 23,
        "distance_m": 1430.0,
        "distance_lookup_m": 1260.746,
        "link_to_next": false,
        "notes": [
          "Left4"
        ],
        "notes_text": "Left4",
        "atoms": [
          {
            "kind": "turn",
            "source": "Left4",
            "side": "left",
            "severity": 4
          }
        ],
        "flags": {
          "groups": {
            "keep": null,
            "cut": null,
            "opening": null,
            "go": null
          },
          "bools": {
            "caution": false,
            "brake": false,
            "finish": false,
            "narrows": false,
            "tightens": false,
            "tightens_late": false,
            "late": false,
            "sudden": false
          },
          "linked_to_next": false,
          "turn": {
            "sides": [
              "left"
            ],
            "severity_max": 4,
            "severity_min": 4
          }
        },
        "ref_segment_index": 231,
        "ref_segment_t": 0.596983,
        "grp_keep": "",
        "grp_cut": "",
        "grp_opening": "",
        "grp_go": "",
        "flg_caution": false,
        "flg_brake": false,
        "flg_finish": false,
        "flg_narrows": false,
        "flg_tightens": false,
        "flg_tightens_late": false,
        "flg_late": false,
        "flg_sudden": false,
        "flg_linked_to_next": false,
        "turn_sides": "left",
        "flg_turn_left": true,
        "flg_turn_right": false,
        "turn_severity_min": 4,
        "turn_severity_max": 4
      }
    },
    {
      "type": "Feature",
      "geometry": {
        "type": "Point",
        "coordinates": [
          -1576.509,
          2065.346
        ]
      },
      "properties": {
        "kind": "pacenote",
        "stage": "La Bollène-Vésubie - Turini",
        "reference_track": "col_de_turini",
        "note_index": 24,
        "distance_m": 1470.0,
        "distance_lookup_m": 1300.746,
        "link_to_next": false,
        "notes": [
          "And",
          "Right3",
          "Tighten2",
          "Late"
        ],
        "notes_text": "And, Right3, Tighten2, Late",
        "atoms": [
          {
            "kind": "connector",
            "source": "And",
            "name": "and"
          },
          {
            "kind": "turn",
            "source": "Right3",
            "side": "right",
            "severity": 3
          },
          {
            "kind": "modifier",
            "source": "Tighten2",
            "name": "tighten",
            "level": 2
          },
          {
            "kind": "modifier",
            "source": "Late",
            "name": "late"
          }
        ],
        "flags": {
          "groups": {
            "keep": null,
            "cut": null,
            "opening": null,
            "go": null
          },
          "bools": {
            "caution": false,
            "brake": false,
            "finish": false,
            "narrows": false,
            "tightens": false,
            "tightens_late": false,
            "late": true,
            "sudden": false
          },
          "linked_to_next": false,
          "turn": {
            "sides": [
              "right"
            ],
            "severity_max": 3,
            "severity_min": 3
          }
        },
        "ref_segment_index": 237,
        "ref_segment_t": 0.179341,
        "grp_keep": "",
        "grp_cut": "",
        "grp_opening": "",
        "grp_go": "",
        "flg_caution": false,
        "flg_brake": false,
        "flg_finish": false,
        "flg_narrows": false,
        "flg_tightens": false,
        "flg_tightens_late": false,
        "flg_late": true,
        "flg_sudden": false,
        "flg_linked_to_next": false,
        "turn_sides": "right",
        "flg_turn_left": false,
        "flg_turn_right": true,
        "turn_severity_min": 3,
        "turn_severity_max": 3
      }
    },
    {
      "type": "Feature",
      "geometry": {
        "type": "Point",
        "coordinates": [
          -1514.046,
          2078.405
        ]
      },
      "properties": {
        "kind": "pacenote",
        "stage": "La Bollène-Vésubie - Turini",
        "reference_track": "col_de_turini",
        "note_index": 25,
        "distance_m": 1539.0,
        "distance_lookup_m": 1369.746,
        "link_to_next": true,
        "notes": [
          "And",
          "Left3"
        ],
        "notes_text": "And, Left3",
        "atoms": [
          {
            "kind": "connector",
            "source": "And",
            "name": "and"
          },
          {
            "kind": "turn",
            "source": "Left3",
            "side": "left",
            "severity": 3
          }
        ],
        "flags": {
          "groups": {
            "keep": null,
            "cut": null,
            "opening": null,
            "go": null
          },
          "bools": {
            "caution": false,
            "brake": false,
            "finish": false,
            "narrows": false,
            "tightens": false,
            "tightens_late": false,
            "late": false,
            "sudden": false
          },
          "linked_to_next": true,
          "turn": {
            "sides": [
              "left"
            ],
            "severity_max": 3,
            "severity_min": 3
          }
        },
        "ref_segment_index": 247,
        "ref_segment_t": 0.099239,
        "grp_keep": "",
        "grp_cut": "",
        "grp_opening": "",
        "grp_go": "",
        "flg_caution": false,
        "flg_brake": false,
        "flg_finish": false,
        "flg_narrows": false,
        "flg_tightens": false,
        "flg_tightens_late": false,
        "flg_late": false,
        "flg_sudden": false,
        "flg_linked_to_next": true,
        "turn_sides": "left",
        "flg_turn_left": true,
        "flg_turn_right": false,
        "turn_severity_min": 3,
        "turn_severity_max": 3
      }
    },
    {
      "type": "Feature",
      "geometry": {
        "type": "Point",
        "coordinates": [
          -1473.186,
          2074.242
        ]
      },
      "properties": {
        "kind": "pacenote",
        "stage": "La Bollène-Vésubie - Turini",
        "reference_track": "col_de_turini",
        "note_index": 26,
        "distance_m": 1582.0,
        "distance_lookup_m": 1412.746,
        "link_to_next": true,
        "notes": [
          "And",
          "Right3"
        ],
        "notes_text": "And, Right3",
        "atoms": [
          {
            "kind": "connector",
            "source": "And",
            "name": "and"
          },
          {
            "kind": "turn",
            "source": "Right3",
            "side": "right",
            "severity": 3
          }
        ],
        "flags": {
          "groups": {
            "keep": null,
            "cut": null,
            "opening": null,
            "go": null
          },
          "bools": {
            "caution": false,
            "brake": false,
            "finish": false,
            "narrows": false,
            "tightens": false,
            "tightens_late": false,
            "late": false,
            "sudden": false
          },
          "linked_to_next": true,
          "turn": {
            "sides": [
              "right"
            ],
            "severity_max": 3,
            "severity_min": 3
          }
        },
        "ref_segment_index": 253,
        "ref_segment_t": 0.022278,
        "grp_keep": "",
        "grp_cut": "",
        "grp_opening": "",
        "grp_go": "",
        "flg_caution": false,
        "flg_brake": false,
        "flg_finish": false,
        "flg_narrows": false,
        "flg_tightens": false,
        "flg_tightens_late": false,
        "flg_late": false,
        "flg_sudden": false,
        "flg_linked_to_next": true,
        "turn_sides": "right",
        "flg_turn_left": false,
        "flg_turn_right": true,
        "turn_severity_min": 3,
        "turn_severity_max": 3
      }
    },
    {
      "type": "Feature",
      "geometry": {
        "type": "Point",
        "coordinates": [
          -1450.636,
          2073.684
        ]
      },
      "properties": {
        "kind": "pacenote",
        "stage": "La Bollène-Vésubie - Turini",
        "reference_track": "col_de_turini",
        "note_index": 27,
        "distance_m": 1605.0,
        "distance_lookup_m": 1435.746,
        "link_to_next": true,
        "notes": [
          "Pause0.1s_Reset",
          "And",
          "Left3"
        ],
        "notes_text": "Pause0.1s_Reset, And, Left3",
        "atoms": [
          {
            "kind": "pause",
            "source": "Pause0.1s_Reset",
            "seconds": 0.1,
            "reset": true
          },
          {
            "kind": "connector",
            "source": "And",
            "name": "and"
          },
          {
            "kind": "turn",
            "source": "Left3",
            "side": "left",
            "severity": 3
          }
        ],
        "flags": {
          "groups": {
            "keep": null,
            "cut": null,
            "opening": null,
            "go": null
          },
          "bools": {
            "caution": false,
            "brake": false,
            "finish": false,
            "narrows": false,
            "tightens": false,
            "tightens_late": false,
            "late": false,
            "sudden": false
          },
          "linked_to_next": true,
          "turn": {
            "sides": [
              "left"
            ],
            "severity_max": 3,
            "severity_min": 3
          },
          "pause_seconds": [
            0.1
          ]
        },
        "ref_segment_index": 256,
        "ref_segment_t": 0.127137,
        "grp_keep": "",
        "grp_cut": "",
        "grp_opening": "",
        "grp_go": "",
        "flg_caution": false,
        "flg_brake": false,
        "flg_finish": false,
        "flg_narrows": false,
        "flg_tightens": false,
        "flg_tightens_late": false,
        "flg_late": false,
        "flg_sudden": false,
        "flg_linked_to_next": true,
        "turn_sides": "left",
        "flg_turn_left": true,
        "flg_turn_right": false,
        "turn_severity_min": 3,
        "turn_severity_max": 3,
        "pause_seconds": "0.1"
      }
    },
    {
      "type": "Feature",
      "geometry": {
        "type": "Point",
        "coordinates": [
          -1427.833,
          2076.041
        ]
      },
      "properties": {
        "kind": "pacenote",
        "stage": "La Bollène-Vésubie - Turini",
        "reference_track": "col_de_turini",
        "note_index": 28,
        "distance_m": 1629.0,
        "distance_lookup_m": 1459.746,
        "link_to_next": false,
        "notes": [
          "Pause0.1s_Reset",
          "Into",
          "Right1",
          "Long"
        ],
        "notes_text": "Pause0.1s_Reset, Into, Right1, Long",
        "atoms": [
          {
            "kind": "pause",
            "source": "Pause0.1s_Reset",
            "seconds": 0.1,
            "reset": true
          },
          {
            "kind": "connector",
            "source": "Into",
            "name": "into"
          },
          {
            "kind": "turn",
            "source": "Right1",
            "side": "right",
            "severity": 1
          },
          {
            "kind": "length",
            "source": "Long",
            "name": "long"
          }
        ],
        "flags": {
          "groups": {
            "keep": null,
            "cut": null,
            "opening": null,
            "go": null
          },
          "bools": {
            "caution": false,
            "brake": false,
            "finish": false,
            "narrows": false,
            "tightens": false,
            "tightens_late": false,
            "late": false,
            "sudden": false
          },
          "linked_to_next": false,
          "turn": {
            "sides": [
              "right"
            ],
            "severity_max": 1,
            "severity_min": 1
          },
          "pause_seconds": [
            0.1
          ]
        },
        "ref_segment_index": 260,
        "ref_segment_t": 0.34299,
        "grp_keep": "",
        "grp_cut": "",
        "grp_opening": "",
        "grp_go": "",
        "flg_caution": false,
        "flg_brake": false,
        "flg_finish": false,
        "flg_narrows": false,
        "flg_tightens": false,
        "flg_tightens_late": false,
        "flg_late": false,
        "flg_sudden": false,
        "flg_linked_to_next": false,
        "turn_sides": "right",
        "flg_turn_left": false,
        "flg_turn_right": true,
        "turn_severity_min": 1,
        "turn_severity_max": 1,
        "pause_seconds": "0.1"
      }
    },
    {
      "type": "Feature",
      "geometry": {
        "type": "Point",
        "coordinates": [
          -1404.506,
          2048.794
        ]
      },
      "properties": {
        "kind": "pacenote",
        "stage": "La Bollène-Vésubie - Turini",
        "reference_track": "col_de_turini",
        "note_index": 29,
        "distance_m": 1676.0,
        "distance_lookup_m": 1506.746,
        "link_to_next": false,
        "notes": [
          "And",
          "Left2"
        ],
        "notes_text": "And, Left2",
        "atoms": [
          {
            "kind": "connector",
            "source": "And",
            "name": "and"
          },
          {
            "kind": "turn",
            "source": "Left2",
            "side": "left",
            "severity": 2
          }
        ],
        "flags": {
          "groups": {
            "keep": null,
            "cut": null,
            "opening": null,
            "go": null
          },
          "bools": {
            "caution": false,
            "brake": false,
            "finish": false,
            "narrows": false,
            "tightens": false,
            "tightens_late": false,
            "late": false,
            "sudden": false
          },
          "linked_to_next": false,
          "turn": {
            "sides": [
              "left"
            ],
            "severity_max": 2,
            "severity_min": 2
          }
        },
        "ref_segment_index": 270,
        "ref_segment_t": 0.262187,
        "grp_keep": "",
        "grp_cut": "",
        "grp_opening": "",
        "grp_go": "",
        "flg_caution": false,
        "flg_brake": false,
        "flg_finish": false,
        "flg_narrows": false,
        "flg_tightens": false,
        "flg_tightens_late": false,
        "flg_late": false,
        "flg_sudden": false,
        "flg_linked_to_next": false,
        "turn_sides": "left",
        "flg_turn_left": true,
        "flg_turn_right": false,
        "turn_severity_min": 2,
        "turn_severity_max": 2
      }
    },
    {
      "type": "Feature",
      "geometry": {
        "type": "Point",
        "coordinates": [
          -1383.933,
          2002.416
        ]
      },
      "properties": {
        "kind": "pacenote",
        "stage": "La Bollène-Vésubie - Turini",
        "reference_track": "col_de_turini",
        "note_index": 30,
        "distance_m": 1731.0,
        "distance_lookup_m": 1561.746,
        "link_to_next": false,
        "notes": [
          "Right6",
          "ThroughTunnel"
        ],
        "notes_text": "Right6, ThroughTunnel",
        "atoms": [
          {
            "kind": "turn",
            "source": "Right6",
            "side": "right",
            "severity": 6
          },
          {
            "kind": "other",
            "source": "ThroughTunnel",
            "name": "ThroughTunnel"
          }
        ],
        "flags": {
          "groups": {
            "keep": null,
            "cut": null,
            "opening": null,
            "go": null
          },
          "bools": {
            "caution": false,
            "brake": false,
            "finish": false,
            "narrows": false,
            "tightens": false,
            "tightens_late": false,
            "late": false,
            "sudden": false
          },
          "linked_to_next": false,
          "turn": {
            "sides": [
              "right"
            ],
            "severity_max": 6,
            "severity_min": 6
          }
        },
        "ref_segment_index": 280,
        "ref_segment_t": 0.871539,
        "grp_keep": "",
        "grp_cut": "",
        "grp_opening": "",
        "grp_go": "",
        "flg_caution": false,
        "flg_brake": false,
        "flg_finish": false,
        "flg_narrows": false,
        "flg_tightens": false,
        "flg_tightens_late": false,
        "flg_late": false,
        "flg_sudden": false,
        "flg_linked_to_next": false,
        "turn_sides": "right",
        "flg_turn_left": false,
        "flg_turn_right": true,
        "turn_severity_min": 6,
        "turn_severity_max": 6
      }
    },
    {
      "type": "Feature",
      "geometry": {
        "type": "Point",
        "coordinates": [
          -1371.763,
          1984.462
        ]
      },
      "properties": {
        "kind": "pacenote",
        "stage": "La Bollène-Vésubie - Turini",
        "reference_track": "col_de_turini",
        "note_index": 31,
        "distance_m": 1753.0,
        "distance_lookup_m": 1583.746,
        "link_to_next": false,
        "notes": [
          "Dist40"
        ],
        "notes_text": "Dist40",
        "atoms": [
          {
            "kind": "distance",
            "source": "Dist40",
            "meters": 40
          }
        ],
        "flags": {
          "groups": {
            "keep": null,
            "cut": null,
            "opening": null,
            "go": null
          },
          "bools": {
            "caution": false,
            "brake": false,
            "finish": false,
            "narrows": false,
            "tightens": false,
            "tightens_late": false,
            "late": false,
            "sudden": false
          },
          "linked_to_next": false,
          "distance_calls_m": [
            40
          ]
        },
        "ref_segment_index": 284,
        "ref_segment_t": 0.031308,
        "grp_keep": "",
        "grp_cut": "",
        "grp_opening": "",
        "grp_go": "",
        "flg_caution": false,
        "flg_brake": false,
        "flg_finish": false,
        "flg_narrows": false,
        "flg_tightens": false,
        "flg_tightens_late": false,
        "flg_late": false,
        "flg_sudden": false,
        "flg_linked_to_next": false,
        "turn_sides": "",
        "flg_turn_left": false,
        "flg_turn_right": false,
        "distance_calls_m": "40"
      }
    },
    {
      "type": "Feature",
      "geometry": {
        "type": "Point",
        "coordinates": [
          -1350.854,
          1951.725
        ]
      },
      "properties": {
        "kind": "pacenote",
        "stage": "La Bollène-Vésubie - Turini",
        "reference_track": "col_de_turini",
        "note_index": 32,
        "distance_m": 1792.0,
        "distance_lookup_m": 1622.746,
        "link_to_next": false,
        "notes": [
          "Left3"
        ],
        "notes_text": "Left3",
        "atoms": [
          {
            "kind": "turn",
            "source": "Left3",
            "side": "left",
            "severity": 3
          }
        ],
        "flags": {
          "groups": {
            "keep": null,
            "cut": null,
            "opening": null,
            "go": null
          },
          "bools": {
            "caution": false,
            "brake": false,
            "finish": false,
            "narrows": false,
            "tightens": false,
            "tightens_late": false,
            "late": false,
            "sudden": false
          },
          "linked_to_next": false,
          "turn": {
            "sides": [
              "left"
            ],
            "severity_max": 3,
            "severity_min": 3
          }
        },
        "ref_segment_index": 288,
        "ref_segment_t": 0.961511,
        "grp_keep": "",
        "grp_cut": "",
        "grp_opening": "",
        "grp_go": "",
        "flg_caution": false,
        "flg_brake": false,
        "flg_finish": false,
        "flg_narrows": false,
        "flg_tightens": false,
        "flg_tightens_late": false,
        "flg_late": false,
        "flg_sudden": false,
        "flg_linked_to_next": false,
        "turn_sides": "left",
        "flg_turn_left": true,
        "flg_turn_right": false,
        "turn_severity_min": 3,
        "turn_severity_max": 3
      }
    },
    {
      "type": "Feature",
      "geometry": {
        "type": "Point",
        "coordinates": [
          -1321.338,
          1932.863
        ]
      },
      "properties": {
        "kind": "pacenote",
        "stage": "La Bollène-Vésubie - Turini",
        "reference_track": "col_de_turini",
        "note_index": 33,
        "distance_m": 1829.0,
        "distance_lookup_m": 1659.746,
        "link_to_next": false,
        "notes": [
          "Into",
          "Right2",
          "Long"
        ],
        "notes_text": "Into, Right2, Long",
        "atoms": [
          {
            "kind": "connector",
            "source": "Into",
            "name": "into"
          },
          {
            "kind": "turn",
            "source": "Right2",
            "side": "right",
            "severity": 2
          },
          {
            "kind": "length",
            "source": "Long",
            "name": "long"
          }
        ],
        "flags": {
          "groups": {
            "keep": null,
            "cut": null,
            "opening": null,
            "go": null
          },
          "bools": {
            "caution": false,
            "brake": false,
            "finish": false,
            "narrows": false,
            "tightens": false,
            "tightens_late": false,
            "late": false,
            "sudden": false
          },
          "linked_to_next": false,
          "turn": {
            "sides": [
              "right"
            ],
            "severity_max": 2,
            "severity_min": 2
          }
        },
        "ref_segment_index": 293,
        "ref_segment_t": 0.616853,
        "grp_keep": "",
        "grp_cut": "",
        "grp_opening": "",
        "grp_go": "",
        "flg_caution": false,
        "flg_brake": false,
        "flg_finish": false,
        "flg_narrows": false,
        "flg_tightens": false,
        "flg_tightens_late": false,
        "flg_late": false,
        "flg_sudden": false,
        "flg_linked_to_next": false,
        "turn_sides": "right",
        "flg_turn_left": false,
        "flg_turn_right": true,
        "turn_severity_min": 2,
        "turn_severity_max": 2
      }
    },
    {
      "type": "Feature",
      "geometry": {
        "type": "Point",
        "coordinates": [
          -1293.724,
          1881.678
        ]
      },
      "properties": {
        "kind": "pacenote",
        "stage": "La Bollène-Vésubie - Turini",
        "reference_track": "col_de_turini",
        "note_index": 34,
        "distance_m": 1897.0,
        "distance_lookup_m": 1727.746,
        "link_to_next": false,
        "notes": [
          "And",
          "Right4",
          "Long",
          "Opens"
        ],
        "notes_text": "And, Right4, Long, Opens",
        "atoms": [
          {
            "kind": "connector",
            "source": "And",
            "name": "and"
          },
          {
            "kind": "turn",
            "source": "Right4",
            "side": "right",
            "severity": 4
          },
          {
            "kind": "length",
            "source": "Long",
            "name": "long"
          },
          {
            "kind": "opening",
            "source": "Opens",
            "name": "opens"
          }
        ],
        "flags": {
          "groups": {
            "keep": null,
            "cut": null,
            "opening": "opens",
            "go": null
          },
          "bools": {
            "caution": false,
            "brake": false,
            "finish": false,
            "narrows": false,
            "tightens": false,
            "tightens_late": false,
            "late": false,
            "sudden": false
          },
          "linked_to_next": false,
          "turn": {
            "sides": [
              "right"
            ],
            "severity_max": 4,
            "severity_min": 4
          }
        },
        "ref_segment_index": 304,
        "ref_segment_t": 0.263736,
        "grp_keep": "",
        "grp_cut": "",
        "grp_opening": "opens",
        "grp_go": "",
        "flg_caution": false,
        "flg_brake": false,
        "flg_finish": false,
        "flg_narrows": false,
        "flg_tightens": false,
        "flg_tightens_late": false,
        "flg_late": false,
        "flg_sudden": false,
        "flg_linked_to_next": false,
        "turn_sides": "right",
        "flg_turn_left": false,
        "flg_turn_right": true,
        "turn_severity_min": 4,
        "turn_severity_max": 4
      }
    },
    {
      "type": "Feature",
      "geometry": {
        "type": "Point",
        "coordinates": [
          -1337.715,
          1818.505
        ]
      },
      "properties": {
        "kind": "pacenote",
        "stage": "La Bollène-Vésubie - Turini",
        "reference_track": "col_de_turini",
        "note_index": 35,
        "distance_m": 1976.0,
        "distance_lookup_m": 1806.746,
        "link_to_next": true,
        "notes": [
          "Pause0.1s_Reset",
          "Into",
          "LeftOpenHP",
          "TightensLate"
        ],
        "notes_text": "Pause0.1s_Reset, Into, LeftOpenHP, TightensLate",
        "atoms": [
          {
            "kind": "pause",
            "source": "Pause0.1s_Reset",
            "seconds": 0.1,
            "reset": true
          },
          {
            "kind": "connector",
            "source": "Into",
            "name": "into"
          },
          {
            "kind": "turn",
            "source": "LeftOpenHP",
            "side": "left",
            "style": "openhp"
          },
          {
            "kind": "modifier",
            "source": "TightensLate",
            "name": "tightens_late"
          }
        ],
        "flags": {
          "groups": {
            "keep": null,
            "cut": null,
            "opening": null,
            "go": null
          },
          "bools": {
            "caution": false,
            "brake": false,
            "finish": false,
            "narrows": false,
            "tightens": false,
            "tightens_late": true,
            "late": false,
            "sudden": false
          },
          "linked_to_next": true,
          "turn": {
            "sides": [
              "left"
            ]
          },
          "pause_seconds": [
            0.1
          ]
        },
        "ref_segment_index": 315,
        "ref_segment_t": 0.084789,
        "grp_keep": "",
        "grp_cut": "",
        "grp_opening": "",
        "grp_go": "",
        "flg_caution": false,
        "flg_brake": false,
        "flg_finish": false,
        "flg_narrows": false,
        "flg_tightens": false,
        "flg_tightens_late": true,
        "flg_late": false,
        "flg_sudden": false,
        "flg_linked_to_next": true,
        "turn_sides": "left",
        "flg_turn_left": true,
        "flg_turn_right": false,
        "pause_seconds": "0.1"
      }
    },
    {
      "type": "Feature",
      "geometry": {
        "type": "Point",
        "coordinates": [
          -1321.752,
          1789.161
        ]
      },
      "properties": {
        "kind": "pacenote",
        "stage": "La Bollène-Vésubie - Turini",
        "reference_track": "col_de_turini",
        "note_index": 36,
        "distance_m": 2030.0,
        "distance_lookup_m": 1860.746,
        "link_to_next": false,
        "notes": [
          "Dist40"
        ],
        "notes_text": "Dist40",
        "atoms": [
          {
            "kind": "distance",
            "source": "Dist40",
            "meters": 40
          }
        ],
        "flags": {
          "groups": {
            "keep": null,
            "cut": null,
            "opening": null,
            "go": null
          },
          "bools": {
            "caution": false,
            "brake": false,
            "finish": false,
            "narrows": false,
            "tightens": false,
            "tightens_late": false,
            "late": false,
            "sudden": false
          },
          "linked_to_next": false,
          "distance_calls_m": [
            40
          ]
        },
        "ref_segment_index": 328,
        "ref_segment_t": 0.355618,
        "grp_keep": "",
        "grp_cut": "",
        "grp_opening": "",
        "grp_go": "",
        "flg_caution": false,
        "flg_brake": false,
        "flg_finish": false,
        "flg_narrows": false,
        "flg_tightens": false,
        "flg_tightens_late": false,
        "flg_late": false,
        "flg_sudden": false,
        "flg_linked_to_next": false,
        "turn_sides": "",
        "flg_turn_left": false,
        "flg_turn_right": false,
        "distance_calls_m": "40"
      }
    },
    {
      "type": "Feature",
      "geometry": {
        "type": "Point",
        "coordinates": [
          -1281.975,
          1802.079
        ]
      },
      "properties": {
        "kind": "pacenote",
        "stage": "La Bollène-Vésubie - Turini",
        "reference_track": "col_de_turini",
        "note_index": 37,
        "distance_m": 2072.0,
        "distance_lookup_m": 1902.746,
        "link_to_next": false,
        "notes": [
          "Right3"
        ],
        "notes_text": "Right3",
        "atoms": [
          {
            "kind": "turn",
            "source": "Right3",
            "side": "right",
            "severity": 3
          }
        ],
        "flags": {
          "groups": {
            "keep": null,
            "cut": null,
            "opening": null,
            "go": null
          },
          "bools": {
            "caution": false,
            "brake": false,
            "finish": false,
            "narrows": false,
            "tightens": false,
            "tightens_late": false,
            "late": false,
            "sudden": false
          },
          "linked_to_next": false,
          "turn": {
            "sides": [
              "right"
            ],
            "severity_max": 3,
            "severity_min": 3
          }
        },
        "ref_segment_index": 335,
        "ref_segment_t": 0.23592,
        "grp_keep": "",
        "grp_cut": "",
        "grp_opening": "",
        "grp_go": "",
        "flg_caution": false,
        "flg_brake": false,
        "flg_finish": false,
        "flg_narrows": false,
        "flg_tightens": false,
        "flg_tightens_late": false,
        "flg_late": false,
        "flg_sudden": false,
        "flg_linked_to_next": false,
        "turn_sides": "right",
        "flg_turn_left": false,
        "flg_turn_right": true,
        "turn_severity_min": 3,
        "turn_severity_max": 3
      }
    },
    {
      "type": "Feature",
      "geometry": {
        "type": "Point",
        "coordinates": [
          -1237.848,
          1792.363
        ]
      },
      "properties": {
        "kind": "pacenote",
        "stage": "La Bollène-Vésubie - Turini",
        "reference_track": "col_de_turini",
        "note_index": 38,
        "distance_m": 2119.0,
        "distance_lookup_m": 1949.746,
        "link_to_next": true,
        "notes": [
          "Into",
          "Left2",
          "Long"
        ],
        "notes_text": "Into, Left2, Long",
        "atoms": [
          {
            "kind": "connector",
            "source": "Into",
            "name": "into"
          },
          {
            "kind": "turn",
            "source": "Left2",
            "side": "left",
            "severity": 2
          },
          {
            "kind": "length",
            "source": "Long",
            "name": "long"
          }
        ],
        "flags": {
          "groups": {
            "keep": null,
            "cut": null,
            "opening": null,
            "go": null
          },
          "bools": {
            "caution": false,
            "brake": false,
            "finish": false,
            "narrows": false,
            "tightens": false,
            "tightens_late": false,
            "late": false,
            "sudden": false
          },
          "linked_to_next": true,
          "turn": {
            "sides": [
              "left"
            ],
            "severity_max": 2,
            "severity_min": 2
          }
        },
        "ref_segment_index": 341,
        "ref_segment_t": 0.4887,
        "grp_keep": "",
        "grp_cut": "",
        "grp_opening": "",
        "grp_go": "",
        "flg_caution": false,
        "flg_brake": false,
        "flg_finish": false,
        "flg_narrows": false,
        "flg_tightens": false,
        "flg_tightens_late": false,
        "flg_late": false,
        "flg_sudden": false,
        "flg_linked_to_next": true,
        "turn_sides": "left",
        "flg_turn_left": true,
        "flg_turn_right": false,
        "turn_severity_min": 2,
        "turn_severity_max": 2
      }
    },
    {
      "type": "Feature",
      "geometry": {
        "type": "Point",
        "coordinates": [
          -1192.238,
          1813.07
        ]
      },
      "properties": {
        "kind": "pacenote",
        "stage": "La Bollène-Vésubie - Turini",
        "reference_track": "col_de_turini",
        "note_index": 39,
        "distance_m": 2181.0,
        "distance_lookup_m": 2011.746,
        "link_to_next": false,
        "notes": [
          "Dist40"
        ],
        "notes_text": "Dist40",
        "atoms": [
          {
            "kind": "distance",
            "source": "Dist40",
            "meters": 40
          }
        ],
        "flags": {
          "groups": {
            "keep": null,
            "cut": null,
            "opening": null,
            "go": null
          },
          "bools": {
            "caution": false,
            "brake": false,
            "finish": false,
            "narrows": false,
            "tightens": false,
            "tightens_late": false,
            "late": false,
            "sudden": false
          },
          "linked_to_next": false,
          "distance_calls_m": [
            40
          ]
        },
        "ref_segment_index": 351,
        "ref_segment_t": 0.210452,
        "grp_keep": "",
        "grp_cut": "",
        "grp_opening": "",
        "grp_go": "",
        "flg_caution": false,
        "flg_brake": false,
        "flg_finish": false,
        "flg_narrows": false,
        "flg_tightens": false,
        "flg_tightens_late": false,
        "flg_late": false,
        "flg_sudden": false,
        "flg_linked_to_next": false,
        "turn_sides": "",
        "flg_turn_left": false,
        "flg_turn_right": false,
        "distance_calls_m": "40"
      }
    },
    {
      "type": "Feature",
      "geometry": {
        "type": "Point",
        "coordinates": [
          -1178.079,
          1854.59
        ]
      },
      "properties": {
        "kind": "pacenote",
        "stage": "La Bollène-Vésubie - Turini",
        "reference_track": "col_de_turini",
        "note_index": 40,
        "distance_m": 2225.0,
        "distance_lookup_m": 2055.746,
        "link_to_next": false,
        "notes": [
          "Right3",
          "Short"
        ],
        "notes_text": "Right3, Short",
        "atoms": [
          {
            "kind": "turn",
            "source": "Right3",
            "side": "right",
            "severity": 3
          },
          {
            "kind": "length",
            "source": "Short",
            "name": "short"
          }
        ],
        "flags": {
          "groups": {
            "keep": null,
            "cut": null,
            "opening": null,
            "go": null
          },
          "bools": {
            "caution": false,
            "brake": false,
            "finish": false,
            "narrows": false,
            "tightens": false,
            "tightens_late": false,
            "late": false,
            "sudden": false
          },
          "linked_to_next": false,
          "turn": {
            "sides": [
              "right"
            ],
            "severity_max": 3,
            "severity_min": 3
          }
        },
        "ref_segment_index": 356,
        "ref_segment_t": 0.997977,
        "grp_keep": "",
        "grp_cut": "",
        "grp_opening": "",
        "grp_go": "",
        "flg_caution": false,
        "flg_brake": false,
        "flg_finish": false,
        "flg_narrows": false,
        "flg_tightens": false,
        "flg_tightens_late": false,
        "flg_late": false,
        "flg_sudden": false,
        "flg_linked_to_next": false,
        "turn_sides": "right",
        "flg_turn_left": false,
        "flg_turn_right": true,
        "turn_severity_min": 3,
        "turn_severity_max": 3
      }
    },
    {
      "type": "Feature",
      "geometry": {
        "type": "Point",
        "coordinates": [
          -1133.239,
          1904.926
        ]
      },
      "properties": {
        "kind": "pacenote",
        "stage": "La Bollène-Vésubie - Turini",
        "reference_track": "col_de_turini",
        "note_index": 41,
        "distance_m": 2294.0,
        "distance_lookup_m": 2124.746,
        "link_to_next": true,
        "notes": [
          "Right4"
        ],
        "notes_text": "Right4",
        "atoms": [
          {
            "kind": "turn",
            "source": "Right4",
            "side": "right",
            "severity": 4
          }
        ],
        "flags": {
          "groups": {
            "keep": null,
            "cut": null,
            "opening": null,
            "go": null
          },
          "bools": {
            "caution": false,
            "brake": false,
            "finish": false,
            "narrows": false,
            "tightens": false,
            "tightens_late": false,
            "late": false,
            "sudden": false
          },
          "linked_to_next": true,
          "turn": {
            "sides": [
              "right"
            ],
            "severity_max": 4,
            "severity_min": 4
          }
        },
        "ref_segment_index": 364,
        "ref_segment_t": 0.387205,
        "grp_keep": "",
        "grp_cut": "",
        "grp_opening": "",
        "grp_go": "",
        "flg_caution": false,
        "flg_brake": false,
        "flg_finish": false,
        "flg_narrows": false,
        "flg_tightens": false,
        "flg_tightens_late": false,
        "flg_late": false,
        "flg_sudden": false,
        "flg_linked_to_next": true,
        "turn_sides": "right",
        "flg_turn_left": false,
        "flg_turn_right": true,
        "turn_severity_min": 4,
        "turn_severity_max": 4
      }
    },
    {
      "type": "Feature",
      "geometry": {
        "type": "Point",
        "coordinates": [
          -1112.997,
          1914.896
        ]
      },
      "properties": {
        "kind": "pacenote",
        "stage": "La Bollène-Vésubie - Turini",
        "reference_track": "col_de_turini",
        "note_index": 42,
        "distance_m": 2317.0,
        "distance_lookup_m": 2147.746,
        "link_to_next": true,
        "notes": [
          "And",
          "Left5"
        ],
        "notes_text": "And, Left5",
        "atoms": [
          {
            "kind": "connector",
            "source": "And",
            "name": "and"
          },
          {
            "kind": "turn",
            "source": "Left5",
            "side": "left",
            "severity": 5
          }
        ],
        "flags": {
          "groups": {
            "keep": null,
            "cut": null,
            "opening": null,
            "go": null
          },
          "bools": {
            "caution": false,
            "brake": false,
            "finish": false,
            "narrows": false,
            "tightens": false,
            "tightens_late": false,
            "late": false,
            "sudden": false
          },
          "linked_to_next": true,
          "turn": {
            "sides": [
              "left"
            ],
            "severity_max": 5,
            "severity_min": 5
          }
        },
        "ref_segment_index": 366,
        "ref_segment_t": 0.576416,
        "grp_keep": "",
        "grp_cut": "",
        "grp_opening": "",
        "grp_go": "",
        "flg_caution": false,
        "flg_brake": false,
        "flg_finish": false,
        "flg_narrows": false,
        "flg_tightens": false,
        "flg_tightens_late": false,
        "flg_late": false,
        "flg_sudden": false,
        "flg_linked_to_next": true,
        "turn_sides": "left",
        "flg_turn_left": true,
        "flg_turn_right": false,
        "turn_severity_min": 5,
        "turn_severity_max": 5
      }
    },
    {
      "type": "Feature",
      "geometry": {
        "type": "Point",
        "coordinates": [
          -1093.058,
          1923.575
        ]
      },
      "properties": {
        "kind": "pacenote",
        "stage": "La Bollène-Vésubie - Turini",
        "reference_track": "col_de_turini",
        "note_index": 43,
        "distance_m": 2339.0,
        "distance_lookup_m": 2169.746,
        "link_to_next": false,
        "notes": [
          "Dist90"
        ],
        "notes_text": "Dist90",
        "atoms": [
          {
            "kind": "distance",
            "source": "Dist90",
            "meters": 90
          }
        ],
        "flags": {
          "groups": {
            "keep": null,
            "cut": null,
            "opening": null,
            "go": null
          },
          "bools": {
            "caution": false,
            "brake": false,
            "finish": false,
            "narrows": false,
            "tightens": false,
            "tightens_late": false,
            "late": false,
            "sudden": false
          },
          "linked_to_next": false,
          "distance_calls_m": [
            90
          ]
        },
        "ref_segment_index": 368,
        "ref_segment_t": 0.590152,
        "grp_keep": "",
        "grp_cut": "",
        "grp_opening": "",
        "grp_go": "",
        "flg_caution": false,
        "flg_brake": false,
        "flg_finish": false,
        "flg_narrows": false,
        "flg_tightens": false,
        "flg_tightens_late": false,
        "flg_late": false,
        "flg_sudden": false,
        "flg_linked_to_next": false,
        "turn_sides": "",
        "flg_turn_left": false,
        "flg_turn_right": false,
        "distance_calls_m": "90"
      }
    },
    {
      "type": "Feature",
      "geometry": {
        "type": "Point",
        "coordinates": [
          -1011.355,
          1965.283
        ]
      },
      "properties": {
        "kind": "pacenote",
        "stage": "La Bollène-Vésubie - Turini",
        "reference_track": "col_de_turini",
        "note_index": 44,
        "distance_m": 2431.0,
        "distance_lookup_m": 2261.746,
        "link_to_next": true,
        "notes": [
          "Right4",
          "Brake"
        ],
        "notes_text": "Right4, Brake",
        "atoms": [
          {
            "kind": "turn",
            "source": "Right4",
            "side": "right",
            "severity": 4
          },
          {
            "kind": "hazard",
            "source": "Brake",
            "name": "brake"
          }
        ],
        "flags": {
          "groups": {
            "keep": null,
            "cut": null,
            "opening": null,
            "go": null
          },
          "bools": {
            "caution": false,
            "brake": true,
            "finish": false,
            "narrows": false,
            "tightens": false,
            "tightens_late": false,
            "late": false,
            "sudden": false
          },
          "linked_to_next": true,
          "turn": {
            "sides": [
              "right"
            ],
            "severity_max": 4,
            "severity_min": 4
          }
        },
        "ref_segment_index": 376,
        "ref_segment_t": 0.89828,
        "grp_keep": "",
        "grp_cut": "",
        "grp_opening": "",
        "grp_go": "",
        "flg_caution": false,
        "flg_brake": true,
        "flg_finish": false,
        "flg_narrows": false,
        "flg_tightens": false,
        "flg_tightens_late": false,
        "flg_late": false,
        "flg_sudden": false,
        "flg_linked_to_next": true,
        "turn_sides": "right",
        "flg_turn_left": false,
        "flg_turn_right": true,
        "turn_severity_min": 4,
        "turn_severity_max": 4
      }
    },
    {
      "type": "Feature",
      "geometry": {
        "type": "Point",
        "coordinates": [
          -988.005,
          1973.09
        ]
      },
      "properties": {
        "kind": "pacenote",
        "stage": "La Bollène-Vésubie - Turini",
        "reference_track": "col_de_turini",
        "note_index": 45,
        "distance_m": 2456.0,
        "distance_lookup_m": 2286.746,
        "link_to_next": true,
        "notes": [
          "Into",
          "Left3"
        ],
        "notes_text": "Into, Left3",
        "atoms": [
          {
            "kind": "connector",
            "source": "Into",
            "name": "into"
          },
          {
            "kind": "turn",
            "source": "Left3",
            "side": "left",
            "severity": 3
          }
        ],
        "flags": {
          "groups": {
            "keep": null,
            "cut": null,
            "opening": null,
            "go": null
          },
          "bools": {
            "caution": false,
            "brake": false,
            "finish": false,
            "narrows": false,
            "tightens": false,
            "tightens_late": false,
            "late": false,
            "sudden": false
          },
          "linked_to_next": true,
          "turn": {
            "sides": [
              "left"
            ],
            "severity_max": 3,
            "severity_min": 3
          }
        },
        "ref_segment_index": 379,
        "ref_segment_t": 0.561294,
        "grp_keep": "",
        "grp_cut": "",
        "grp_opening": "",
        "grp_go": "",
        "flg_caution": false,
        "flg_brake": false,
        "flg_finish": false,
        "flg_narrows": false,
        "flg_tightens": false,
        "flg_tightens_late": false,
        "flg_late": false,
        "flg_sudden": false,
        "flg_linked_to_next": true,
        "turn_sides": "left",
        "flg_turn_left": true,
        "flg_turn_right": false,
        "turn_severity_min": 3,
        "turn_severity_max": 3
      }
    },
    {
      "type": "Feature",
      "geometry": {
        "type": "Point",
        "coordinates": [
          -969.068,
          1984.248
        ]
      },
      "properties": {
        "kind": "pacenote",
        "stage": "La Bollène-Vésubie - Turini",
        "reference_track": "col_de_turini",
        "note_index": 46,
        "distance_m": 2479.0,
        "distance_lookup_m": 2309.746,
        "link_to_next": false,
        "notes": [
          "Pause0.1s_Reset",
          "Into",
          "Right2"
        ],
        "notes_text": "Pause0.1s_Reset, Into, Right2",
        "atoms": [
          {
            "kind": "pause",
            "source": "Pause0.1s_Reset",
            "seconds": 0.1,
            "reset": true
          },
          {
            "kind": "connector",
            "source": "Into",
            "name": "into"
          },
          {
            "kind": "turn",
            "source": "Right2",
            "side": "right",
            "severity": 2
          }
        ],
        "flags": {
          "groups": {
            "keep": null,
            "cut": null,
            "opening": null,
            "go": null
          },
          "bools": {
            "caution": false,
            "brake": false,
            "finish": false,
            "narrows": false,
            "tightens": false,
            "tightens_late": false,
            "late": false,
            "sudden": false
          },
          "linked_to_next": false,
          "turn": {
            "sides": [
              "right"
            ],
            "severity_max": 2,
            "severity_min": 2
          },
          "pause_seconds": [
            0.1
          ]
        },
        "ref_segment_index": 382,
        "ref_segment_t": 0.766157,
        "grp_keep": "",
        "grp_cut": "",
        "grp_opening": "",
        "grp_go": "",
        "flg_caution": false,
        "flg_brake": false,
        "flg_finish": false,
        "flg_narrows": false,
        "flg_tightens": false,
        "flg_tightens_late": false,
        "flg_late": false,
        "flg_sudden": false,
        "flg_linked_to_next": false,
        "turn_sides": "right",
        "flg_turn_left": false,
        "flg_turn_right": true,
        "turn_severity_min": 2,
        "turn_severity_max": 2,
        "pause_seconds": "0.1"
      }
    },
    {
      "type": "Feature",
      "geometry": {
        "type": "Point",
        "coordinates": [
          -928.689,
          1981.254
        ]
      },
      "properties": {
        "kind": "pacenote",
        "stage": "La Bollène-Vésubie - Turini",
        "reference_track": "col_de_turini",
        "note_index": 47,
        "distance_m": 2528.0,
        "distance_lookup_m": 2358.746,
        "link_to_next": false,
        "notes": [
          "And",
          "Left2"
        ],
        "notes_text": "And, Left2",
        "atoms": [
          {
            "kind": "connector",
            "source": "And",
            "name": "and"
          },
          {
            "kind": "turn",
            "source": "Left2",
            "side": "left",
            "severity": 2
          }
        ],
        "flags": {
          "groups": {
            "keep": null,
            "cut": null,
            "opening": null,
            "go": null
          },
          "bools": {
            "caution": false,
            "brake": false,
            "finish": false,
            "narrows": false,
            "tightens": false,
            "tightens_late": false,
            "late": false,
            "sudden": false
          },
          "linked_to_next": false,
          "turn": {
            "sides": [
              "left"
            ],
            "severity_max": 2,
            "severity_min": 2
          }
        },
        "ref_segment_index": 392,
        "ref_segment_t": 0.286242,
        "grp_keep": "",
        "grp_cut": "",
        "grp_opening": "",
        "grp_go": "",
        "flg_caution": false,
        "flg_brake": false,
        "flg_finish": false,
        "flg_narrows": false,
        "flg_tightens": false,
        "flg_tightens_late": false,
        "flg_late": false,
        "flg_sudden": false,
        "flg_linked_to_next": false,
        "turn_sides": "left",
        "flg_turn_left": true,
        "flg_turn_right": false,
        "turn_severity_min": 2,
        "turn_severity_max": 2
      }
    },
    {
      "type": "Feature",
      "geometry": {
        "type": "Point",
        "coordinates": [
          -893.368,
          1985.728
        ]
      },
      "properties": {
        "kind": "pacenote",
        "stage": "La Bollène-Vésubie - Turini",
        "reference_track": "col_de_turini",
        "note_index": 48,
        "distance_m": 2569.0,
        "distance_lookup_m": 2399.746,
        "link_to_next": false,
        "notes": [
          "And",
          "Right2"
        ],
        "notes_text": "And, Right2",
        "atoms": [
          {
            "kind": "connector",
            "source": "And",
            "name": "and"
          },
          {
            "kind": "turn",
            "source": "Right2",
            "side": "right",
            "severity": 2
          }
        ],
        "flags": {
          "groups": {
            "keep": null,
            "cut": null,
            "opening": null,
            "go": null
          },
          "bools": {
            "caution": false,
            "brake": false,
            "finish": false,
            "narrows": false,
            "tightens": false,
            "tightens_late": false,
            "late": false,
            "sudden": false
          },
          "linked_to_next": false,
          "turn": {
            "sides": [
              "right"
            ],
            "severity_max": 2,
            "severity_min": 2
          }
        },
        "ref_segment_index": 399,
        "ref_segment_t": 0.917318,
        "grp_keep": "",
        "grp_cut": "",
        "grp_opening": "",
        "grp_go": "",
        "flg_caution": false,
        "flg_brake": false,
        "flg_finish": false,
        "flg_narrows": false,
        "flg_tightens": false,
        "flg_tightens_late": false,
        "flg_late": false,
        "flg_sudden": false,
        "flg_linked_to_next": false,
        "turn_sides": "right",
        "flg_turn_left": false,
        "flg_turn_right": true,
        "turn_severity_min": 2,
        "turn_severity_max": 2
      }
    },
    {
      "type": "Feature",
      "geometry": {
        "type": "Point",
        "coordinates": [
          -846.743,
          1984.635
        ]
      },
      "properties": {
        "kind": "pacenote",
        "stage": "La Bollène-Vésubie - Turini",
        "reference_track": "col_de_turini",
        "note_index": 49,
        "distance_m": 2621.0,
        "distance_lookup_m": 2451.746,
        "link_to_next": false,
        "notes": [
          "And",
          "Left2",
          "OpensLate"
        ],
        "notes_text": "And, Left2, OpensLate",
        "atoms": [
          {
            "kind": "connector",
            "source": "And",
            "name": "and"
          },
          {
            "kind": "turn",
            "source": "Left2",
            "side": "left",
            "severity": 2
          },
          {
            "kind": "opening",
            "source": "OpensLate",
            "name": "opens_late"
          }
        ],
        "flags": {
          "groups": {
            "keep": null,
            "cut": null,
            "opening": "opens_late",
            "go": null
          },
          "bools": {
            "caution": false,
            "brake": false,
            "finish": false,
            "narrows": false,
            "tightens": false,
            "tightens_late": false,
            "late": false,
            "sudden": false
          },
          "linked_to_next": false,
          "turn": {
            "sides": [
              "left"
            ],
            "severity_max": 2,
            "severity_min": 2
          }
        },
        "ref_segment_index": 409,
        "ref_segment_t": 0.031664,
        "grp_keep": "",
        "grp_cut": "",
        "grp_opening": "opens_late",
        "grp_go": "",
        "flg_caution": false,
        "flg_brake": false,
        "flg_finish": false,
        "flg_narrows": false,
        "flg_tightens": false,
        "flg_tightens_late": false,
        "flg_late": false,
        "flg_sudden": false,
        "flg_linked_to_next": false,
        "turn_sides": "left",
        "flg_turn_left": true,
        "flg_turn_right": false,
        "turn_severity_min": 2,
        "turn_severity_max": 2
      }
    },
    {
      "type": "Feature",
      "geometry": {
        "type": "Point",
        "coordinates": [
          -791.713,
          1994.221
        ]
      },
      "properties": {
        "kind": "pacenote",
        "stage": "La Bollène-Vésubie - Turini",
        "reference_track": "col_de_turini",
        "note_index": 50,
        "distance_m": 2682.0,
        "distance_lookup_m": 2512.746,
        "link_to_next": false,
        "notes": [
          "Right5"
        ],
        "notes_text": "Right5",
        "atoms": [
          {
            "kind": "turn",
            "source": "Right5",
            "side": "right",
            "severity": 5
          }
        ],
        "flags": {
          "groups": {
            "keep": null,
            "cut": null,
            "opening": null,
            "go": null
          },
          "bools": {
            "caution": false,
            "brake": false,
            "finish": false,
            "narrows": false,
            "tightens": false,
            "tightens_late": false,
            "late": false,
            "sudden": false
          },
          "linked_to_next": false,
          "turn": {
            "sides": [
              "right"
            ],
            "severity_max": 5,
            "severity_min": 5
          }
        },
        "ref_segment_index": 417,
        "ref_segment_t": 0.313125,
        "grp_keep": "",
        "grp_cut": "",
        "grp_opening": "",
        "grp_go": "",
        "flg_caution": false,
        "flg_brake": false,
        "flg_finish": false,
        "flg_narrows": false,
        "flg_tightens": false,
        "flg_tightens_late": false,
        "flg_late": false,
        "flg_sudden": false,
        "flg_linked_to_next": false,
        "turn_sides": "right",
        "flg_turn_left": false,
        "flg_turn_right": true,
        "turn_severity_min": 5,
        "turn_severity_max": 5
      }
    },
    {
      "type": "Feature",
      "geometry": {
        "type": "Point",
        "coordinates": [
          -739.862,
          2032.502
        ]
      },
      "properties": {
        "kind": "pacenote",
        "stage": "La Bollène-Vésubie - Turini",
        "reference_track": "col_de_turini",
        "note_index": 51,
        "distance_m": 2747.0,
        "distance_lookup_m": 2577.746,
        "link_to_next": false,
        "notes": [
          "Right2"
        ],
        "notes_text": "Right2",
        "atoms": [
          {
            "kind": "turn",
            "source": "Right2",
            "side": "right",
            "severity": 2
          }
        ],
        "flags": {
          "groups": {
            "keep": null,
            "cut": null,
            "opening": null,
            "go": null
          },
          "bools": {
            "caution": false,
            "brake": false,
            "finish": false,
            "narrows": false,
            "tightens": false,
            "tightens_late": false,
            "late": false,
            "sudden": false
          },
          "linked_to_next": false,
          "turn": {
            "sides": [
              "right"
            ],
            "severity_max": 2,
            "severity_min": 2
          }
        },
        "ref_segment_index": 425,
        "ref_segment_t": 0.339941,
        "grp_keep": "",
        "grp_cut": "",
        "grp_opening": "",
        "grp_go": "",
        "flg_caution": false,
        "flg_brake": false,
        "flg_finish": false,
        "flg_narrows": false,
        "flg_tightens": false,
        "flg_tightens_late": false,
        "flg_late": false,
        "flg_sudden": false,
        "flg_linked_to_next": false,
        "turn_sides": "right",
        "flg_turn_left": false,
        "flg_turn_right": true,
        "turn_severity_min": 2,
        "turn_severity_max": 2
      }
    },
    {
      "type": "Feature",
      "geometry": {
        "type": "Point",
        "coordinates": [
          -699.09,
          2002.072
        ]
      },
      "properties": {
        "kind": "pacenote",
        "stage": "La Bollène-Vésubie - Turini",
        "reference_track": "col_de_turini",
        "note_index": 52,
        "distance_m": 2809.0,
        "distance_lookup_m": 2639.746,
        "link_to_next": true,
        "notes": [
          "And",
          "Left2",
          "Tightens"
        ],
        "notes_text": "And, Left2, Tightens",
        "atoms": [
          {
            "kind": "connector",
            "source": "And",
            "name": "and"
          },
          {
            "kind": "turn",
            "source": "Left2",
            "side": "left",
            "severity": 2
          },
          {
            "kind": "modifier",
            "source": "Tightens",
            "name": "tightens"
          }
        ],
        "flags": {
          "groups": {
            "keep": null,
            "cut": null,
            "opening": null,
            "go": null
          },
          "bools": {
            "caution": false,
            "brake": false,
            "finish": false,
            "narrows": false,
            "tightens": true,
            "tightens_late": false,
            "late": false,
            "sudden": false
          },
          "linked_to_next": true,
          "turn": {
            "sides": [
              "left"
            ],
            "severity_max": 2,
            "severity_min": 2
          }
        },
        "ref_segment_index": 435,
        "ref_segment_t": 0.432682,
        "grp_keep": "",
        "grp_cut": "",
        "grp_opening": "",
        "grp_go": "",
        "flg_caution": false,
        "flg_brake": false,
        "flg_finish": false,
        "flg_narrows": false,
        "flg_tightens": true,
        "flg_tightens_late": false,
        "flg_late": false,
        "flg_sudden": false,
        "flg_linked_to_next": true,
        "turn_sides": "left",
        "flg_turn_left": true,
        "flg_turn_right": false,
        "turn_severity_min": 2,
        "turn_severity_max": 2
      }
    },
    {
      "type": "Feature",
      "geometry": {
        "type": "Point",
        "coordinates": [
          -673.894,
          1982.204
        ]
      },
      "properties": {
        "kind": "pacenote",
        "stage": "La Bollène-Vésubie - Turini",
        "reference_track": "col_de_turini",
        "note_index": 53,
        "distance_m": 2845.0,
        "distance_lookup_m": 2675.746,
        "link_to_next": false,
        "notes": [
          "Dist40"
        ],
        "notes_text": "Dist40",
        "atoms": [
          {
            "kind": "distance",
            "source": "Dist40",
            "meters": 40
          }
        ],
        "flags": {
          "groups": {
            "keep": null,
            "cut": null,
            "opening": null,
            "go": null
          },
          "bools": {
            "caution": false,
            "brake": false,
            "finish": false,
            "narrows": false,
            "tightens": false,
            "tightens_late": false,
            "late": false,
            "sudden": false
          },
          "linked_to_next": false,
          "distance_calls_m": [
            40
          ]
        },
        "ref_segment_index": 441,
        "ref_segment_t": 0.462604,
        "grp_keep": "",
        "grp_cut": "",
        "grp_opening": "",
        "grp_go": "",
        "flg_caution": false,
        "flg_brake": false,
        "flg_finish": false,
        "flg_narrows": false,
        "flg_tightens": false,
        "flg_tightens_late": false,
        "flg_late": false,
        "flg_sudden": false,
        "flg_linked_to_next": false,
        "turn_sides": "",
        "flg_turn_left": false,
        "flg_turn_right": false,
        "distance_calls_m": "40"
      }
    },
    {
      "type": "Feature",
      "geometry": {
        "type": "Point",
        "coordinates": [
          -637.315,
          1978.028
        ]
      },
      "properties": {
        "kind": "pacenote",
        "stage": "La Bollène-Vésubie - Turini",
        "reference_track": "col_de_turini",
        "note_index": 54,
        "distance_m": 2882.0,
        "distance_lookup_m": 2712.746,
        "link_to_next": true,
        "notes": [
          "Left3",
          "Tightens"
        ],
        "notes_text": "Left3, Tightens",
        "atoms": [
          {
            "kind": "turn",
            "source": "Left3",
            "side": "left",
            "severity": 3
          },
          {
            "kind": "modifier",
            "source": "Tightens",
            "name": "tightens"
          }
        ],
        "flags": {
          "groups": {
            "keep": null,
            "cut": null,
            "opening": null,
            "go": null
          },
          "bools": {
            "caution": false,
            "brake": false,
            "finish": false,
            "narrows": false,
            "tightens": true,
            "tightens_late": false,
            "late": false,
            "sudden": false
          },
          "linked_to_next": true,
          "turn": {
            "sides": [
              "left"
            ],
            "severity_max": 3,
            "severity_min": 3
          }
        },
        "ref_segment_index": 446,
        "ref_segment_t": 0.99917,
        "grp_keep": "",
        "grp_cut": "",
        "grp_opening": "",
        "grp_go": "",
        "flg_caution": false,
        "flg_brake": false,
        "flg_finish": false,
        "flg_narrows": false,
        "flg_tightens": true,
        "flg_tightens_late": false,
        "flg_late": false,
        "flg_sudden": false,
        "flg_linked_to_next": true,
        "turn_sides": "left",
        "flg_turn_left": true,
        "flg_turn_right": false,
        "turn_severity_min": 3,
        "turn_severity_max": 3
      }
    },
    {
      "type": "Feature",
      "geometry": {
        "type": "Point",
        "coordinates": [
          -594.349,
          2001.775
        ]
      },
      "properties": {
        "kind": "pacenote",
        "stage": "La Bollène-Vésubie - Turini",
        "reference_track": "col_de_turini",
        "note_index": 55,
        "distance_m": 2934.0,
        "distance_lookup_m": 2764.746,
        "link_to_next": false,
        "notes": [
          "And",
          "Right5",
          "Long"
        ],
        "notes_text": "And, Right5, Long",
        "atoms": [
          {
            "kind": "connector",
            "source": "And",
            "name": "and"
          },
          {
            "kind": "turn",
            "source": "Right5",
            "side": "right",
            "severity": 5
          },
          {
            "kind": "length",
            "source": "Long",
            "name": "long"
          }
        ],
        "flags": {
          "groups": {
            "keep": null,
            "cut": null,
            "opening": null,
            "go": null
          },
          "bools": {
            "caution": false,
            "brake": false,
            "finish": false,
            "narrows": false,
            "tightens": false,
            "tightens_late": false,
            "late": false,
            "sudden": false
          },
          "linked_to_next": false,
          "turn": {
            "sides": [
              "right"
            ],
            "severity_max": 5,
            "severity_min": 5
          }
        },
        "ref_segment_index": 453,
        "ref_segment_t": 0.946969,
        "grp_keep": "",
        "grp_cut": "",
        "grp_opening": "",
        "grp_go": "",
        "flg_caution": false,
        "flg_brake": false,
        "flg_finish": false,
        "flg_narrows": false,
        "flg_tightens": false,
        "flg_tightens_late": false,
        "flg_late": false,
        "flg_sudden": false,
        "flg_linked_to_next": false,
        "turn_sides": "right",
        "flg_turn_left": false,
        "flg_turn_right": true,
        "turn_severity_min": 5,
        "turn_severity_max": 5
      }
    },
    {
      "type": "Feature",
      "geometry": {
        "type": "Point",
        "coordinates": [
          -532.247,
          2041.726
        ]
      },
      "properties": {
        "kind": "pacenote",
        "stage": "La Bollène-Vésubie - Turini",
        "reference_track": "col_de_turini",
        "note_index": 56,
        "distance_m": 3009.0,
        "distance_lookup_m": 2839.746,
        "link_to_next": false,
        "notes": [
          "And",
          "Left6"
        ],
        "notes_text": "And, Left6",
        "atoms": [
          {
            "kind": "connector",
            "source": "And",
            "name": "and"
          },
          {
            "kind": "turn",
            "source": "Left6",
            "side": "left",
            "severity": 6
          }
        ],
        "flags": {
          "groups": {
            "keep": null,
            "cut": null,
            "opening": null,
            "go": null
          },
          "bools": {
            "caution": false,
            "brake": false,
            "finish": false,
            "narrows": false,
            "tightens": false,
            "tightens_late": false,
            "late": false,
            "sudden": false
          },
          "linked_to_next": false,
          "turn": {
            "sides": [
              "left"
            ],
            "severity_max": 6,
            "severity_min": 6
          }
        },
        "ref_segment_index": 462,
        "ref_segment_t": 0.285797,
        "grp_keep": "",
        "grp_cut": "",
        "grp_opening": "",
        "grp_go": "",
        "flg_caution": false,
        "flg_brake": false,
        "flg_finish": false,
        "flg_narrows": false,
        "flg_tightens": false,
        "flg_tightens_late": false,
        "flg_late": false,
        "flg_sudden": false,
        "flg_linked_to_next": false,
        "turn_sides": "left",
        "flg_turn_left": true,
        "flg_turn_right": false,
        "turn_severity_min": 6,
        "turn_severity_max": 6
      }
    },
    {
      "type": "Feature",
      "geometry": {
        "type": "Point",
        "coordinates": [
          -469.476,
          2075.884
        ]
      },
      "properties": {
        "kind": "pacenote",
        "stage": "La Bollène-Vésubie - Turini",
        "reference_track": "col_de_turini",
        "note_index": 57,
        "distance_m": 3081.0,
        "distance_lookup_m": 2911.746,
        "link_to_next": true,
        "notes": [
          "Into",
          "Left4"
        ],
        "notes_text": "Into, Left4",
        "atoms": [
          {
            "kind": "connector",
            "source": "Into",
            "name": "into"
          },
          {
            "kind": "turn",
            "source": "Left4",
            "side": "left",
            "severity": 4
          }
        ],
        "flags": {
          "groups": {
            "keep": null,
            "cut": null,
            "opening": null,
            "go": null
          },
          "bools": {
            "caution": false,
            "brake": false,
            "finish": false,
            "narrows": false,
            "tightens": false,
            "tightens_late": false,
            "late": false,
            "sudden": false
          },
          "linked_to_next": true,
          "turn": {
            "sides": [
              "left"
            ],
            "severity_max": 4,
            "severity_min": 4
          }
        },
        "ref_segment_index": 469,
        "ref_segment_t": 0.157673,
        "grp_keep": "",
        "grp_cut": "",
        "grp_opening": "",
        "grp_go": "",
        "flg_caution": false,
        "flg_brake": false,
        "flg_finish": false,
        "flg_narrows": false,
        "flg_tightens": false,
        "flg_tightens_late": false,
        "flg_late": false,
        "flg_sudden": false,
        "flg_linked_to_next": true,
        "turn_sides": "left",
        "flg_turn_left": true,
        "flg_turn_right": false,
        "turn_severity_min": 4,
        "turn_severity_max": 4
      }
    },
    {
      "type": "Feature",
      "geometry": {
        "type": "Point",
        "coordinates": [
          -452.198,
          2090.611
        ]
      },
      "properties": {
        "kind": "pacenote",
        "stage": "La Bollène-Vésubie - Turini",
        "reference_track": "col_de_turini",
        "note_index": 58,
        "distance_m": 3104.0,
        "distance_lookup_m": 2934.746,
        "link_to_next": false,
        "notes": [
          "Into",
          "Right1",
          "Long"
        ],
        "notes_text": "Into, Right1, Long",
        "atoms": [
          {
            "kind": "connector",
            "source": "Into",
            "name": "into"
          },
          {
            "kind": "turn",
            "source": "Right1",
            "side": "right",
            "severity": 1
          },
          {
            "kind": "length",
            "source": "Long",
            "name": "long"
          }
        ],
        "flags": {
          "groups": {
            "keep": null,
            "cut": null,
            "opening": null,
            "go": null
          },
          "bools": {
            "caution": false,
            "brake": false,
            "finish": false,
            "narrows": false,
            "tightens": false,
            "tightens_late": false,
            "late": false,
            "sudden": false
          },
          "linked_to_next": false,
          "turn": {
            "sides": [
              "right"
            ],
            "severity_max": 1,
            "severity_min": 1
          }
        },
        "ref_segment_index": 471,
        "ref_segment_t": 0.741948,
        "grp_keep": "",
        "grp_cut": "",
        "grp_opening": "",
        "grp_go": "",
        "flg_caution": false,
        "flg_brake": false,
        "flg_finish": false,
        "flg_narrows": false,
        "flg_tightens": false,
        "flg_tightens_late": false,
        "flg_late": false,
        "flg_sudden": false,
        "flg_linked_to_next": false,
        "turn_sides": "right",
        "flg_turn_left": false,
        "flg_turn_right": true,
        "turn_severity_min": 1,
        "turn_severity_max": 1
      }
    },
    {
      "type": "Feature",
      "geometry": {
        "type": "Point",
        "coordinates": [
          -409.282,
          2066.261
        ]
      },
      "properties": {
        "kind": "pacenote",
        "stage": "La Bollène-Vésubie - Turini",
        "reference_track": "col_de_turini",
        "note_index": 59,
        "distance_m": 3171.0,
        "distance_lookup_m": 3001.746,
        "link_to_next": false,
        "notes": [
          "Pause1s",
          "Left2",
          "Long"
        ],
        "notes_text": "Pause1s, Left2, Long",
        "atoms": [
          {
            "kind": "pause",
            "source": "Pause1s",
            "seconds": 1.0,
            "reset": false
          },
          {
            "kind": "turn",
            "source": "Left2",
            "side": "left",
            "severity": 2
          },
          {
            "kind": "length",
            "source": "Long",
            "name": "long"
          }
        ],
        "flags": {
          "groups": {
            "keep": null,
            "cut": null,
            "opening": null,
            "go": null
          },
          "bools": {
            "caution": false,
            "brake": false,
            "finish": false,
            "narrows": false,
            "tightens": false,
            "tightens_late": false,
            "late": false,
            "sudden": false
          },
          "linked_to_next": false,
          "turn": {
            "sides": [
              "left"
            ],
            "severity_max": 2,
            "severity_min": 2
          },
          "pause_seconds": [
            1.0
          ]
        },
        "ref_segment_index": 484,
        "ref_segment_t": 0.881163,
        "grp_keep": "",
        "grp_cut": "",
        "grp_opening": "",
        "grp_go": "",
        "flg_caution": false,
        "flg_brake": false,
        "flg_finish": false,
        "flg_narrows": false,
        "flg_tightens": false,
        "flg_tightens_late": false,
        "flg_late": false,
        "flg_sudden": false,
        "flg_linked_to_next": false,
        "turn_sides": "left",
        "flg_turn_left": true,
        "flg_turn_right": false,
        "turn_severity_min": 2,
        "turn_severity_max": 2,
        "pause_seconds": "1.0"
      }
    },
    {
      "type": "Feature",
      "geometry": {
        "type": "Point",
        "coordinates": [
          -363.724,
          2050.931
        ]
      },
      "properties": {
        "kind": "pacenote",
        "stage": "La Bollène-Vésubie - Turini",
        "reference_track": "col_de_turini",
        "note_index": 60,
        "distance_m": 3236.0,
        "distance_lookup_m": 3066.746,
        "link_to_next": true,
        "notes": [
          "Right4"
        ],
        "notes_text": "Right4",
        "atoms": [
          {
            "kind": "turn",
            "source": "Right4",
            "side": "right",
            "severity": 4
          }
        ],
        "flags": {
          "groups": {
            "keep": null,
            "cut": null,
            "opening": null,
            "go": null
          },
          "bools": {
            "caution": false,
            "brake": false,
            "finish": false,
            "narrows": false,
            "tightens": false,
            "tightens_late": false,
            "late": false,
            "sudden": false
          },
          "linked_to_next": true,
          "turn": {
            "sides": [
              "right"
            ],
            "severity_max": 4,
            "severity_min": 4
          }
        },
        "ref_segment_index": 497,
        "ref_segment_t": 0.04803,
        "grp_keep": "",
        "grp_cut": "",
        "grp_opening": "",
        "grp_go": "",
        "flg_caution": false,
        "flg_brake": false,
        "flg_finish": false,
        "flg_narrows": false,
        "flg_tightens": false,
        "flg_tightens_late": false,
        "flg_late": false,
        "flg_sudden": false,
        "flg_linked_to_next": true,
        "turn_sides": "right",
        "flg_turn_left": false,
        "flg_turn_right": true,
        "turn_severity_min": 4,
        "turn_severity_max": 4
      }
    },
    {
      "type": "Feature",
      "geometry": {
        "type": "Point",
        "coordinates": [
          -320.738,
          2070.404
        ]
      },
      "properties": {
        "kind": "pacenote",
        "stage": "La Bollène-Vésubie - Turini",
        "reference_track": "col_de_turini",
        "note_index": 61,
        "distance_m": 3284.0,
        "distance_lookup_m": 3114.746,
        "link_to_next": false,
        "notes": [
          "Dist60"
        ],
        "notes_text": "Dist60",
        "atoms": [
          {
            "kind": "distance",
            "source": "Dist60",
            "meters": 60
          }
        ],
        "flags": {
          "groups": {
            "keep": null,
            "cut": null,
            "opening": null,
            "go": null
          },
          "bools": {
            "caution": false,
            "brake": false,
            "finish": false,
            "narrows": false,
            "tightens": false,
            "tightens_late": false,
            "late": false,
            "sudden": false
          },
          "linked_to_next": false,
          "distance_calls_m": [
            60
          ]
        },
        "ref_segment_index": 503,
        "ref_segment_t": 0.609314,
        "grp_keep": "",
        "grp_cut": "",
        "grp_opening": "",
        "grp_go": "",
        "flg_caution": false,
        "flg_brake": false,
        "flg_finish": false,
        "flg_narrows": false,
        "flg_tightens": false,
        "flg_tightens_late": false,
        "flg_late": false,
        "flg_sudden": false,
        "flg_linked_to_next": false,
        "turn_sides": "",
        "flg_turn_left": false,
        "flg_turn_right": false,
        "distance_calls_m": "60"
      }
    },
    {
      "type": "Feature",
      "geometry": {
        "type": "Point",
        "coordinates": [
          -257.418,
          2083.924
        ]
      },
      "properties": {
        "kind": "pacenote",
        "stage": "La Bollène-Vésubie - Turini",
        "reference_track": "col_de_turini",
        "note_index": 62,
        "distance_m": 3349.0,
        "distance_lookup_m": 3179.746,
        "link_to_next": true,
        "notes": [
          "Right3",
          "KeepIn"
        ],
        "notes_text": "Right3, KeepIn",
        "atoms": [
          {
            "kind": "turn",
            "source": "Right3",
            "side": "right",
            "severity": 3
          },
          {
            "kind": "modifier",
            "source": "KeepIn",
            "name": "keep_in"
          }
        ],
        "flags": {
          "groups": {
            "keep": "keep_in",
            "cut": null,
            "opening": null,
            "go": null
          },
          "bools": {
            "caution": false,
            "brake": false,
            "finish": false,
            "narrows": false,
            "tightens": false,
            "tightens_late": false,
            "late": false,
            "sudden": false
          },
          "linked_to_next": true,
          "turn": {
            "sides": [
              "right"
            ],
            "severity_max": 3,
            "severity_min": 3
          }
        },
        "ref_segment_index": 510,
        "ref_segment_t": 0.908209,
        "grp_keep": "keep_in",
        "grp_cut": "",
        "grp_opening": "",
        "grp_go": "",
        "flg_caution": false,
        "flg_brake": false,
        "flg_finish": false,
        "flg_narrows": false,
        "flg_tightens": false,
        "flg_tightens_late": false,
        "flg_late": false,
        "flg_sudden": false,
        "flg_linked_to_next": true,
        "turn_sides": "right",
        "flg_turn_left": false,
        "flg_turn_right": true,
        "turn_severity_min": 3,
        "turn_severity_max": 3
      }
    },
    {
      "type": "Feature",
      "geometry": {
        "type": "Point",
        "coordinates": [
          -228.603,
          2079.32
        ]
      },
      "properties": {
        "kind": "pacenote",
        "stage": "La Bollène-Vésubie - Turini",
        "reference_track": "col_de_turini",
        "note_index": 63,
        "distance_m": 3379.0,
        "distance_lookup_m": 3209.746,
        "link_to_next": false,
        "notes": [
          "Dist50"
        ],
        "notes_text": "Dist50",
        "atoms": [
          {
            "kind": "distance",
            "source": "Dist50",
            "meters": 50
          }
        ],
        "flags": {
          "groups": {
            "keep": null,
            "cut": null,
            "opening": null,
            "go": null
          },
          "bools": {
            "caution": false,
            "brake": false,
            "finish": false,
            "narrows": false,
            "tightens": false,
            "tightens_late": false,
            "late": false,
            "sudden": false
          },
          "linked_to_next": false,
          "distance_calls_m": [
            50
          ]
        },
        "ref_segment_index": 514,
        "ref_segment_t": 0.473086,
        "grp_keep": "",
        "grp_cut": "",
        "grp_opening": "",
        "grp_go": "",
        "flg_caution": false,
        "flg_brake": false,
        "flg_finish": false,
        "flg_narrows": false,
        "flg_tightens": false,
        "flg_tightens_late": false,
        "flg_late": false,
        "flg_sudden": false,
        "flg_linked_to_next": false,
        "turn_sides": "",
        "flg_turn_left": false,
        "flg_turn_right": false,
        "distance_calls_m": "50"
      }
    },
    {
      "type": "Feature",
      "geometry": {
        "type": "Point",
        "coordinates": [
          -177.997,
          2064.285
        ]
      },
      "properties": {
        "kind": "pacenote",
        "stage": "La Bollène-Vésubie - Turini",
        "reference_track": "col_de_turini",
        "note_index": 64,
        "distance_m": 3432.0,
        "distance_lookup_m": 3262.746,
        "link_to_next": true,
        "notes": [
          "Brake",
          "Left3"
        ],
        "notes_text": "Brake, Left3",
        "atoms": [
          {
            "kind": "hazard",
            "source": "Brake",
            "name": "brake"
          },
          {
            "kind": "turn",
            "source": "Left3",
            "side": "left",
            "severity": 3
          }
        ],
        "flags": {
          "groups": {
            "keep": null,
            "cut": null,
            "opening": null,
            "go": null
          },
          "bools": {
            "caution": false,
            "brake": true,
            "finish": false,
            "narrows": false,
            "tightens": false,
            "tightens_late": false,
            "late": false,
            "sudden": false
          },
          "linked_to_next": true,
          "turn": {
            "sides": [
              "left"
            ],
            "severity_max": 3,
            "severity_min": 3
          }
        },
        "ref_segment_index": 520,
        "ref_segment_t": 0.670494,
        "grp_keep": "",
        "grp_cut": "",
        "grp_opening": "",
        "grp_go": "",
        "flg_caution": false,
        "flg_brake": true,
        "flg_finish": false,
        "flg_narrows": false,
        "flg_tightens": false,
        "flg_tightens_late": false,
        "flg_late": false,
        "flg_sudden": false,
        "flg_linked_to_next": true,
        "turn_sides": "left",
        "flg_turn_left": true,
        "flg_turn_right": false,
        "turn_severity_min": 3,
        "turn_severity_max": 3
      }
    },
    {
      "type": "Feature",
      "geometry": {
        "type": "Point",
        "coordinates": [
          -159.135,
          2064.853
        ]
      },
      "properties": {
        "kind": "pacenote",
        "stage": "La Bollène-Vésubie - Turini",
        "reference_track": "col_de_turini",
        "note_index": 65,
        "distance_m": 3451.0,
        "distance_lookup_m": 3281.746,
        "link_to_next": false,
        "notes": [
          "Into",
          "Right2"
        ],
        "notes_text": "Into, Right2",
        "atoms": [
          {
            "kind": "connector",
            "source": "Into",
            "name": "into"
          },
          {
            "kind": "turn",
            "source": "Right2",
            "side": "right",
            "severity": 2
          }
        ],
        "flags": {
          "groups": {
            "keep": null,
            "cut": null,
            "opening": null,
            "go": null
          },
          "bools": {
            "caution": false,
            "brake": false,
            "finish": false,
            "narrows": false,
            "tightens": false,
            "tightens_late": false,
            "late": false,
            "sudden": false
          },
          "linked_to_next": false,
          "turn": {
            "sides": [
              "right"
            ],
            "severity_max": 2,
            "severity_min": 2
          }
        },
        "ref_segment_index": 523,
        "ref_segment_t": 0.401939,
        "grp_keep": "",
        "grp_cut": "",
        "grp_opening": "",
        "grp_go": "",
        "flg_caution": false,
        "flg_brake": false,
        "flg_finish": false,
        "flg_narrows": false,
        "flg_tightens": false,
        "flg_tightens_late": false,
        "flg_late": false,
        "flg_sudden": false,
        "flg_linked_to_next": false,
        "turn_sides": "right",
        "flg_turn_left": false,
        "flg_turn_right": true,
        "turn_severity_min": 2,
        "turn_severity_max": 2
      }
    },
    {
      "type": "Feature",
      "geometry": {
        "type": "Point",
        "coordinates": [
          -123.604,
          2041.176
        ]
      },
      "properties": {
        "kind": "pacenote",
        "stage": "La Bollène-Vésubie - Turini",
        "reference_track": "col_de_turini",
        "note_index": 66,
        "distance_m": 3500.0,
        "distance_lookup_m": 3330.746,
        "link_to_next": false,
        "notes": [
          "And",
          "Left3"
        ],
        "notes_text": "And, Left3",
        "atoms": [
          {
            "kind": "connector",
            "source": "And",
            "name": "and"
          },
          {
            "kind": "turn",
            "source": "Left3",
            "side": "left",
            "severity": 3
          }
        ],
        "flags": {
          "groups": {
            "keep": null,
            "cut": null,
            "opening": null,
            "go": null
          },
          "bools": {
            "caution": false,
            "brake": false,
            "finish": false,
            "narrows": false,
            "tightens": false,
            "tightens_late": false,
            "late": false,
            "sudden": false
          },
          "linked_to_next": false,
          "turn": {
            "sides": [
              "left"
            ],
            "severity_max": 3,
            "severity_min": 3
          }
        },
        "ref_segment_index": 532,
        "ref_segment_t": 0.719011,
        "grp_keep": "",
        "grp_cut": "",
        "grp_opening": "",
        "grp_go": "",
        "flg_caution": false,
        "flg_brake": false,
        "flg_finish": false,
        "flg_narrows": false,
        "flg_tightens": false,
        "flg_tightens_late": false,
        "flg_late": false,
        "flg_sudden": false,
        "flg_linked_to_next": false,
        "turn_sides": "left",
        "flg_turn_left": true,
        "flg_turn_right": false,
        "turn_severity_min": 3,
        "turn_severity_max": 3
      }
    },
    {
      "type": "Feature",
      "geometry": {
        "type": "Point",
        "coordinates": [
          -89.926,
          2000.613
        ]
      },
      "properties": {
        "kind": "pacenote",
        "stage": "La Bollène-Vésubie - Turini",
        "reference_track": "col_de_turini",
        "note_index": 67,
        "distance_m": 3554.0,
        "distance_lookup_m": 3384.746,
        "link_to_next": false,
        "notes": [
          "Brake",
          "LeftHP"
        ],
        "notes_text": "Brake, LeftHP",
        "atoms": [
          {
            "kind": "hazard",
            "source": "Brake",
            "name": "brake"
          },
          {
            "kind": "turn",
            "source": "LeftHP",
            "side": "left",
            "style": "hp"
          }
        ],
        "flags": {
          "groups": {
            "keep": null,
            "cut": null,
            "opening": null,
            "go": null
          },
          "bools": {
            "caution": false,
            "brake": true,
            "finish": false,
            "narrows": false,
            "tightens": false,
            "tightens_late": false,
            "late": false,
            "sudden": false
          },
          "linked_to_next": false,
          "turn": {
            "sides": [
              "left"
            ]
          }
        },
        "ref_segment_index": 543,
        "ref_segment_t": 0.737307,
        "grp_keep": "",
        "grp_cut": "",
        "grp_opening": "",
        "grp_go": "",
        "flg_caution": false,
        "flg_brake": true,
        "flg_finish": false,
        "flg_narrows": false,
        "flg_tightens": false,
        "flg_tightens_late": false,
        "flg_late": false,
        "flg_sudden": false,
        "flg_linked_to_next": false,
        "turn_sides": "left",
        "flg_turn_left": true,
        "flg_turn_right": false
      }
    },
    {
      "type": "Feature",
      "geometry": {
        "type": "Point",
        "coordinates": [
          -90.478,
          2022.282
        ]
      },
      "properties": {
        "kind": "pacenote",
        "stage": "La Bollène-Vésubie - Turini",
        "reference_track": "col_de_turini",
        "note_index": 68,
        "distance_m": 3609.0,
        "distance_lookup_m": 3439.746,
        "link_to_next": false,
        "notes": [
          "Pause1.5s",
          "Right3"
        ],
        "notes_text": "Pause1.5s, Right3",
        "atoms": [
          {
            "kind": "pause",
            "source": "Pause1.5s",
            "seconds": 1.5,
            "reset": false
          },
          {
            "kind": "turn",
            "source": "Right3",
            "side": "right",
            "severity": 3
          }
        ],
        "flags": {
          "groups": {
            "keep": null,
            "cut": null,
            "opening": null,
            "go": null
          },
          "bools": {
            "caution": false,
            "brake": false,
            "finish": false,
            "narrows": false,
            "tightens": false,
            "tightens_late": false,
            "late": false,
            "sudden": false
          },
          "linked_to_next": false,
          "turn": {
            "sides": [
              "right"
            ],
            "severity_max": 3,
            "severity_min": 3
          },
          "pause_seconds": [
            1.5
          ]
        },
        "ref_segment_index": 560,
        "ref_segment_t": 0.021559,
        "grp_keep": "",
        "grp_cut": "",
        "grp_opening": "",
        "grp_go": "",
        "flg_caution": false,
        "flg_brake": false,
        "flg_finish": false,
        "flg_narrows": false,
        "flg_tightens": false,
        "flg_tightens_late": false,
        "flg_late": false,
        "flg_sudden": false,
        "flg_linked_to_next": false,
        "turn_sides": "right",
        "flg_turn_left": false,
        "flg_turn_right": true,
        "turn_severity_min": 3,
        "turn_severity_max": 3,
        "pause_seconds": "1.5"
      }
    },
    {
      "type": "Feature",
      "geometry": {
        "type": "Point",
        "coordinates": [
          -123.186,
          2077.96
        ]
      },
      "properties": {
        "kind": "pacenote",
        "stage": "La Bollène-Vésubie - Turini",
        "reference_track": "col_de_turini",
        "note_index": 69,
        "distance_m": 3678.0,
        "distance_lookup_m": 3508.746,
        "link_to_next": false,
        "notes": [
          "And",
          "Left2",
          "Long"
        ],
        "notes_text": "And, Left2, Long",
        "atoms": [
          {
            "kind": "connector",
            "source": "And",
            "name": "and"
          },
          {
            "kind": "turn",
            "source": "Left2",
            "side": "left",
            "severity": 2
          },
          {
            "kind": "length",
            "source": "Long",
            "name": "long"
          }
        ],
        "flags": {
          "groups": {
            "keep": null,
            "cut": null,
            "opening": null,
            "go": null
          },
          "bools": {
            "caution": false,
            "brake": false,
            "finish": false,
            "narrows": false,
            "tightens": false,
            "tightens_late": false,
            "late": false,
            "sudden": false
          },
          "linked_to_next": false,
          "turn": {
            "sides": [
              "left"
            ],
            "severity_max": 2,
            "severity_min": 2
          }
        },
        "ref_segment_index": 570,
        "ref_segment_t": 0.210366,
        "grp_keep": "",
        "grp_cut": "",
        "grp_opening": "",
        "grp_go": "",
        "flg_caution": false,
        "flg_brake": false,
        "flg_finish": false,
        "flg_narrows": false,
        "flg_tightens": false,
        "flg_tightens_late": false,
        "flg_late": false,
        "flg_sudden": false,
        "flg_linked_to_next": false,
        "turn_sides": "left",
        "flg_turn_left": true,
        "flg_turn_right": false,
        "turn_severity_min": 2,
        "turn_severity_max": 2
      }
    },
    {
      "type": "Feature",
      "geometry": {
        "type": "Point",
        "coordinates": [
          -169.042,
          2094.021
        ]
      },
      "properties": {
        "kind": "pacenote",
        "stage": "La Bollène-Vésubie - Turini",
        "reference_track": "col_de_turini",
        "note_index": 70,
        "distance_m": 3736.0,
        "distance_lookup_m": 3566.746,
        "link_to_next": false,
        "notes": [
          "And",
          "Right2"
        ],
        "notes_text": "And, Right2",
        "atoms": [
          {
            "kind": "connector",
            "source": "And",
            "name": "and"
          },
          {
            "kind": "turn",
            "source": "Right2",
            "side": "right",
            "severity": 2
          }
        ],
        "flags": {
          "groups": {
            "keep": null,
            "cut": null,
            "opening": null,
            "go": null
          },
          "bools": {
            "caution": false,
            "brake": false,
            "finish": false,
            "narrows": false,
            "tightens": false,
            "tightens_late": false,
            "late": false,
            "sudden": false
          },
          "linked_to_next": false,
          "turn": {
            "sides": [
              "right"
            ],
            "severity_max": 2,
            "severity_min": 2
          }
        },
        "ref_segment_index": 580,
        "ref_segment_t": 0.283453,
        "grp_keep": "",
        "grp_cut": "",
        "grp_opening": "",
        "grp_go": "",
        "flg_caution": false,
        "flg_brake": false,
        "flg_finish": false,
        "flg_narrows": false,
        "flg_tightens": false,
        "flg_tightens_late": false,
        "flg_late": false,
        "flg_sudden": false,
        "flg_linked_to_next": false,
        "turn_sides": "right",
        "flg_turn_left": false,
        "flg_turn_right": true,
        "turn_severity_min": 2,
        "turn_severity_max": 2
      }
    },
    {
      "type": "Feature",
      "geometry": {
        "type": "Point",
        "coordinates": [
          -213.593,
          2113.077
        ]
      },
      "properties": {
        "kind": "pacenote",
        "stage": "La Bollène-Vésubie - Turini",
        "reference_track": "col_de_turini",
        "note_index": 71,
        "distance_m": 3792.0,
        "distance_lookup_m": 3622.746,
        "link_to_next": false,
        "notes": [
          "And",
          "Left3"
        ],
        "notes_text": "And, Left3",
        "atoms": [
          {
            "kind": "connector",
            "source": "And",
            "name": "and"
          },
          {
            "kind": "turn",
            "source": "Left3",
            "side": "left",
            "severity": 3
          }
        ],
        "flags": {
          "groups": {
            "keep": null,
            "cut": null,
            "opening": null,
            "go": null
          },
          "bools": {
            "caution": false,
            "brake": false,
            "finish": false,
            "narrows": false,
            "tightens": false,
            "tightens_late": false,
            "late": false,
            "sudden": false
          },
          "linked_to_next": false,
          "turn": {
            "sides": [
              "left"
            ],
            "severity_max": 3,
            "severity_min": 3
          }
        },
        "ref_segment_index": 590,
        "ref_segment_t": 0.147736,
        "grp_keep": "",
        "grp_cut": "",
        "grp_opening": "",
        "grp_go": "",
        "flg_caution": false,
        "flg_brake": false,
        "flg_finish": false,
        "flg_narrows": false,
        "flg_tightens": false,
        "flg_tightens_late": false,
        "flg_late": false,
        "flg_sudden": false,
        "flg_linked_to_next": false,
        "turn_sides": "left",
        "flg_turn_left": true,
        "flg_turn_right": false,
        "turn_severity_min": 3,
        "turn_severity_max": 3
      }
    },
    {
      "type": "Feature",
      "geometry": {
        "type": "Point",
        "coordinates": [
          -283.002,
          2135.373
        ]
      },
      "properties": {
        "kind": "pacenote",
        "stage": "La Bollène-Vésubie - Turini",
        "reference_track": "col_de_turini",
        "note_index": 72,
        "distance_m": 3872.0,
        "distance_lookup_m": 3702.746,
        "link_to_next": false,
        "notes": [
          "Right6"
        ],
        "notes_text": "Right6",
        "atoms": [
          {
            "kind": "turn",
            "source": "Right6",
            "side": "right",
            "severity": 6
          }
        ],
        "flags": {
          "groups": {
            "keep": null,
            "cut": null,
            "opening": null,
            "go": null
          },
          "bools": {
            "caution": false,
            "brake": false,
            "finish": false,
            "narrows": false,
            "tightens": false,
            "tightens_late": false,
            "late": false,
            "sudden": false
          },
          "linked_to_next": false,
          "turn": {
            "sides": [
              "right"
            ],
            "severity_max": 6,
            "severity_min": 6
          }
        },
        "ref_segment_index": 601,
        "ref_segment_t": 0.209775,
        "grp_keep": "",
        "grp_cut": "",
        "grp_opening": "",
        "grp_go": "",
        "flg_caution": false,
        "flg_brake": false,
        "flg_finish": false,
        "flg_narrows": false,
        "flg_tightens": false,
        "flg_tightens_late": false,
        "flg_late": false,
        "flg_sudden": false,
        "flg_linked_to_next": false,
        "turn_sides": "right",
        "flg_turn_left": false,
        "flg_turn_right": true,
        "turn_severity_min": 6,
        "turn_severity_max": 6
      }
    },
    {
      "type": "Feature",
      "geometry": {
        "type": "Point",
        "coordinates": [
          -322.511,
          2138.428
        ]
      },
      "properties": {
        "kind": "pacenote",
        "stage": "La Bollène-Vésubie - Turini",
        "reference_track": "col_de_turini",
        "note_index": 73,
        "distance_m": 3912.0,
        "distance_lookup_m": 3742.746,
        "link_to_next": false,
        "notes": [
          "Brake",
          "RightHP"
        ],
        "notes_text": "Brake, RightHP",
        "atoms": [
          {
            "kind": "hazard",
            "source": "Brake",
            "name": "brake"
          },
          {
            "kind": "turn",
            "source": "RightHP",
            "side": "right",
            "style": "hp"
          }
        ],
        "flags": {
          "groups": {
            "keep": null,
            "cut": null,
            "opening": null,
            "go": null
          },
          "bools": {
            "caution": false,
            "brake": true,
            "finish": false,
            "narrows": false,
            "tightens": false,
            "tightens_late": false,
            "late": false,
            "sudden": false
          },
          "linked_to_next": false,
          "turn": {
            "sides": [
              "right"
            ]
          }
        },
        "ref_segment_index": 605,
        "ref_segment_t": 0.75466,
        "grp_keep": "",
        "grp_cut": "",
        "grp_opening": "",
        "grp_go": "",
        "flg_caution": false,
        "flg_brake": true,
        "flg_finish": false,
        "flg_narrows": false,
        "flg_tightens": false,
        "flg_tightens_late": false,
        "flg_late": false,
        "flg_sudden": false,
        "flg_linked_to_next": false,
        "turn_sides": "right",
        "flg_turn_left": false,
        "flg_turn_right": true
      }
    },
    {
      "type": "Feature",
      "geometry": {
        "type": "Point",
        "coordinates": [
          -327.478,
          2154.908
        ]
      },
      "properties": {
        "kind": "pacenote",
        "stage": "La Bollène-Vésubie - Turini",
        "reference_track": "col_de_turini",
        "note_index": 74,
        "distance_m": 3971.0,
        "distance_lookup_m": 3801.746,
        "link_to_next": true,
        "notes": [
          "Pause1s",
          "Left4"
        ],
        "notes_text": "Pause1s, Left4",
        "atoms": [
          {
            "kind": "pause",
            "source": "Pause1s",
            "seconds": 1.0,
            "reset": false
          },
          {
            "kind": "turn",
            "source": "Left4",
            "side": "left",
            "severity": 4
          }
        ],
        "flags": {
          "groups": {
            "keep": null,
            "cut": null,
            "opening": null,
            "go": null
          },
          "bools": {
            "caution": false,
            "brake": false,
            "finish": false,
            "narrows": false,
            "tightens": false,
            "tightens_late": false,
            "late": false,
            "sudden": false
          },
          "linked_to_next": true,
          "turn": {
            "sides": [
              "left"
            ],
            "severity_max": 4,
            "severity_min": 4
          },
          "pause_seconds": [
            1.0
          ]
        },
        "ref_segment_index": 620,
        "ref_segment_t": 0.9592,
        "grp_keep": "",
        "grp_cut": "",
        "grp_opening": "",
        "grp_go": "",
        "flg_caution": false,
        "flg_brake": false,
        "flg_finish": false,
        "flg_narrows": false,
        "flg_tightens": false,
        "flg_tightens_late": false,
        "flg_late": false,
        "flg_sudden": false,
        "flg_linked_to_next": true,
        "turn_sides": "left",
        "flg_turn_left": true,
        "flg_turn_right": false,
        "turn_severity_min": 4,
        "turn_severity_max": 4,
        "pause_seconds": "1.0"
      }
    },
    {
      "type": "Feature",
      "geometry": {
        "type": "Point",
        "coordinates": [
          -292.204,
          2152.271
        ]
      },
      "properties": {
        "kind": "pacenote",
        "stage": "La Bollène-Vésubie - Turini",
        "reference_track": "col_de_turini",
        "note_index": 75,
        "distance_m": 4008.0,
        "distance_lookup_m": 3838.746,
        "link_to_next": false,
        "notes": [
          "Dist40"
        ],
        "notes_text": "Dist40",
        "atoms": [
          {
            "kind": "distance",
            "source": "Dist40",
            "meters": 40
          }
        ],
        "flags": {
          "groups": {
            "keep": null,
            "cut": null,
            "opening": null,
            "go": null
          },
          "bools": {
            "caution": false,
            "brake": false,
            "finish": false,
            "narrows": false,
            "tightens": false,
            "tightens_late": false,
            "late": false,
            "sudden": false
          },
          "linked_to_next": false,
          "distance_calls_m": [
            40
          ]
        },
        "ref_segment_index": 627,
        "ref_segment_t": 0.653524,
        "grp_keep": "",
        "grp_cut": "",
        "grp_opening": "",
        "grp_go": "",
        "flg_caution": false,
        "flg_brake": false,
        "flg_finish": false,
        "flg_narrows": false,
        "flg_tightens": false,
        "flg_tightens_late": false,
        "flg_late": false,
        "flg_sudden": false,
        "flg_linked_to_next": false,
        "turn_sides": "",
        "flg_turn_left": false,
        "flg_turn_right": false,
        "distance_calls_m": "40"
      }
    },
    {
      "type": "Feature",
      "geometry": {
        "type": "Point",
        "coordinates": [
          -255.885,
          2162.855
        ]
      },
      "properties": {
        "kind": "pacenote",
        "stage": "La Bollène-Vésubie - Turini",
        "reference_track": "col_de_turini",
        "note_index": 76,
        "distance_m": 4046.0,
        "distance_lookup_m": 3876.746,
        "link_to_next": false,
        "notes": [
          "Right3"
        ],
        "notes_text": "Right3",
        "atoms": [
          {
            "kind": "turn",
            "source": "Right3",
            "side": "right",
            "severity": 3
          }
        ],
        "flags": {
          "groups": {
            "keep": null,
            "cut": null,
            "opening": null,
            "go": null
          },
          "bools": {
            "caution": false,
            "brake": false,
            "finish": false,
            "narrows": false,
            "tightens": false,
            "tightens_late": false,
            "late": false,
            "sudden": false
          },
          "linked_to_next": false,
          "turn": {
            "sides": [
              "right"
            ],
            "severity_max": 3,
            "severity_min": 3
          }
        },
        "ref_segment_index": 632,
        "ref_segment_t": 0.86174,
        "grp_keep": "",
        "grp_cut": "",
        "grp_opening": "",
        "grp_go": "",
        "flg_caution": false,
        "flg_brake": false,
        "flg_finish": false,
        "flg_narrows": false,
        "flg_tightens": false,
        "flg_tightens_late": false,
        "flg_late": false,
        "flg_sudden": false,
        "flg_linked_to_next": false,
        "turn_sides": "right",
        "flg_turn_left": false,
        "flg_turn_right": true,
        "turn_severity_min": 3,
        "turn_severity_max": 3
      }
    },
    {
      "type": "Feature",
      "geometry": {
        "type": "Point",
        "coordinates": [
          -199.836,
          2145.966
        ]
      },
      "properties": {
        "kind": "pacenote",
        "stage": "La Bollène-Vésubie - Turini",
        "reference_track": "col_de_turini",
        "note_index": 77,
        "distance_m": 4107.0,
        "distance_lookup_m": 3937.746,
        "link_to_next": false,
        "notes": [
          "Left2",
          "Tightens"
        ],
        "notes_text": "Left2, Tightens",
        "atoms": [
          {
            "kind": "turn",
            "source": "Left2",
            "side": "left",
            "severity": 2
          },
          {
            "kind": "modifier",
            "source": "Tightens",
            "name": "tightens"
          }
        ],
        "flags": {
          "groups": {
            "keep": null,
            "cut": null,
            "opening": null,
            "go": null
          },
          "bools": {
            "caution": false,
            "brake": false,
            "finish": false,
            "narrows": false,
            "tightens": true,
            "tightens_late": false,
            "late": false,
            "sudden": false
          },
          "linked_to_next": false,
          "turn": {
            "sides": [
              "left"
            ],
            "severity_max": 2,
            "severity_min": 2
          }
        },
        "ref_segment_index": 641,
        "ref_segment_t": 0.066806,
        "grp_keep": "",
        "grp_cut": "",
        "grp_opening": "",
        "grp_go": "",
        "flg_caution": false,
        "flg_brake": false,
        "flg_finish": false,
        "flg_narrows": false,
        "flg_tightens": true,
        "flg_tightens_late": false,
        "flg_late": false,
        "flg_sudden": false,
        "flg_linked_to_next": false,
        "turn_sides": "left",
        "flg_turn_left": true,
        "flg_turn_right": false,
        "turn_severity_min": 2,
        "turn_severity_max": 2
      }
    },
    {
      "type": "Feature",
      "geometry": {
        "type": "Point",
        "coordinates": [
          -163.008,
          2158.242
        ]
      },
      "properties": {
        "kind": "pacenote",
        "stage": "La Bollène-Vésubie - Turini",
        "reference_track": "col_de_turini",
        "note_index": 78,
        "distance_m": 4151.0,
        "distance_lookup_m": 3981.746,
        "link_to_next": false,
        "notes": [
          "And",
          "Right2",
          "Long"
        ],
        "notes_text": "And, Right2, Long",
        "atoms": [
          {
            "kind": "connector",
            "source": "And",
            "name": "and"
          },
          {
            "kind": "turn",
            "source": "Right2",
            "side": "right",
            "severity": 2
          },
          {
            "kind": "length",
            "source": "Long",
            "name": "long"
          }
        ],
        "flags": {
          "groups": {
            "keep": null,
            "cut": null,
            "opening": null,
            "go": null
          },
          "bools": {
            "caution": false,
            "brake": false,
            "finish": false,
            "narrows": false,
            "tightens": false,
            "tightens_late": false,
            "late": false,
            "sudden": false
          },
          "linked_to_next": false,
          "turn": {
            "sides": [
              "right"
            ],
            "severity_max": 2,
            "severity_min": 2
          }
        },
        "ref_segment_index": 649,
        "ref_segment_t": 0.509094,
        "grp_keep": "",
        "grp_cut": "",
        "grp_opening": "",
        "grp_go": "",
        "flg_caution": false,
        "flg_brake": false,
        "flg_finish": false,
        "flg_narrows": false,
        "flg_tightens": false,
        "flg_tightens_late": false,
        "flg_late": false,
        "flg_sudden": false,
        "flg_linked_to_next": false,
        "turn_sides": "right",
        "flg_turn_left": false,
        "flg_turn_right": true,
        "turn_severity_min": 2,
        "turn_severity_max": 2
      }
    },
    {
      "type": "Feature",
      "geometry": {
        "type": "Point",
        "coordinates": [
          -100.487,
          2165.314
        ]
      },
      "properties": {
        "kind": "pacenote",
        "stage": "La Bollène-Vésubie - Turini",
        "reference_track": "col_de_turini",
        "note_index": 79,
        "distance_m": 4222.0,
        "distance_lookup_m": 4052.746,
        "link_to_next": false,
        "notes": [
          "And",
          "Left2"
        ],
        "notes_text": "And, Left2",
        "atoms": [
          {
            "kind": "connector",
            "source": "And",
            "name": "and"
          },
          {
            "kind": "turn",
            "source": "Left2",
            "side": "left",
            "severity": 2
          }
        ],
        "flags": {
          "groups": {
            "keep": null,
            "cut": null,
            "opening": null,
            "go": null
          },
          "bools": {
            "caution": false,
            "brake": false,
            "finish": false,
            "narrows": false,
            "tightens": false,
            "tightens_late": false,
            "late": false,
            "sudden": false
          },
          "linked_to_next": false,
          "turn": {
            "sides": [
              "left"
            ],
            "severity_max": 2,
            "severity_min": 2
          }
        },
        "ref_segment_index": 659,
        "ref_segment_t": 0.804411,
        "grp_keep": "",
        "grp_cut": "",
        "grp_opening": "",
        "grp_go": "",
        "flg_caution": false,
        "flg_brake": false,
        "flg_finish": false,
        "flg_narrows": false,
        "flg_tightens": false,
        "flg_tightens_late": false,
        "flg_late": false,
        "flg_sudden": false,
        "flg_linked_to_next": false,
        "turn_sides": "left",
        "flg_turn_left": true,
        "flg_turn_right": false,
        "turn_severity_min": 2,
        "turn_severity_max": 2
      }
    },
    {
      "type": "Feature",
      "geometry": {
        "type": "Point",
        "coordinates": [
          -56.448,
          2167.259
        ]
      },
      "properties": {
        "kind": "pacenote",
        "stage": "La Bollène-Vésubie - Turini",
        "reference_track": "col_de_turini",
        "note_index": 80,
        "distance_m": 4270.0,
        "distance_lookup_m": 4100.746,
        "link_to_next": false,
        "notes": [
          "Right6"
        ],
        "notes_text": "Right6",
        "atoms": [
          {
            "kind": "turn",
            "source": "Right6",
            "side": "right",
            "severity": 6
          }
        ],
        "flags": {
          "groups": {
            "keep": null,
            "cut": null,
            "opening": null,
            "go": null
          },
          "bools": {
            "caution": false,
            "brake": false,
            "finish": false,
            "narrows": false,
            "tightens": false,
            "tightens_late": false,
            "late": false,
            "sudden": false
          },
          "linked_to_next": false,
          "turn": {
            "sides": [
              "right"
            ],
            "severity_max": 6,
            "severity_min": 6
          }
        },
        "ref_segment_index": 667,
        "ref_segment_t": 0.709719,
        "grp_keep": "",
        "grp_cut": "",
        "grp_opening": "",
        "grp_go": "",
        "flg_caution": false,
        "flg_brake": false,
        "flg_finish": false,
        "flg_narrows": false,
        "flg_tightens": false,
        "flg_tightens_late": false,
        "flg_late": false,
        "flg_sudden": false,
        "flg_linked_to_next": false,
        "turn_sides": "right",
        "flg_turn_left": false,
        "flg_turn_right": true,
        "turn_severity_min": 6,
        "turn_severity_max": 6
      }
    },
    {
      "type": "Feature",
      "geometry": {
        "type": "Point",
        "coordinates": [
          -32.825,
          2179.939
        ]
      },
      "properties": {
        "kind": "pacenote",
        "stage": "La Bollène-Vésubie - Turini",
        "reference_track": "col_de_turini",
        "note_index": 81,
        "distance_m": 4297.0,
        "distance_lookup_m": 4127.746,
        "link_to_next": false,
        "notes": [
          "Into",
          "LeftHP"
        ],
        "notes_text": "Into, LeftHP",
        "atoms": [
          {
            "kind": "connector",
            "source": "Into",
            "name": "into"
          },
          {
            "kind": "turn",
            "source": "LeftHP",
            "side": "left",
            "style": "hp"
          }
        ],
        "flags": {
          "groups": {
            "keep": null,
            "cut": null,
            "opening": null,
            "go": null
          },
          "bools": {
            "caution": false,
            "brake": false,
            "finish": false,
            "narrows": false,
            "tightens": false,
            "tightens_late": false,
            "late": false,
            "sudden": false
          },
          "linked_to_next": false,
          "turn": {
            "sides": [
              "left"
            ]
          }
        },
        "ref_segment_index": 671,
        "ref_segment_t": 0.593455,
        "grp_keep": "",
        "grp_cut": "",
        "grp_opening": "",
        "grp_go": "",
        "flg_caution": false,
        "flg_brake": false,
        "flg_finish": false,
        "flg_narrows": false,
        "flg_tightens": false,
        "flg_tightens_late": false,
        "flg_late": false,
        "flg_sudden": false,
        "flg_linked_to_next": false,
        "turn_sides": "left",
        "flg_turn_left": true,
        "flg_turn_right": false
      }
    },
    {
      "type": "Feature",
      "geometry": {
        "type": "Point",
        "coordinates": [
          -44.363,
          2191.858
        ]
      },
      "properties": {
        "kind": "pacenote",
        "stage": "La Bollène-Vésubie - Turini",
        "reference_track": "col_de_turini",
        "note_index": 82,
        "distance_m": 4353.0,
        "distance_lookup_m": 4183.746,
        "link_to_next": false,
        "notes": [
          "Pause1.5s",
          "Right2",
          "Long"
        ],
        "notes_text": "Pause1.5s, Right2, Long",
        "atoms": [
          {
            "kind": "pause",
            "source": "Pause1.5s",
            "seconds": 1.5,
            "reset": false
          },
          {
            "kind": "turn",
            "source": "Right2",
            "side": "right",
            "severity": 2
          },
          {
            "kind": "length",
            "source": "Long",
            "name": "long"
          }
        ],
        "flags": {
          "groups": {
            "keep": null,
            "cut": null,
            "opening": null,
            "go": null
          },
          "bools": {
            "caution": false,
            "brake": false,
            "finish": false,
            "narrows": false,
            "tightens": false,
            "tightens_late": false,
            "late": false,
            "sudden": false
          },
          "linked_to_next": false,
          "turn": {
            "sides": [
              "right"
            ],
            "severity_max": 2,
            "severity_min": 2
          },
          "pause_seconds": [
            1.5
          ]
        },
        "ref_segment_index": 689,
        "ref_segment_t": 0.049049,
        "grp_keep": "",
        "grp_cut": "",
        "grp_opening": "",
        "grp_go": "",
        "flg_caution": false,
        "flg_brake": false,
        "flg_finish": false,
        "flg_narrows": false,
        "flg_tightens": false,
        "flg_tightens_late": false,
        "flg_late": false,
        "flg_sudden": false,
        "flg_linked_to_next": false,
        "turn_sides": "right",
        "flg_turn_left": false,
        "flg_turn_right": true,
        "turn_severity_min": 2,
        "turn_severity_max": 2,
        "pause_seconds": "1.5"
      }
    },
    {
      "type": "Feature",
      "geometry": {
        "type": "Point",
        "coordinates": [
          -104.52,
          2202.153
        ]
      },
      "properties": {
        "kind": "pacenote",
        "stage": "La Bollène-Vésubie - Turini",
        "reference_track": "col_de_turini",
        "note_index": 83,
        "distance_m": 4422.0,
        "distance_lookup_m": 4252.746,
        "link_to_next": false,
        "notes": [
          "And",
          "Left3",
          "Long",
          "TightensLate"
        ],
        "notes_text": "And, Left3, Long, TightensLate",
        "atoms": [
          {
            "kind": "connector",
            "source": "And",
            "name": "and"
          },
          {
            "kind": "turn",
            "source": "Left3",
            "side": "left",
            "severity": 3
          },
          {
            "kind": "length",
            "source": "Long",
            "name": "long"
          },
          {
            "kind": "modifier",
            "source": "TightensLate",
            "name": "tightens_late"
          }
        ],
        "flags": {
          "groups": {
            "keep": null,
            "cut": null,
            "opening": null,
            "go": null
          },
          "bools": {
            "caution": false,
            "brake": false,
            "finish": false,
            "narrows": false,
            "tightens": false,
            "tightens_late": true,
            "late": false,
            "sudden": false
          },
          "linked_to_next": false,
          "turn": {
            "sides": [
              "left"
            ],
            "severity_max": 3,
            "severity_min": 3
          }
        },
        "ref_segment_index": 699,
        "ref_segment_t": 0.988219,
        "grp_keep": "",
        "grp_cut": "",
        "grp_opening": "",
        "grp_go": "",
        "flg_caution": false,
        "flg_brake": false,
        "flg_finish": false,
        "flg_narrows": false,
        "flg_tightens": false,
        "flg_tightens_late": true,
        "flg_late": false,
        "flg_sudden": false,
        "flg_linked_to_next": false,
        "turn_sides": "left",
        "flg_turn_left": true,
        "flg_turn_right": false,
        "turn_severity_min": 3,
        "turn_severity_max": 3
      }
    },
    {
      "type": "Feature",
      "geometry": {
        "type": "Point",
        "coordinates": [
          -174.494,
          2193.294
        ]
      },
      "properties": {
        "kind": "pacenote",
        "stage": "La Bollène-Vésubie - Turini",
        "reference_track": "col_de_turini",
        "note_index": 84,
        "distance_m": 4503.0,
        "distance_lookup_m": 4333.746,
        "link_to_next": false,
        "notes": [
          "Into",
          "RightHP"
        ],
        "notes_text": "Into, RightHP",
        "atoms": [
          {
            "kind": "connector",
            "source": "Into",
            "name": "into"
          },
          {
            "kind": "turn",
            "source": "RightHP",
            "side": "right",
            "style": "hp"
          }
        ],
        "flags": {
          "groups": {
            "keep": null,
            "cut": null,
            "opening": null,
            "go": null
          },
          "bools": {
            "caution": false,
            "brake": false,
            "finish": false,
            "narrows": false,
            "tightens": false,
            "tightens_late": false,
            "late": false,
            "sudden": false
          },
          "linked_to_next": false,
          "turn": {
            "sides": [
              "right"
            ]
          }
        },
        "ref_segment_index": 710,
        "ref_segment_t": 0.700909,
        "grp_keep": "",
        "grp_cut": "",
        "grp_opening": "",
        "grp_go": "",
        "flg_caution": false,
        "flg_brake": false,
        "flg_finish": false,
        "flg_narrows": false,
        "flg_tightens": false,
        "flg_tightens_late": false,
        "flg_late": false,
        "flg_sudden": false,
        "flg_linked_to_next": false,
        "turn_sides": "right",
        "flg_turn_left": false,
        "flg_turn_right": true
      }
    },
    {
      "type": "Feature",
      "geometry": {
        "type": "Point",
        "coordinates": [
          -155.335,
          2223.141
        ]
      },
      "properties": {
        "kind": "pacenote",
        "stage": "La Bollène-Vésubie - Turini",
        "reference_track": "col_de_turini",
        "note_index": 85,
        "distance_m": 4586.0,
        "distance_lookup_m": 4416.746,
        "link_to_next": false,
        "notes": [
          "Pause1s",
          "Right4",
          "Tighten3",
          "Late"
        ],
        "notes_text": "Pause1s, Right4, Tighten3, Late",
        "atoms": [
          {
            "kind": "pause",
            "source": "Pause1s",
            "seconds": 1.0,
            "reset": false
          },
          {
            "kind": "turn",
            "source": "Right4",
            "side": "right",
            "severity": 4
          },
          {
            "kind": "modifier",
            "source": "Tighten3",
            "name": "tighten",
            "level": 3
          },
          {
            "kind": "modifier",
            "source": "Late",
            "name": "late"
          }
        ],
        "flags": {
          "groups": {
            "keep": null,
            "cut": null,
            "opening": null,
            "go": null
          },
          "bools": {
            "caution": false,
            "brake": false,
            "finish": false,
            "narrows": false,
            "tightens": false,
            "tightens_late": false,
            "late": true,
            "sudden": false
          },
          "linked_to_next": false,
          "turn": {
            "sides": [
              "right"
            ],
            "severity_max": 4,
            "severity_min": 4
          },
          "pause_seconds": [
            1.0
          ]
        },
        "ref_segment_index": 730,
        "ref_segment_t": 0.101554,
        "grp_keep": "",
        "grp_cut": "",
        "grp_opening": "",
        "grp_go": "",
        "flg_caution": false,
        "flg_brake": false,
        "flg_finish": false,
        "flg_narrows": false,
        "flg_tightens": false,
        "flg_tightens_late": false,
        "flg_late": true,
        "flg_sudden": false,
        "flg_linked_to_next": false,
        "turn_sides": "right",
        "flg_turn_left": false,
        "flg_turn_right": true,
        "turn_severity_min": 4,
        "turn_severity_max": 4,
        "pause_seconds": "1.0"
      }
    },
    {
      "type": "Feature",
      "geometry": {
        "type": "Point",
        "coordinates": [
          -96.837,
          2223.031
        ]
      },
      "properties": {
        "kind": "pacenote",
        "stage": "La Bollène-Vésubie - Turini",
        "reference_track": "col_de_turini",
        "note_index": 86,
        "distance_m": 4649.0,
        "distance_lookup_m": 4479.746,
        "link_to_next": true,
        "notes": [
          "Into",
          "Left2",
          "Tightens"
        ],
        "notes_text": "Into, Left2, Tightens",
        "atoms": [
          {
            "kind": "connector",
            "source": "Into",
            "name": "into"
          },
          {
            "kind": "turn",
            "source": "Left2",
            "side": "left",
            "severity": 2
          },
          {
            "kind": "modifier",
            "source": "Tightens",
            "name": "tightens"
          }
        ],
        "flags": {
          "groups": {
            "keep": null,
            "cut": null,
            "opening": null,
            "go": null
          },
          "bools": {
            "caution": false,
            "brake": false,
            "finish": false,
            "narrows": false,
            "tightens": true,
            "tightens_late": false,
            "late": false,
            "sudden": false
          },
          "linked_to_next": true,
          "turn": {
            "sides": [
              "left"
            ],
            "severity_max": 2,
            "severity_min": 2
          }
        },
        "ref_segment_index": 738,
        "ref_segment_t": 0.877301,
        "grp_keep": "",
        "grp_cut": "",
        "grp_opening": "",
        "grp_go": "",
        "flg_caution": false,
        "flg_brake": false,
        "flg_finish": false,
        "flg_narrows": false,
        "flg_tightens": true,
        "flg_tightens_late": false,
        "flg_late": false,
        "flg_sudden": false,
        "flg_linked_to_next": true,
        "turn_sides": "left",
        "flg_turn_left": true,
        "flg_turn_right": false,
        "turn_severity_min": 2,
        "turn_severity_max": 2
      }
    },
    {
      "type": "Feature",
      "geometry": {
        "type": "Point",
        "coordinates": [
          -58.709,
          2221.117
        ]
      },
      "properties": {
        "kind": "pacenote",
        "stage": "La Bollène-Vésubie - Turini",
        "reference_track": "col_de_turini",
        "note_index": 87,
        "distance_m": 4692.0,
        "distance_lookup_m": 4522.746,
        "link_to_next": false,
        "notes": [
          "Dist50"
        ],
        "notes_text": "Dist50",
        "atoms": [
          {
            "kind": "distance",
            "source": "Dist50",
            "meters": 50
          }
        ],
        "flags": {
          "groups": {
            "keep": null,
            "cut": null,
            "opening": null,
            "go": null
          },
          "bools": {
            "caution": false,
            "brake": false,
            "finish": false,
            "narrows": false,
            "tightens": false,
            "tightens_late": false,
            "late": false,
            "sudden": false
          },
          "linked_to_next": false,
          "distance_calls_m": [
            50
          ]
        },
        "ref_segment_index": 746,
        "ref_segment_t": 0.718985,
        "grp_keep": "",
        "grp_cut": "",
        "grp_opening": "",
        "grp_go": "",
        "flg_caution": false,
        "flg_brake": false,
        "flg_finish": false,
        "flg_narrows": false,
        "flg_tightens": false,
        "flg_tightens_late": false,
        "flg_late": false,
        "flg_sudden": false,
        "flg_linked_to_next": false,
        "turn_sides": "",
        "flg_turn_left": false,
        "flg_turn_right": false,
        "distance_calls_m": "50"
      }
    },
    {
      "type": "Feature",
      "geometry": {
        "type": "Point",
        "coordinates": [
          -13.8,
          2254.393
        ]
      },
      "properties": {
        "kind": "pacenote",
        "stage": "La Bollène-Vésubie - Turini",
        "reference_track": "col_de_turini",
        "note_index": 88,
        "distance_m": 4748.0,
        "distance_lookup_m": 4578.746,
        "link_to_next": true,
        "notes": [
          "Left3"
        ],
        "notes_text": "Left3",
        "atoms": [
          {
            "kind": "turn",
            "source": "Left3",
            "side": "left",
            "severity": 3
          }
        ],
        "flags": {
          "groups": {
            "keep": null,
            "cut": null,
            "opening": null,
            "go": null
          },
          "bools": {
            "caution": false,
            "brake": false,
            "finish": false,
            "narrows": false,
            "tightens": false,
            "tightens_late": false,
            "late": false,
            "sudden": false
          },
          "linked_to_next": true,
          "turn": {
            "sides": [
              "left"
            ],
            "severity_max": 3,
            "severity_min": 3
          }
        },
        "ref_segment_index": 754,
        "ref_segment_t": 0.223183,
        "grp_keep": "",
        "grp_cut": "",
        "grp_opening": "",
        "grp_go": "",
        "flg_caution": false,
        "flg_brake": false,
        "flg_finish": false,
        "flg_narrows": false,
        "flg_tightens": false,
        "flg_tightens_late": false,
        "flg_late": false,
        "flg_sudden": false,
        "flg_linked_to_next": true,
        "turn_sides": "left",
        "flg_turn_left": true,
        "flg_turn_right": false,
        "turn_severity_min": 3,
        "turn_severity_max": 3
      }
    },
    {
      "type": "Feature",
      "geometry": {
        "type": "Point",
        "coordinates": [
          2.542,
          2285.814
        ]
      },
      "properties": {
        "kind": "pacenote",
        "stage": "La Bollène-Vésubie - Turini",
        "reference_track": "col_de_turini",
        "note_index": 89,
        "distance_m": 4784.0,
        "distance_lookup_m": 4614.746,
        "link_to_next": false,
        "notes": [
          "And",
          "Right4"
        ],
        "notes_text": "And, Right4",
        "atoms": [
          {
            "kind": "connector",
            "source": "And",
            "name": "and"
          },
          {
            "kind": "turn",
            "source": "Right4",
            "side": "right",
            "severity": 4
          }
        ],
        "flags": {
          "groups": {
            "keep": null,
            "cut": null,
            "opening": null,
            "go": null
          },
          "bools": {
            "caution": false,
            "brake": false,
            "finish": false,
            "narrows": false,
            "tightens": false,
            "tightens_late": false,
            "late": false,
            "sudden": false
          },
          "linked_to_next": false,
          "turn": {
            "sides": [
              "right"
            ],
            "severity_max": 4,
            "severity_min": 4
          }
        },
        "ref_segment_index": 759,
        "ref_segment_t": 0.434483,
        "grp_keep": "",
        "grp_cut": "",
        "grp_opening": "",
        "grp_go": "",
        "flg_caution": false,
        "flg_brake": false,
        "flg_finish": false,
        "flg_narrows": false,
        "flg_tightens": false,
        "flg_tightens_late": false,
        "flg_late": false,
        "flg_sudden": false,
        "flg_linked_to_next": false,
        "turn_sides": "right",
        "flg_turn_left": false,
        "flg_turn_right": true,
        "turn_severity_min": 4,
        "turn_severity_max": 4
      }
    },
    {
      "type": "Feature",
      "geometry": {
        "type": "Point",
        "coordinates": [
          28.415,
          2328.356
        ]
      },
      "properties": {
        "kind": "pacenote",
        "stage": "La Bollène-Vésubie - Turini",
        "reference_track": "col_de_turini",
        "note_index": 90,
        "distance_m": 4835.0,
        "distance_lookup_m": 4665.746,
        "link_to_next": true,
        "notes": [
          "And",
          "Left5",
          "Brake"
        ],
        "notes_text": "And, Left5, Brake",
        "atoms": [
          {
            "kind": "connector",
            "source": "And",
            "name": "and"
          },
          {
            "kind": "turn",
            "source": "Left5",
            "side": "left",
            "severity": 5
          },
          {
            "kind": "hazard",
            "source": "Brake",
            "name": "brake"
          }
        ],
        "flags": {
          "groups": {
            "keep": null,
            "cut": null,
            "opening": null,
            "go": null
          },
          "bools": {
            "caution": false,
            "brake": true,
            "finish": false,
            "narrows": false,
            "tightens": false,
            "tightens_late": false,
            "late": false,
            "sudden": false
          },
          "linked_to_next": true,
          "turn": {
            "sides": [
              "left"
            ],
            "severity_max": 5,
            "severity_min": 5
          }
        },
        "ref_segment_index": 765,
        "ref_segment_t": 0.526799,
        "grp_keep": "",
        "grp_cut": "",
        "grp_opening": "",
        "grp_go": "",
        "flg_caution": false,
        "flg_brake": true,
        "flg_finish": false,
        "flg_narrows": false,
        "flg_tightens": false,
        "flg_tightens_late": false,
        "flg_late": false,
        "flg_sudden": false,
        "flg_linked_to_next": true,
        "turn_sides": "left",
        "flg_turn_left": true,
        "flg_turn_right": false,
        "turn_severity_min": 5,
        "turn_severity_max": 5
      }
    },
    {
      "type": "Feature",
      "geometry": {
        "type": "Point",
        "coordinates": [
          52.688,
          2364.683
        ]
      },
      "properties": {
        "kind": "pacenote",
        "stage": "La Bollène-Vésubie - Turini",
        "reference_track": "col_de_turini",
        "note_index": 91,
        "distance_m": 4879.0,
        "distance_lookup_m": 4709.746,
        "link_to_next": false,
        "notes": [
          "Pause0.1s",
          "Into",
          "Right2"
        ],
        "notes_text": "Pause0.1s, Into, Right2",
        "atoms": [
          {
            "kind": "pause",
            "source": "Pause0.1s",
            "seconds": 0.1,
            "reset": false
          },
          {
            "kind": "connector",
            "source": "Into",
            "name": "into"
          },
          {
            "kind": "turn",
            "source": "Right2",
            "side": "right",
            "severity": 2
          }
        ],
        "flags": {
          "groups": {
            "keep": null,
            "cut": null,
            "opening": null,
            "go": null
          },
          "bools": {
            "caution": false,
            "brake": false,
            "finish": false,
            "narrows": false,
            "tightens": false,
            "tightens_late": false,
            "late": false,
            "sudden": false
          },
          "linked_to_next": false,
          "turn": {
            "sides": [
              "right"
            ],
            "severity_max": 2,
            "severity_min": 2
          },
          "pause_seconds": [
            0.1
          ]
        },
        "ref_segment_index": 771,
        "ref_segment_t": 0.332902,
        "grp_keep": "",
        "grp_cut": "",
        "grp_opening": "",
        "grp_go": "",
        "flg_caution": false,
        "flg_brake": false,
        "flg_finish": false,
        "flg_narrows": false,
        "flg_tightens": false,
        "flg_tightens_late": false,
        "flg_late": false,
        "flg_sudden": false,
        "flg_linked_to_next": false,
        "turn_sides": "right",
        "flg_turn_left": false,
        "flg_turn_right": true,
        "turn_severity_min": 2,
        "turn_severity_max": 2,
        "pause_seconds": "0.1"
      }
    },
    {
      "type": "Feature",
      "geometry": {
        "type": "Point",
        "coordinates": [
          99.668,
          2387.831
        ]
      },
      "properties": {
        "kind": "pacenote",
        "stage": "La Bollène-Vésubie - Turini",
        "reference_track": "col_de_turini",
        "note_index": 92,
        "distance_m": 4939.0,
        "distance_lookup_m": 4769.746,
        "link_to_next": true,
        "notes": [
          "And",
          "Left2",
          "Tightens"
        ],
        "notes_text": "And, Left2, Tightens",
        "atoms": [
          {
            "kind": "connector",
            "source": "And",
            "name": "and"
          },
          {
            "kind": "turn",
            "source": "Left2",
            "side": "left",
            "severity": 2
          },
          {
            "kind": "modifier",
            "source": "Tightens",
            "name": "tightens"
          }
        ],
        "flags": {
          "groups": {
            "keep": null,
            "cut": null,
            "opening": null,
            "go": null
          },
          "bools": {
            "caution": false,
            "brake": false,
            "finish": false,
            "narrows": false,
            "tightens": true,
            "tightens_late": false,
            "late": false,
            "sudden": false
          },
          "linked_to_next": true,
          "turn": {
            "sides": [
              "left"
            ],
            "severity_max": 2,
            "severity_min": 2
          }
        },
        "ref_segment_index": 780,
        "ref_segment_t": 0.99068,
        "grp_keep": "",
        "grp_cut": "",
        "grp_opening": "",
        "grp_go": "",
        "flg_caution": false,
        "flg_brake": false,
        "flg_finish": false,
        "flg_narrows": false,
        "flg_tightens": true,
        "flg_tightens_late": false,
        "flg_late": false,
        "flg_sudden": false,
        "flg_linked_to_next": true,
        "turn_sides": "left",
        "flg_turn_left": true,
        "flg_turn_right": false,
        "turn_severity_min": 2,
        "turn_severity_max": 2
      }
    },
    {
      "type": "Feature",
      "geometry": {
        "type": "Point",
        "coordinates": [
          140.876,
          2396.016
        ]
      },
      "properties": {
        "kind": "pacenote",
        "stage": "La Bollène-Vésubie - Turini",
        "reference_track": "col_de_turini",
        "note_index": 93,
        "distance_m": 4983.0,
        "distance_lookup_m": 4813.746,
        "link_to_next": true,
        "notes": [
          "Into",
          "Right2"
        ],
        "notes_text": "Into, Right2",
        "atoms": [
          {
            "kind": "connector",
            "source": "Into",
            "name": "into"
          },
          {
            "kind": "turn",
            "source": "Right2",
            "side": "right",
            "severity": 2
          }
        ],
        "flags": {
          "groups": {
            "keep": null,
            "cut": null,
            "opening": null,
            "go": null
          },
          "bools": {
            "caution": false,
            "brake": false,
            "finish": false,
            "narrows": false,
            "tightens": false,
            "tightens_late": false,
            "late": false,
            "sudden": false
          },
          "linked_to_next": true,
          "turn": {
            "sides": [
              "right"
            ],
            "severity_max": 2,
            "severity_min": 2
          }
        },
        "ref_segment_index": 787,
        "ref_segment_t": 0.95145,
        "grp_keep": "",
        "grp_cut": "",
        "grp_opening": "",
        "grp_go": "",
        "flg_caution": false,
        "flg_brake": false,
        "flg_finish": false,
        "flg_narrows": false,
        "flg_tightens": false,
        "flg_tightens_late": false,
        "flg_late": false,
        "flg_sudden": false,
        "flg_linked_to_next": true,
        "turn_sides": "right",
        "flg_turn_left": false,
        "flg_turn_right": true,
        "turn_severity_min": 2,
        "turn_severity_max": 2
      }
    },
    {
      "type": "Feature",
      "geometry": {
        "type": "Point",
        "coordinates": [
          166.242,
          2401.835
        ]
      },
      "properties": {
        "kind": "pacenote",
        "stage": "La Bollène-Vésubie - Turini",
        "reference_track": "col_de_turini",
        "note_index": 94,
        "distance_m": 5010.0,
        "distance_lookup_m": 4840.746,
        "link_to_next": false,
        "notes": [
          "Dist40"
        ],
        "notes_text": "Dist40",
        "atoms": [
          {
            "kind": "distance",
            "source": "Dist40",
            "meters": 40
          }
        ],
        "flags": {
          "groups": {
            "keep": null,
            "cut": null,
            "opening": null,
            "go": null
          },
          "bools": {
            "caution": false,
            "brake": false,
            "finish": false,
            "narrows": false,
            "tightens": false,
            "tightens_late": false,
            "late": false,
            "sudden": false
          },
          "linked_to_next": false,
          "distance_calls_m": [
            40
          ]
        },
        "ref_segment_index": 792,
        "ref_segment_t": 0.169501,
        "grp_keep": "",
        "grp_cut": "",
        "grp_opening": "",
        "grp_go": "",
        "flg_caution": false,
        "flg_brake": false,
        "flg_finish": false,
        "flg_narrows": false,
        "flg_tightens": false,
        "flg_tightens_late": false,
        "flg_late": false,
        "flg_sudden": false,
        "flg_linked_to_next": false,
        "turn_sides": "",
        "flg_turn_left": false,
        "flg_turn_right": false,
        "distance_calls_m": "40"
      }
    },
    {
      "type": "Feature",
      "geometry": {
        "type": "Point",
        "coordinates": [
          206.157,
          2402.135
        ]
      },
      "properties": {
        "kind": "pacenote",
        "stage": "La Bollène-Vésubie - Turini",
        "reference_track": "col_de_turini",
        "note_index": 95,
        "distance_m": 5050.0,
        "distance_lookup_m": 4880.746,
        "link_to_next": false,
        "notes": [
          "Right5"
        ],
        "notes_text": "Right5",
        "atoms": [
          {
            "kind": "turn",
            "source": "Right5",
            "side": "right",
            "severity": 5
          }
        ],
        "flags": {
          "groups": {
            "keep": null,
            "cut": null,
            "opening": null,
            "go": null
          },
          "bools": {
            "caution": false,
            "brake": false,
            "finish": false,
            "narrows": false,
            "tightens": false,
            "tightens_late": false,
            "late": false,
            "sudden": false
          },
          "linked_to_next": false,
          "turn": {
            "sides": [
              "right"
            ],
            "severity_max": 5,
            "severity_min": 5
          }
        },
        "ref_segment_index": 797,
        "ref_segment_t": 0.313595,
        "grp_keep": "",
        "grp_cut": "",
        "grp_opening": "",
        "grp_go": "",
        "flg_caution": false,
        "flg_brake": false,
        "flg_finish": false,
        "flg_narrows": false,
        "flg_tightens": false,
        "flg_tightens_late": false,
        "flg_late": false,
        "flg_sudden": false,
        "flg_linked_to_next": false,
        "turn_sides": "right",
        "flg_turn_left": false,
        "flg_turn_right": true,
        "turn_severity_min": 5,
        "turn_severity_max": 5
      }
    },
    {
      "type": "Feature",
      "geometry": {
        "type": "Point",
        "coordinates": [
          244.355,
          2395.622
        ]
      },
      "properties": {
        "kind": "pacenote",
        "stage": "La Bollène-Vésubie - Turini",
        "reference_track": "col_de_turini",
        "note_index": 96,
        "distance_m": 5089.0,
        "distance_lookup_m": 4919.746,
        "link_to_next": false,
        "notes": [
          "Into",
          "Right2",
          "Tightens"
        ],
        "notes_text": "Into, Right2, Tightens",
        "atoms": [
          {
            "kind": "connector",
            "source": "Into",
            "name": "into"
          },
          {
            "kind": "turn",
            "source": "Right2",
            "side": "right",
            "severity": 2
          },
          {
            "kind": "modifier",
            "source": "Tightens",
            "name": "tightens"
          }
        ],
        "flags": {
          "groups": {
            "keep": null,
            "cut": null,
            "opening": null,
            "go": null
          },
          "bools": {
            "caution": false,
            "brake": false,
            "finish": false,
            "narrows": false,
            "tightens": true,
            "tightens_late": false,
            "late": false,
            "sudden": false
          },
          "linked_to_next": false,
          "turn": {
            "sides": [
              "right"
            ],
            "severity_max": 2,
            "severity_min": 2
          }
        },
        "ref_segment_index": 802,
        "ref_segment_t": 0.614749,
        "grp_keep": "",
        "grp_cut": "",
        "grp_opening": "",
        "grp_go": "",
        "flg_caution": false,
        "flg_brake": false,
        "flg_finish": false,
        "flg_narrows": false,
        "flg_tightens": true,
        "flg_tightens_late": false,
        "flg_late": false,
        "flg_sudden": false,
        "flg_linked_to_next": false,
        "turn_sides": "right",
        "flg_turn_left": false,
        "flg_turn_right": true,
        "turn_severity_min": 2,
        "turn_severity_max": 2
      }
    },
    {
      "type": "Feature",
      "geometry": {
        "type": "Point",
        "coordinates": [
          244.012,
          2347.795
        ]
      },
      "properties": {
        "kind": "pacenote",
        "stage": "La Bollène-Vésubie - Turini",
        "reference_track": "col_de_turini",
        "note_index": 97,
        "distance_m": 5158.0,
        "distance_lookup_m": 4988.746,
        "link_to_next": false,
        "notes": [
          "Right5"
        ],
        "notes_text": "Right5",
        "atoms": [
          {
            "kind": "turn",
            "source": "Right5",
            "side": "right",
            "severity": 5
          }
        ],
        "flags": {
          "groups": {
            "keep": null,
            "cut": null,
            "opening": null,
            "go": null
          },
          "bools": {
            "caution": false,
            "brake": false,
            "finish": false,
            "narrows": false,
            "tightens": false,
            "tightens_late": false,
            "late": false,
            "sudden": false
          },
          "linked_to_next": false,
          "turn": {
            "sides": [
              "right"
            ],
            "severity_max": 5,
            "severity_min": 5
          }
        },
        "ref_segment_index": 814,
        "ref_segment_t": 0.852823,
        "grp_keep": "",
        "grp_cut": "",
        "grp_opening": "",
        "grp_go": "",
        "flg_caution": false,
        "flg_brake": false,
        "flg_finish": false,
        "flg_narrows": false,
        "flg_tightens": false,
        "flg_tightens_late": false,
        "flg_late": false,
        "flg_sudden": false,
        "flg_linked_to_next": false,
        "turn_sides": "right",
        "flg_turn_left": false,
        "flg_turn_right": true,
        "turn_severity_min": 5,
        "turn_severity_max": 5
      }
    },
    {
      "type": "Feature",
      "geometry": {
        "type": "Point",
        "coordinates": [
          215.104,
          2337.659
        ]
      },
      "properties": {
        "kind": "pacenote",
        "stage": "La Bollène-Vésubie - Turini",
        "reference_track": "col_de_turini",
        "note_index": 98,
        "distance_m": 5189.0,
        "distance_lookup_m": 5019.746,
        "link_to_next": false,
        "notes": [
          "Into",
          "Left3"
        ],
        "notes_text": "Into, Left3",
        "atoms": [
          {
            "kind": "connector",
            "source": "Into",
            "name": "into"
          },
          {
            "kind": "turn",
            "source": "Left3",
            "side": "left",
            "severity": 3
          }
        ],
        "flags": {
          "groups": {
            "keep": null,
            "cut": null,
            "opening": null,
            "go": null
          },
          "bools": {
            "caution": false,
            "brake": false,
            "finish": false,
            "narrows": false,
            "tightens": false,
            "tightens_late": false,
            "late": false,
            "sudden": false
          },
          "linked_to_next": false,
          "turn": {
            "sides": [
              "left"
            ],
            "severity_max": 3,
            "severity_min": 3
          }
        },
        "ref_segment_index": 819,
        "ref_segment_t": 0.161881,
        "grp_keep": "",
        "grp_cut": "",
        "grp_opening": "",
        "grp_go": "",
        "flg_caution": false,
        "flg_brake": false,
        "flg_finish": false,
        "flg_narrows": false,
        "flg_tightens": false,
        "flg_tightens_late": false,
        "flg_late": false,
        "flg_sudden": false,
        "flg_linked_to_next": false,
        "turn_sides": "left",
        "flg_turn_left": true,
        "flg_turn_right": false,
        "turn_severity_min": 3,
        "turn_severity_max": 3
      }
    },
    {
      "type": "Feature",
      "geometry": {
        "type": "Point",
        "coordinates": [
          163.565,
          2291.276
        ]
      },
      "properties": {
        "kind": "pacenote",
        "stage": "La Bollène-Vésubie - Turini",
        "reference_track": "col_de_turini",
        "note_index": 99,
        "distance_m": 5260.0,
        "distance_lookup_m": 5090.746,
        "link_to_next": false,
        "notes": [
          "Left3"
        ],
        "notes_text": "Left3",
        "atoms": [
          {
            "kind": "turn",
            "source": "Left3",
            "side": "left",
            "severity": 3
          }
        ],
        "flags": {
          "groups": {
            "keep": null,
            "cut": null,
            "opening": null,
            "go": null
          },
          "bools": {
            "caution": false,
            "brake": false,
            "finish": false,
            "narrows": false,
            "tightens": false,
            "tightens_late": false,
            "late": false,
            "sudden": false
          },
          "linked_to_next": false,
          "turn": {
            "sides": [
              "left"
            ],
            "severity_max": 3,
            "severity_min": 3
          }
        },
        "ref_segment_index": 829,
        "ref_segment_t": 0.286792,
        "grp_keep": "",
        "grp_cut": "",
        "grp_opening": "",
        "grp_go": "",
        "flg_caution": false,
        "flg_brake": false,
        "flg_finish": false,
        "flg_narrows": false,
        "flg_tightens": false,
        "flg_tightens_late": false,
        "flg_late": false,
        "flg_sudden": false,
        "flg_linked_to_next": false,
        "turn_sides": "left",
        "flg_turn_left": true,
        "flg_turn_right": false,
        "turn_severity_min": 3,
        "turn_severity_max": 3
      }
    },
    {
      "type": "Feature",
      "geometry": {
        "type": "Point",
        "coordinates": [
          156.859,
          2259.839
        ]
      },
      "properties": {
        "kind": "pacenote",
        "stage": "La Bollène-Vésubie - Turini",
        "reference_track": "col_de_turini",
        "note_index": 100,
        "distance_m": 5293.0,
        "distance_lookup_m": 5123.746,
        "link_to_next": false,
        "notes": [
          "And",
          "Right3"
        ],
        "notes_text": "And, Right3",
        "atoms": [
          {
            "kind": "connector",
            "source": "And",
            "name": "and"
          },
          {
            "kind": "turn",
            "source": "Right3",
            "side": "right",
            "severity": 3
          }
        ],
        "flags": {
          "groups": {
            "keep": null,
            "cut": null,
            "opening": null,
            "go": null
          },
          "bools": {
            "caution": false,
            "brake": false,
            "finish": false,
            "narrows": false,
            "tightens": false,
            "tightens_late": false,
            "late": false,
            "sudden": false
          },
          "linked_to_next": false,
          "turn": {
            "sides": [
              "right"
            ],
            "severity_max": 3,
            "severity_min": 3
          }
        },
        "ref_segment_index": 834,
        "ref_segment_t": 0.450674,
        "grp_keep": "",
        "grp_cut": "",
        "grp_opening": "",
        "grp_go": "",
        "flg_caution": false,
        "flg_brake": false,
        "flg_finish": false,
        "flg_narrows": false,
        "flg_tightens": false,
        "flg_tightens_late": false,
        "flg_late": false,
        "flg_sudden": false,
        "flg_linked_to_next": false,
        "turn_sides": "right",
        "flg_turn_left": false,
        "flg_turn_right": true,
        "turn_severity_min": 3,
        "turn_severity_max": 3
      }
    },
    {
      "type": "Feature",
      "geometry": {
        "type": "Point",
        "coordinates": [
          146.0,
          2218.602
        ]
      },
      "properties": {
        "kind": "pacenote",
        "stage": "La Bollène-Vésubie - Turini",
        "reference_track": "col_de_turini",
        "note_index": 101,
        "distance_m": 5337.0,
        "distance_lookup_m": 5167.746,
        "link_to_next": true,
        "notes": [
          "And",
          "Left6"
        ],
        "notes_text": "And, Left6",
        "atoms": [
          {
            "kind": "connector",
            "source": "And",
            "name": "and"
          },
          {
            "kind": "turn",
            "source": "Left6",
            "side": "left",
            "severity": 6
          }
        ],
        "flags": {
          "groups": {
            "keep": null,
            "cut": null,
            "opening": null,
            "go": null
          },
          "bools": {
            "caution": false,
            "brake": false,
            "finish": false,
            "narrows": false,
            "tightens": false,
            "tightens_late": false,
            "late": false,
            "sudden": false
          },
          "linked_to_next": true,
          "turn": {
            "sides": [
              "left"
            ],
            "severity_max": 6,
            "severity_min": 6
          }
        },
        "ref_segment_index": 840,
        "ref_segment_t": 0.28135,
        "grp_keep": "",
        "grp_cut": "",
        "grp_opening": "",
        "grp_go": "",
        "flg_caution": false,
        "flg_brake": false,
        "flg_finish": false,
        "flg_narrows": false,
        "flg_tightens": false,
        "flg_tightens_late": false,
        "flg_late": false,
        "flg_sudden": false,
        "flg_linked_to_next": true,
        "turn_sides": "left",
        "flg_turn_left": true,
        "flg_turn_right": false,
        "turn_severity_min": 6,
        "turn_severity_max": 6
      }
    },
    {
      "type": "Feature",
      "geometry": {
        "type": "Point",
        "coordinates": [
          135.599,
          2182.248
        ]
      },
      "properties": {
        "kind": "pacenote",
        "stage": "La Bollène-Vésubie - Turini",
        "reference_track": "col_de_turini",
        "note_index": 102,
        "distance_m": 5375.0,
        "distance_lookup_m": 5205.746,
        "link_to_next": false,
        "notes": [
          "Dist40"
        ],
        "notes_text": "Dist40",
        "atoms": [
          {
            "kind": "distance",
            "source": "Dist40",
            "meters": 40
          }
        ],
        "flags": {
          "groups": {
            "keep": null,
            "cut": null,
            "opening": null,
            "go": null
          },
          "bools": {
            "caution": false,
            "brake": false,
            "finish": false,
            "narrows": false,
            "tightens": false,
            "tightens_late": false,
            "late": false,
            "sudden": false
          },
          "linked_to_next": false,
          "distance_calls_m": [
            40
          ]
        },
        "ref_segment_index": 844,
        "ref_segment_t": 0.620497,
        "grp_keep": "",
        "grp_cut": "",
        "grp_opening": "",
        "grp_go": "",
        "flg_caution": false,
        "flg_brake": false,
        "flg_finish": false,
        "flg_narrows": false,
        "flg_tightens": false,
        "flg_tightens_late": false,
        "flg_late": false,
        "flg_sudden": false,
        "flg_linked_to_next": false,
        "turn_sides": "",
        "flg_turn_left": false,
        "flg_turn_right": false,
        "distance_calls_m": "40"
      }
    },
    {
      "type": "Feature",
      "geometry": {
        "type": "Point",
        "coordinates": [
          128.486,
          2138.937
        ]
      },
      "properties": {
        "kind": "pacenote",
        "stage": "La Bollène-Vésubie - Turini",
        "reference_track": "col_de_turini",
        "note_index": 103,
        "distance_m": 5419.0,
        "distance_lookup_m": 5249.746,
        "link_to_next": true,
        "notes": [
          "Left5"
        ],
        "notes_text": "Left5",
        "atoms": [
          {
            "kind": "turn",
            "source": "Left5",
            "side": "left",
            "severity": 5
          }
        ],
        "flags": {
          "groups": {
            "keep": null,
            "cut": null,
            "opening": null,
            "go": null
          },
          "bools": {
            "caution": false,
            "brake": false,
            "finish": false,
            "narrows": false,
            "tightens": false,
            "tightens_late": false,
            "late": false,
            "sudden": false
          },
          "linked_to_next": true,
          "turn": {
            "sides": [
              "left"
            ],
            "severity_max": 5,
            "severity_min": 5
          }
        },
        "ref_segment_index": 848,
        "ref_segment_t": 0.987291,
        "grp_keep": "",
        "grp_cut": "",
        "grp_opening": "",
        "grp_go": "",
        "flg_caution": false,
        "flg_brake": false,
        "flg_finish": false,
        "flg_narrows": false,
        "flg_tightens": false,
        "flg_tightens_late": false,
        "flg_late": false,
        "flg_sudden": false,
        "flg_linked_to_next": true,
        "turn_sides": "left",
        "flg_turn_left": true,
        "flg_turn_right": false,
        "turn_severity_min": 5,
        "turn_severity_max": 5
      }
    },
    {
      "type": "Feature",
      "geometry": {
        "type": "Point",
        "coordinates": [
          129.563,
          2102.261
        ]
      },
      "properties": {
        "kind": "pacenote",
        "stage": "La Bollène-Vésubie - Turini",
        "reference_track": "col_de_turini",
        "note_index": 104,
        "distance_m": 5456.0,
        "distance_lookup_m": 5286.746,
        "link_to_next": false,
        "notes": [
          "And",
          "Right5"
        ],
        "notes_text": "And, Right5",
        "atoms": [
          {
            "kind": "connector",
            "source": "And",
            "name": "and"
          },
          {
            "kind": "turn",
            "source": "Right5",
            "side": "right",
            "severity": 5
          }
        ],
        "flags": {
          "groups": {
            "keep": null,
            "cut": null,
            "opening": null,
            "go": null
          },
          "bools": {
            "caution": false,
            "brake": false,
            "finish": false,
            "narrows": false,
            "tightens": false,
            "tightens_late": false,
            "late": false,
            "sudden": false
          },
          "linked_to_next": false,
          "turn": {
            "sides": [
              "right"
            ],
            "severity_max": 5,
            "severity_min": 5
          }
        },
        "ref_segment_index": 852,
        "ref_segment_t": 0.401725,
        "grp_keep": "",
        "grp_cut": "",
        "grp_opening": "",
        "grp_go": "",
        "flg_caution": false,
        "flg_brake": false,
        "flg_finish": false,
        "flg_narrows": false,
        "flg_tightens": false,
        "flg_tightens_late": false,
        "flg_late": false,
        "flg_sudden": false,
        "flg_linked_to_next": false,
        "turn_sides": "right",
        "flg_turn_left": false,
        "flg_turn_right": true,
        "turn_severity_min": 5,
        "turn_severity_max": 5
      }
    },
    {
      "type": "Feature",
      "geometry": {
        "type": "Point",
        "coordinates": [
          130.953,
          2073.716
        ]
      },
      "properties": {
        "kind": "pacenote",
        "stage": "La Bollène-Vésubie - Turini",
        "reference_track": "col_de_turini",
        "note_index": 105,
        "distance_m": 5485.0,
        "distance_lookup_m": 5315.746,
        "link_to_next": true,
        "notes": [
          "Into",
          "Left2",
          "Long",
          "Opens"
        ],
        "notes_text": "Into, Left2, Long, Opens",
        "atoms": [
          {
            "kind": "connector",
            "source": "Into",
            "name": "into"
          },
          {
            "kind": "turn",
            "source": "Left2",
            "side": "left",
            "severity": 2
          },
          {
            "kind": "length",
            "source": "Long",
            "name": "long"
          },
          {
            "kind": "opening",
            "source": "Opens",
            "name": "opens"
          }
        ],
        "flags": {
          "groups": {
            "keep": null,
            "cut": null,
            "opening": "opens",
            "go": null
          },
          "bools": {
            "caution": false,
            "brake": false,
            "finish": false,
            "narrows": false,
            "tightens": false,
            "tightens_late": false,
            "late": false,
            "sudden": false
          },
          "linked_to_next": true,
          "turn": {
            "sides": [
              "left"
            ],
            "severity_max": 2,
            "severity_min": 2
          }
        },
        "ref_segment_index": 855,
        "ref_segment_t": 0.569029,
        "grp_keep": "",
        "grp_cut": "",
        "grp_opening": "opens",
        "grp_go": "",
        "flg_caution": false,
        "flg_brake": false,
        "flg_finish": false,
        "flg_narrows": false,
        "flg_tightens": false,
        "flg_tightens_late": false,
        "flg_late": false,
        "flg_sudden": false,
        "flg_linked_to_next": true,
        "turn_sides": "left",
        "flg_turn_left": true,
        "flg_turn_right": false,
        "turn_severity_min": 2,
        "turn_severity_max": 2
      }
    },
    {
      "type": "Feature",
      "geometry": {
        "type": "Point",
        "coordinates": [
          209.429,
          2021.297
        ]
      },
      "properties": {
        "kind": "pacenote",
        "stage": "La Bollène-Vésubie - Turini",
        "reference_track": "col_de_turini",
        "note_index": 106,
        "distance_m": 5596.0,
        "distance_lookup_m": 5426.746,
        "link_to_next": false,
        "notes": [
          "Dist70"
        ],
        "notes_text": "Dist70",
        "atoms": [
          {
            "kind": "distance",
            "source": "Dist70",
            "meters": 70
          }
        ],
        "flags": {
          "groups": {
            "keep": null,
            "cut": null,
            "opening": null,
            "go": null
          },
          "bools": {
            "caution": false,
            "brake": false,
            "finish": false,
            "narrows": false,
            "tightens": false,
            "tightens_late": false,
            "late": false,
            "sudden": false
          },
          "linked_to_next": false,
          "distance_calls_m": [
            70
          ]
        },
        "ref_segment_index": 871,
        "ref_segment_t": 0.304474,
        "grp_keep": "",
        "grp_cut": "",
        "grp_opening": "",
        "grp_go": "",
        "flg_caution": false,
        "flg_brake": false,
        "flg_finish": false,
        "flg_narrows": false,
        "flg_tightens": false,
        "flg_tightens_late": false,
        "flg_late": false,
        "flg_sudden": false,
        "flg_linked_to_next": false,
        "turn_sides": "",
        "flg_turn_left": false,
        "flg_turn_right": false,
        "distance_calls_m": "70"
      }
    },
    {
      "type": "Feature",
      "geometry": {
        "type": "Point",
        "coordinates": [
          284.41,
          2037.655
        ]
      },
      "properties": {
        "kind": "pacenote",
        "stage": "La Bollène-Vésubie - Turini",
        "reference_track": "col_de_turini",
        "note_index": 107,
        "distance_m": 5673.0,
        "distance_lookup_m": 5503.746,
        "link_to_next": true,
        "notes": [
          "Left4"
        ],
        "notes_text": "Left4",
        "atoms": [
          {
            "kind": "turn",
            "source": "Left4",
            "side": "left",
            "severity": 4
          }
        ],
        "flags": {
          "groups": {
            "keep": null,
            "cut": null,
            "opening": null,
            "go": null
          },
          "bools": {
            "caution": false,
            "brake": false,
            "finish": false,
            "narrows": false,
            "tightens": false,
            "tightens_late": false,
            "late": false,
            "sudden": false
          },
          "linked_to_next": true,
          "turn": {
            "sides": [
              "left"
            ],
            "severity_max": 4,
            "severity_min": 4
          }
        },
        "ref_segment_index": 879,
        "ref_segment_t": 0.206305,
        "grp_keep": "",
        "grp_cut": "",
        "grp_opening": "",
        "grp_go": "",
        "flg_caution": false,
        "flg_brake": false,
        "flg_finish": false,
        "flg_narrows": false,
        "flg_tightens": false,
        "flg_tightens_late": false,
        "flg_late": false,
        "flg_sudden": false,
        "flg_linked_to_next": true,
        "turn_sides": "left",
        "flg_turn_left": true,
        "flg_turn_right": false,
        "turn_severity_min": 4,
        "turn_severity_max": 4
      }
    },
    {
      "type": "Feature",
      "geometry": {
        "type": "Point",
        "coordinates": [
          317.71,
          2050.749
        ]
      },
      "properties": {
        "kind": "pacenote",
        "stage": "La Bollène-Vésubie - Turini",
        "reference_track": "col_de_turini",
        "note_index": 108,
        "distance_m": 5709.0,
        "distance_lookup_m": 5539.746,
        "link_to_next": true,
        "notes": [
          "And",
          "Right4",
          "Short"
        ],
        "notes_text": "And, Right4, Short",
        "atoms": [
          {
            "kind": "connector",
            "source": "And",
            "name": "and"
          },
          {
            "kind": "turn",
            "source": "Right4",
            "side": "right",
            "severity": 4
          },
          {
            "kind": "length",
            "source": "Short",
            "name": "short"
          }
        ],
        "flags": {
          "groups": {
            "keep": null,
            "cut": null,
            "opening": null,
            "go": null
          },
          "bools": {
            "caution": false,
            "brake": false,
            "finish": false,
            "narrows": false,
            "tightens": false,
            "tightens_late": false,
            "late": false,
            "sudden": false
          },
          "linked_to_next": true,
          "turn": {
            "sides": [
              "right"
            ],
            "severity_max": 4,
            "severity_min": 4
          }
        },
        "ref_segment_index": 882,
        "ref_segment_t": 0.565683,
        "grp_keep": "",
        "grp_cut": "",
        "grp_opening": "",
        "grp_go": "",
        "flg_caution": false,
        "flg_brake": false,
        "flg_finish": false,
        "flg_narrows": false,
        "flg_tightens": false,
        "flg_tightens_late": false,
        "flg_late": false,
        "flg_sudden": false,
        "flg_linked_to_next": true,
        "turn_sides": "right",
        "flg_turn_left": false,
        "flg_turn_right": true,
        "turn_severity_min": 4,
        "turn_severity_max": 4
      }
    },
    {
      "type": "Feature",
      "geometry": {
        "type": "Point",
        "coordinates": [
          352.526,
          2060.407
        ]
      },
      "properties": {
        "kind": "pacenote",
        "stage": "La Bollène-Vésubie - Turini",
        "reference_track": "col_de_turini",
        "note_index": 109,
        "distance_m": 5746.0,
        "distance_lookup_m": 5576.746,
        "link_to_next": false,
        "notes": [
          "Dist60"
        ],
        "notes_text": "Dist60",
        "atoms": [
          {
            "kind": "distance",
            "source": "Dist60",
            "meters": 60
          }
        ],
        "flags": {
          "groups": {
            "keep": null,
            "cut": null,
            "opening": null,
            "go": null
          },
          "bools": {
            "caution": false,
            "brake": false,
            "finish": false,
            "narrows": false,
            "tightens": false,
            "tightens_late": false,
            "late": false,
            "sudden": false
          },
          "linked_to_next": false,
          "distance_calls_m": [
            60
          ]
        },
        "ref_segment_index": 886,
        "ref_segment_t": 0.186503,
        "grp_keep": "",
        "grp_cut": "",
        "grp_opening": "",
        "grp_go": "",
        "flg_caution": false,
        "flg_brake": false,
        "flg_finish": false,
        "flg_narrows": false,
        "flg_tightens": false,
        "flg_tightens_late": false,
        "flg_late": false,
        "flg_sudden": false,
        "flg_linked_to_next": false,
        "turn_sides": "",
        "flg_turn_left": false,
        "flg_turn_right": false,
        "distance_calls_m": "60"
      }
    },
    {
      "type": "Feature",
      "geometry": {
        "type": "Point",
        "coordinates": [
          413.284,
          2064.31
        ]
      },
      "properties": {
        "kind": "pacenote",
        "stage": "La Bollène-Vésubie - Turini",
        "reference_track": "col_de_turini",
        "note_index": 110,
        "distance_m": 5807.0,
        "distance_lookup_m": 5637.746,
        "link_to_next": false,
        "notes": [
          "Left5"
        ],
        "notes_text": "Left5",
        "atoms": [
          {
            "kind": "turn",
            "source": "Left5",
            "side": "left",
            "severity": 5
          }
        ],
        "flags": {
          "groups": {
            "keep": null,
            "cut": null,
            "opening": null,
            "go": null
          },
          "bools": {
            "caution": false,
            "brake": false,
            "finish": false,
            "narrows": false,
            "tightens": false,
            "tightens_late": false,
            "late": false,
            "sudden": false
          },
          "linked_to_next": false,
          "turn": {
            "sides": [
              "left"
            ],
            "severity_max": 5,
            "severity_min": 5
          }
        },
        "ref_segment_index": 892,
        "ref_segment_t": 0.028013,
        "grp_keep": "",
        "grp_cut": "",
        "grp_opening": "",
        "grp_go": "",
        "flg_caution": false,
        "flg_brake": false,
        "flg_finish": false,
        "flg_narrows": false,
        "flg_tightens": false,
        "flg_tightens_late": false,
        "flg_late": false,
        "flg_sudden": false,
        "flg_linked_to_next": false,
        "turn_sides": "left",
        "flg_turn_left": true,
        "flg_turn_right": false,
        "turn_severity_min": 5,
        "turn_severity_max": 5
      }
    },
    {
      "type": "Feature",
      "geometry": {
        "type": "Point",
        "coordinates": [
          468.239,
          2081.664
        ]
      },
      "properties": {
        "kind": "pacenote",
        "stage": "La Bollène-Vésubie - Turini",
        "reference_track": "col_de_turini",
        "note_index": 111,
        "distance_m": 5865.0,
        "distance_lookup_m": 5695.746,
        "link_to_next": true,
        "notes": [
          "Caution",
          "Brake",
          "Right3"
        ],
        "notes_text": "Caution, Brake, Right3",
        "atoms": [
          {
            "kind": "hazard",
            "source": "Caution",
            "name": "caution"
          },
          {
            "kind": "hazard",
            "source": "Brake",
            "name": "brake"
          },
          {
            "kind": "turn",
            "source": "Right3",
            "side": "right",
            "severity": 3
          }
        ],
        "flags": {
          "groups": {
            "keep": null,
            "cut": null,
            "opening": null,
            "go": null
          },
          "bools": {
            "caution": true,
            "brake": true,
            "finish": false,
            "narrows": false,
            "tightens": false,
            "tightens_late": false,
            "late": false,
            "sudden": false
          },
          "linked_to_next": true,
          "turn": {
            "sides": [
              "right"
            ],
            "severity_max": 3,
            "severity_min": 3
          }
        },
        "ref_segment_index": 897,
        "ref_segment_t": 0.98222,
        "grp_keep": "",
        "grp_cut": "",
        "grp_opening": "",
        "grp_go": "",
        "flg_caution": true,
        "flg_brake": true,
        "flg_finish": false,
        "flg_narrows": false,
        "flg_tightens": false,
        "flg_tightens_late": false,
        "flg_late": false,
        "flg_sudden": false,
        "flg_linked_to_next": true,
        "turn_sides": "right",
        "flg_turn_left": false,
        "flg_turn_right": true,
        "turn_severity_min": 3,
        "turn_severity_max": 3
      }
    },
    {
      "type": "Feature",
      "geometry": {
        "type": "Point",
        "coordinates": [
          518.771,
          2076.574
        ]
      },
      "properties": {
        "kind": "pacenote",
        "stage": "La Bollène-Vésubie - Turini",
        "reference_track": "col_de_turini",
        "note_index": 112,
        "distance_m": 5918.0,
        "distance_lookup_m": 5748.746,
        "link_to_next": false,
        "notes": [
          "Into",
          "LeftHP",
          "TightensLate"
        ],
        "notes_text": "Into, LeftHP, TightensLate",
        "atoms": [
          {
            "kind": "connector",
            "source": "Into",
            "name": "into"
          },
          {
            "kind": "turn",
            "source": "LeftHP",
            "side": "left",
            "style": "hp"
          },
          {
            "kind": "modifier",
            "source": "TightensLate",
            "name": "tightens_late"
          }
        ],
        "flags": {
          "groups": {
            "keep": null,
            "cut": null,
            "opening": null,
            "go": null
          },
          "bools": {
            "caution": false,
            "brake": false,
            "finish": false,
            "narrows": false,
            "tightens": false,
            "tightens_late": true,
            "late": false,
            "sudden": false
          },
          "linked_to_next": false,
          "turn": {
            "sides": [
              "left"
            ]
          }
        },
        "ref_segment_index": 904,
        "ref_segment_t": 0.64974,
        "grp_keep": "",
        "grp_cut": "",
        "grp_opening": "",
        "grp_go": "",
        "flg_caution": false,
        "flg_brake": false,
        "flg_finish": false,
        "flg_narrows": false,
        "flg_tightens": false,
        "flg_tightens_late": true,
        "flg_late": false,
        "flg_sudden": false,
        "flg_linked_to_next": false,
        "turn_sides": "left",
        "flg_turn_left": true,
        "flg_turn_right": false
      }
    },
    {
      "type": "Feature",
      "geometry": {
        "type": "Point",
        "coordinates": [
          521.85,
          2090.072
        ]
      },
      "properties": {
        "kind": "pacenote",
        "stage": "La Bollène-Vésubie - Turini",
        "reference_track": "col_de_turini",
        "note_index": 113,
        "distance_m": 5971.0,
        "distance_lookup_m": 5801.746,
        "link_to_next": false,
        "notes": [
          "Pause1.5s",
          "Right5"
        ],
        "notes_text": "Pause1.5s, Right5",
        "atoms": [
          {
            "kind": "pause",
            "source": "Pause1.5s",
            "seconds": 1.5,
            "reset": false
          },
          {
            "kind": "turn",
            "source": "Right5",
            "side": "right",
            "severity": 5
          }
        ],
        "flags": {
          "groups": {
            "keep": null,
            "cut": null,
            "opening": null,
            "go": null
          },
          "bools": {
            "caution": false,
            "brake": false,
            "finish": false,
            "narrows": false,
            "tightens": false,
            "tightens_late": false,
            "late": false,
            "sudden": false
          },
          "linked_to_next": false,
          "turn": {
            "sides": [
              "right"
            ],
            "severity_max": 5,
            "severity_min": 5
          },
          "pause_seconds": [
            1.5
          ]
        },
        "ref_segment_index": 918,
        "ref_segment_t": 0.787472,
        "grp_keep": "",
        "grp_cut": "",
        "grp_opening": "",
        "grp_go": "",
        "flg_caution": false,
        "flg_brake": false,
        "flg_finish": false,
        "flg_narrows": false,
        "flg_tightens": false,
        "flg_tightens_late": false,
        "flg_late": false,
        "flg_sudden": false,
        "flg_linked_to_next": false,
        "turn_sides": "right",
        "flg_turn_left": false,
        "flg_turn_right": true,
        "turn_severity_min": 5,
        "turn_severity_max": 5,
        "pause_seconds": "1.5"
      }
    },
    {
      "type": "Feature",
      "geometry": {
        "type": "Point",
        "coordinates": [
          493.167,
          2101.472
        ]
      },
      "properties": {
        "kind": "pacenote",
        "stage": "La Bollène-Vésubie - Turini",
        "reference_track": "col_de_turini",
        "note_index": 114,
        "distance_m": 6002.0,
        "distance_lookup_m": 5832.746,
        "link_to_next": false,
        "notes": [
          "Into",
          "Left4"
        ],
        "notes_text": "Into, Left4",
        "atoms": [
          {
            "kind": "connector",
            "source": "Into",
            "name": "into"
          },
          {
            "kind": "turn",
            "source": "Left4",
            "side": "left",
            "severity": 4
          }
        ],
        "flags": {
          "groups": {
            "keep": null,
            "cut": null,
            "opening": null,
            "go": null
          },
          "bools": {
            "caution": false,
            "brake": false,
            "finish": false,
            "narrows": false,
            "tightens": false,
            "tightens_late": false,
            "late": false,
            "sudden": false
          },
          "linked_to_next": false,
          "turn": {
            "sides": [
              "left"
            ],
            "severity_max": 4,
            "severity_min": 4
          }
        },
        "ref_segment_index": 926,
        "ref_segment_t": 0.876981,
        "grp_keep": "",
        "grp_cut": "",
        "grp_opening": "",
        "grp_go": "",
        "flg_caution": false,
        "flg_brake": false,
        "flg_finish": false,
        "flg_narrows": false,
        "flg_tightens": false,
        "flg_tightens_late": false,
        "flg_late": false,
        "flg_sudden": false,
        "flg_linked_to_next": false,
        "turn_sides": "left",
        "flg_turn_left": true,
        "flg_turn_right": false,
        "turn_severity_min": 4,
        "turn_severity_max": 4
      }
    },
    {
      "type": "Feature",
      "geometry": {
        "type": "Point",
        "coordinates": [
          450.661,
          2106.875
        ]
      },
      "properties": {
        "kind": "pacenote",
        "stage": "La Bollène-Vésubie - Turini",
        "reference_track": "col_de_turini",
        "note_index": 115,
        "distance_m": 6046.0,
        "distance_lookup_m": 5876.746,
        "link_to_next": true,
        "notes": [
          "And",
          "Right5"
        ],
        "notes_text": "And, Right5",
        "atoms": [
          {
            "kind": "connector",
            "source": "And",
            "name": "and"
          },
          {
            "kind": "turn",
            "source": "Right5",
            "side": "right",
            "severity": 5
          }
        ],
        "flags": {
          "groups": {
            "keep": null,
            "cut": null,
            "opening": null,
            "go": null
          },
          "bools": {
            "caution": false,
            "brake": false,
            "finish": false,
            "narrows": false,
            "tightens": false,
            "tightens_late": false,
            "late": false,
            "sudden": false
          },
          "linked_to_next": true,
          "turn": {
            "sides": [
              "right"
            ],
            "severity_max": 5,
            "severity_min": 5
          }
        },
        "ref_segment_index": 933,
        "ref_segment_t": 0.114006,
        "grp_keep": "",
        "grp_cut": "",
        "grp_opening": "",
        "grp_go": "",
        "flg_caution": false,
        "flg_brake": false,
        "flg_finish": false,
        "flg_narrows": false,
        "flg_tightens": false,
        "flg_tightens_late": false,
        "flg_late": false,
        "flg_sudden": false,
        "flg_linked_to_next": true,
        "turn_sides": "right",
        "flg_turn_left": false,
        "flg_turn_right": true,
        "turn_severity_min": 5,
        "turn_severity_max": 5
      }
    },
    {
      "type": "Feature",
      "geometry": {
        "type": "Point",
        "coordinates": [
          387.944,
          2112.006
        ]
      },
      "properties": {
        "kind": "pacenote",
        "stage": "La Bollène-Vésubie - Turini",
        "reference_track": "col_de_turini",
        "note_index": 116,
        "distance_m": 6110.0,
        "distance_lookup_m": 5940.746,
        "link_to_next": false,
        "notes": [
          "Dist100"
        ],
        "notes_text": "Dist100",
        "atoms": [
          {
            "kind": "distance",
            "source": "Dist100",
            "meters": 100
          }
        ],
        "flags": {
          "groups": {
            "keep": null,
            "cut": null,
            "opening": null,
            "go": null
          },
          "bools": {
            "caution": false,
            "brake": false,
            "finish": false,
            "narrows": false,
            "tightens": false,
            "tightens_late": false,
            "late": false,
            "sudden": false
          },
          "linked_to_next": false,
          "distance_calls_m": [
            100
          ]
        },
        "ref_segment_index": 940,
        "ref_segment_t": 0.899978,
        "grp_keep": "",
        "grp_cut": "",
        "grp_opening": "",
        "grp_go": "",
        "flg_caution": false,
        "flg_brake": false,
        "flg_finish": false,
        "flg_narrows": false,
        "flg_tightens": false,
        "flg_tightens_late": false,
        "flg_late": false,
        "flg_sudden": false,
        "flg_linked_to_next": false,
        "turn_sides": "",
        "flg_turn_left": false,
        "flg_turn_right": false,
        "distance_calls_m": "100"
      }
    },
    {
      "type": "Feature",
      "geometry": {
        "type": "Point",
        "coordinates": [
          281.327,
          2145.402
        ]
      },
      "properties": {
        "kind": "pacenote",
        "stage": "La Bollène-Vésubie - Turini",
        "reference_track": "col_de_turini",
        "note_index": 117,
        "distance_m": 6222.0,
        "distance_lookup_m": 6052.746,
        "link_to_next": true,
        "notes": [
          "Caution",
          "Left6",
          "Brake"
        ],
        "notes_text": "Caution, Left6, Brake",
        "atoms": [
          {
            "kind": "hazard",
            "source": "Caution",
            "name": "caution"
          },
          {
            "kind": "turn",
            "source": "Left6",
            "side": "left",
            "severity": 6
          },
          {
            "kind": "hazard",
            "source": "Brake",
            "name": "brake"
          }
        ],
        "flags": {
          "groups": {
            "keep": null,
            "cut": null,
            "opening": null,
            "go": null
          },
          "bools": {
            "caution": true,
            "brake": true,
            "finish": false,
            "narrows": false,
            "tightens": false,
            "tightens_late": false,
            "late": false,
            "sudden": false
          },
          "linked_to_next": true,
          "turn": {
            "sides": [
              "left"
            ],
            "severity_max": 6,
            "severity_min": 6
          }
        },
        "ref_segment_index": 951,
        "ref_segment_t": 0.429851,
        "grp_keep": "",
        "grp_cut": "",
        "grp_opening": "",
        "grp_go": "",
        "flg_caution": true,
        "flg_brake": true,
        "flg_finish": false,
        "flg_narrows": false,
        "flg_tightens": false,
        "flg_tightens_late": false,
        "flg_late": false,
        "flg_sudden": false,
        "flg_linked_to_next": true,
        "turn_sides": "left",
        "flg_turn_left": true,
        "flg_turn_right": false,
        "turn_severity_min": 6,
        "turn_severity_max": 6
      }
    },
    {
      "type": "Feature",
      "geometry": {
        "type": "Point",
        "coordinates": [
          240.475,
          2153.659
        ]
      },
      "properties": {
        "kind": "pacenote",
        "stage": "La Bollène-Vésubie - Turini",
        "reference_track": "col_de_turini",
        "note_index": 118,
        "distance_m": 6264.0,
        "distance_lookup_m": 6094.746,
        "link_to_next": false,
        "notes": [
          "Pause0.25s_Reset",
          "Into",
          "RightHP",
          "TightensLate"
        ],
        "notes_text": "Pause0.25s_Reset, Into, RightHP, TightensLate",
        "atoms": [
          {
            "kind": "pause",
            "source": "Pause0.25s_Reset",
            "seconds": 0.25,
            "reset": true
          },
          {
            "kind": "connector",
            "source": "Into",
            "name": "into"
          },
          {
            "kind": "turn",
            "source": "RightHP",
            "side": "right",
            "style": "hp"
          },
          {
            "kind": "modifier",
            "source": "TightensLate",
            "name": "tightens_late"
          }
        ],
        "flags": {
          "groups": {
            "keep": null,
            "cut": null,
            "opening": null,
            "go": null
          },
          "bools": {
            "caution": false,
            "brake": false,
            "finish": false,
            "narrows": false,
            "tightens": false,
            "tightens_late": true,
            "late": false,
            "sudden": false
          },
          "linked_to_next": false,
          "turn": {
            "sides": [
              "right"
            ]
          },
          "pause_seconds": [
            0.25
          ]
        },
        "ref_segment_index": 955,
        "ref_segment_t": 0.298626,
        "grp_keep": "",
        "grp_cut": "",
        "grp_opening": "",
        "grp_go": "",
        "flg_caution": false,
        "flg_brake": false,
        "flg_finish": false,
        "flg_narrows": false,
        "flg_tightens": false,
        "flg_tightens_late": true,
        "flg_late": false,
        "flg_sudden": false,
        "flg_linked_to_next": false,
        "turn_sides": "right",
        "flg_turn_left": false,
        "flg_turn_right": true,
        "pause_seconds": "0.25"
      }
    },
    {
      "type": "Feature",
      "geometry": {
        "type": "Point",
        "coordinates": [
          242.8,
          2173.824
        ]
      },
      "properties": {
        "kind": "pacenote",
        "stage": "La Bollène-Vésubie - Turini",
        "reference_track": "col_de_turini",
        "note_index": 119,
        "distance_m": 6329.0,
        "distance_lookup_m": 6159.746,
        "link_to_next": true,
        "notes": [
          "Pause1s",
          "Left5"
        ],
        "notes_text": "Pause1s, Left5",
        "atoms": [
          {
            "kind": "pause",
            "source": "Pause1s",
            "seconds": 1.0,
            "reset": false
          },
          {
            "kind": "turn",
            "source": "Left5",
            "side": "left",
            "severity": 5
          }
        ],
        "flags": {
          "groups": {
            "keep": null,
            "cut": null,
            "opening": null,
            "go": null
          },
          "bools": {
            "caution": false,
            "brake": false,
            "finish": false,
            "narrows": false,
            "tightens": false,
            "tightens_late": false,
            "late": false,
            "sudden": false
          },
          "linked_to_next": true,
          "turn": {
            "sides": [
              "left"
            ],
            "severity_max": 5,
            "severity_min": 5
          },
          "pause_seconds": [
            1.0
          ]
        },
        "ref_segment_index": 970,
        "ref_segment_t": 0.460329,
        "grp_keep": "",
        "grp_cut": "",
        "grp_opening": "",
        "grp_go": "",
        "flg_caution": false,
        "flg_brake": false,
        "flg_finish": false,
        "flg_narrows": false,
        "flg_tightens": false,
        "flg_tightens_late": false,
        "flg_late": false,
        "flg_sudden": false,
        "flg_linked_to_next": true,
        "turn_sides": "left",
        "flg_turn_left": true,
        "flg_turn_right": false,
        "turn_severity_min": 5,
        "turn_severity_max": 5,
        "pause_seconds": "1.0"
      }
    },
    {
      "type": "Feature",
      "geometry": {
        "type": "Point",
        "coordinates": [
          293.973,
          2164.083
        ]
      },
      "properties": {
        "kind": "pacenote",
        "stage": "La Bollène-Vésubie - Turini",
        "reference_track": "col_de_turini",
        "note_index": 120,
        "distance_m": 6382.0,
        "distance_lookup_m": 6212.746,
        "link_to_next": false,
        "notes": [
          "Dist90"
        ],
        "notes_text": "Dist90",
        "atoms": [
          {
            "kind": "distance",
            "source": "Dist90",
            "meters": 90
          }
        ],
        "flags": {
          "groups": {
            "keep": null,
            "cut": null,
            "opening": null,
            "go": null
          },
          "bools": {
            "caution": false,
            "brake": false,
            "finish": false,
            "narrows": false,
            "tightens": false,
            "tightens_late": false,
            "late": false,
            "sudden": false
          },
          "linked_to_next": false,
          "distance_calls_m": [
            90
          ]
        },
        "ref_segment_index": 978,
        "ref_segment_t": 0.036947,
        "grp_keep": "",
        "grp_cut": "",
        "grp_opening": "",
        "grp_go": "",
        "flg_caution": false,
        "flg_brake": false,
        "flg_finish": false,
        "flg_narrows": false,
        "flg_tightens": false,
        "flg_tightens_late": false,
        "flg_late": false,
        "flg_sudden": false,
        "flg_linked_to_next": false,
        "turn_sides": "",
        "flg_turn_left": false,
        "flg_turn_right": false,
        "distance_calls_m": "90"
      }
    },
    {
      "type": "Feature",
      "geometry": {
        "type": "Point",
        "coordinates": [
          384.662,
          2165.473
        ]
      },
      "properties": {
        "kind": "pacenote",
        "stage": "La Bollène-Vésubie - Turini",
        "reference_track": "col_de_turini",
        "note_index": 121,
        "distance_m": 6473.0,
        "distance_lookup_m": 6303.746,
        "link_to_next": true,
        "notes": [
          "Left5"
        ],
        "notes_text": "Left5",
        "atoms": [
          {
            "kind": "turn",
            "source": "Left5",
            "side": "left",
            "severity": 5
          }
        ],
        "flags": {
          "groups": {
            "keep": null,
            "cut": null,
            "opening": null,
            "go": null
          },
          "bools": {
            "caution": false,
            "brake": false,
            "finish": false,
            "narrows": false,
            "tightens": false,
            "tightens_late": false,
            "late": false,
            "sudden": false
          },
          "linked_to_next": true,
          "turn": {
            "sides": [
              "left"
            ],
            "severity_max": 5,
            "severity_min": 5
          }
        },
        "ref_segment_index": 987,
        "ref_segment_t": 0.652839,
        "grp_keep": "",
        "grp_cut": "",
        "grp_opening": "",
        "grp_go": "",
        "flg_caution": false,
        "flg_brake": false,
        "flg_finish": false,
        "flg_narrows": false,
        "flg_tightens": false,
        "flg_tightens_late": false,
        "flg_late": false,
        "flg_sudden": false,
        "flg_linked_to_next": true,
        "turn_sides": "left",
        "flg_turn_left": true,
        "flg_turn_right": false,
        "turn_severity_min": 5,
        "turn_severity_max": 5
      }
    },
    {
      "type": "Feature",
      "geometry": {
        "type": "Point",
        "coordinates": [
          425.722,
          2172.385
        ]
      },
      "properties": {
        "kind": "pacenote",
        "stage": "La Bollène-Vésubie - Turini",
        "reference_track": "col_de_turini",
        "note_index": 122,
        "distance_m": 6515.0,
        "distance_lookup_m": 6345.746,
        "link_to_next": false,
        "notes": [
          "Into",
          "Right4"
        ],
        "notes_text": "Into, Right4",
        "atoms": [
          {
            "kind": "connector",
            "source": "Into",
            "name": "into"
          },
          {
            "kind": "turn",
            "source": "Right4",
            "side": "right",
            "severity": 4
          }
        ],
        "flags": {
          "groups": {
            "keep": null,
            "cut": null,
            "opening": null,
            "go": null
          },
          "bools": {
            "caution": false,
            "brake": false,
            "finish": false,
            "narrows": false,
            "tightens": false,
            "tightens_late": false,
            "late": false,
            "sudden": false
          },
          "linked_to_next": false,
          "turn": {
            "sides": [
              "right"
            ],
            "severity_max": 4,
            "severity_min": 4
          }
        },
        "ref_segment_index": 991,
        "ref_segment_t": 0.483027,
        "grp_keep": "",
        "grp_cut": "",
        "grp_opening": "",
        "grp_go": "",
        "flg_caution": false,
        "flg_brake": false,
        "flg_finish": false,
        "flg_narrows": false,
        "flg_tightens": false,
        "flg_tightens_late": false,
        "flg_late": false,
        "flg_sudden": false,
        "flg_linked_to_next": false,
        "turn_sides": "right",
        "flg_turn_left": false,
        "flg_turn_right": true,
        "turn_severity_min": 4,
        "turn_severity_max": 4
      }
    },
    {
      "type": "Feature",
      "geometry": {
        "type": "Point",
        "coordinates": [
          515.744,
          2166.8
        ]
      },
      "properties": {
        "kind": "pacenote",
        "stage": "La Bollène-Vésubie - Turini",
        "reference_track": "col_de_turini",
        "note_index": 123,
        "distance_m": 6607.0,
        "distance_lookup_m": 6437.746,
        "link_to_next": false,
        "notes": [
          "Into",
          "Left3",
          "Tightens"
        ],
        "notes_text": "Into, Left3, Tightens",
        "atoms": [
          {
            "kind": "connector",
            "source": "Into",
            "name": "into"
          },
          {
            "kind": "turn",
            "source": "Left3",
            "side": "left",
            "severity": 3
          },
          {
            "kind": "modifier",
            "source": "Tightens",
            "name": "tightens"
          }
        ],
        "flags": {
          "groups": {
            "keep": null,
            "cut": null,
            "opening": null,
            "go": null
          },
          "bools": {
            "caution": false,
            "brake": false,
            "finish": false,
            "narrows": false,
            "tightens": true,
            "tightens_late": false,
            "late": false,
            "sudden": false
          },
          "linked_to_next": false,
          "turn": {
            "sides": [
              "left"
            ],
            "severity_max": 3,
            "severity_min": 3
          }
        },
        "ref_segment_index": 1000,
        "ref_segment_t": 0.527897,
        "grp_keep": "",
        "grp_cut": "",
        "grp_opening": "",
        "grp_go": "",
        "flg_caution": false,
        "flg_brake": false,
        "flg_finish": false,
        "flg_narrows": false,
        "flg_tightens": true,
        "flg_tightens_late": false,
        "flg_late": false,
        "flg_sudden": false,
        "flg_linked_to_next": false,
        "turn_sides": "left",
        "flg_turn_left": true,
        "flg_turn_right": false,
        "turn_severity_min": 3,
        "turn_severity_max": 3
      }
    },
    {
      "type": "Feature",
      "geometry": {
        "type": "Point",
        "coordinates": [
          588.459,
          2182.695
        ]
      },
      "properties": {
        "kind": "pacenote",
        "stage": "La Bollène-Vésubie - Turini",
        "reference_track": "col_de_turini",
        "note_index": 124,
        "distance_m": 6684.0,
        "distance_lookup_m": 6514.746,
        "link_to_next": false,
        "notes": [
          "And",
          "Right4"
        ],
        "notes_text": "And, Right4",
        "atoms": [
          {
            "kind": "connector",
            "source": "And",
            "name": "and"
          },
          {
            "kind": "turn",
            "source": "Right4",
            "side": "right",
            "severity": 4
          }
        ],
        "flags": {
          "groups": {
            "keep": null,
            "cut": null,
            "opening": null,
            "go": null
          },
          "bools": {
            "caution": false,
            "brake": false,
            "finish": false,
            "narrows": false,
            "tightens": false,
            "tightens_late": false,
            "late": false,
            "sudden": false
          },
          "linked_to_next": false,
          "turn": {
            "sides": [
              "right"
            ],
            "severity_max": 4,
            "severity_min": 4
          }
        },
        "ref_segment_index": 1010,
        "ref_segment_t": 0.695328,
        "grp_keep": "",
        "grp_cut": "",
        "grp_opening": "",
        "grp_go": "",
        "flg_caution": false,
        "flg_brake": false,
        "flg_finish": false,
        "flg_narrows": false,
        "flg_tightens": false,
        "flg_tightens_late": false,
        "flg_late": false,
        "flg_sudden": false,
        "flg_linked_to_next": false,
        "turn_sides": "right",
        "flg_turn_left": false,
        "flg_turn_right": true,
        "turn_severity_min": 4,
        "turn_severity_max": 4
      }
    },
    {
      "type": "Feature",
      "geometry": {
        "type": "Point",
        "coordinates": [
          626.02,
          2189.166
        ]
      },
      "properties": {
        "kind": "pacenote",
        "stage": "La Bollène-Vésubie - Turini",
        "reference_track": "col_de_turini",
        "note_index": 125,
        "distance_m": 6723.0,
        "distance_lookup_m": 6553.746,
        "link_to_next": false,
        "notes": [
          "Dist80"
        ],
        "notes_text": "Dist80",
        "atoms": [
          {
            "kind": "distance",
            "source": "Dist80",
            "meters": 80
          }
        ],
        "flags": {
          "groups": {
            "keep": null,
            "cut": null,
            "opening": null,
            "go": null
          },
          "bools": {
            "caution": false,
            "brake": false,
            "finish": false,
            "narrows": false,
            "tightens": false,
            "tightens_late": false,
            "late": false,
            "sudden": false
          },
          "linked_to_next": false,
          "distance_calls_m": [
            80
          ]
        },
        "ref_segment_index": 1014,
        "ref_segment_t": 0.960322,
        "grp_keep": "",
        "grp_cut": "",
        "grp_opening": "",
        "grp_go": "",
        "flg_caution": false,
        "flg_brake": false,
        "flg_finish": false,
        "flg_narrows": false,
        "flg_tightens": false,
        "flg_tightens_late": false,
        "flg_late": false,
        "flg_sudden": false,
        "flg_linked_to_next": false,
        "turn_sides": "",
        "flg_turn_left": false,
        "flg_turn_right": false,
        "distance_calls_m": "80"
      }
    },
    {
      "type": "Feature",
      "geometry": {
        "type": "Point",
        "coordinates": [
          710.343,
          2183.633
        ]
      },
      "properties": {
        "kind": "pacenote",
        "stage": "La Bollène-Vésubie - Turini",
        "reference_track": "col_de_turini",
        "note_index": 126,
        "distance_m": 6808.0,
        "distance_lookup_m": 6638.746,
        "link_to_next": false,
        "notes": [
          "Brake",
          "Right2",
          "Long"
        ],
        "notes_text": "Brake, Right2, Long",
        "atoms": [
          {
            "kind": "hazard",
            "source": "Brake",
            "name": "brake"
          },
          {
            "kind": "turn",
            "source": "Right2",
            "side": "right",
            "severity": 2
          },
          {
            "kind": "length",
            "source": "Long",
            "name": "long"
          }
        ],
        "flags": {
          "groups": {
            "keep": null,
            "cut": null,
            "opening": null,
            "go": null
          },
          "bools": {
            "caution": false,
            "brake": true,
            "finish": false,
            "narrows": false,
            "tightens": false,
            "tightens_late": false,
            "late": false,
            "sudden": false
          },
          "linked_to_next": false,
          "turn": {
            "sides": [
              "right"
            ],
            "severity_max": 2,
            "severity_min": 2
          }
        },
        "ref_segment_index": 1023,
        "ref_segment_t": 0.403478,
        "grp_keep": "",
        "grp_cut": "",
        "grp_opening": "",
        "grp_go": "",
        "flg_caution": false,
        "flg_brake": true,
        "flg_finish": false,
        "flg_narrows": false,
        "flg_tightens": false,
        "flg_tightens_late": false,
        "flg_late": false,
        "flg_sudden": false,
        "flg_linked_to_next": false,
        "turn_sides": "right",
        "flg_turn_left": false,
        "flg_turn_right": true,
        "turn_severity_min": 2,
        "turn_severity_max": 2
      }
    },
    {
      "type": "Feature",
      "geometry": {
        "type": "Point",
        "coordinates": [
          707.39,
          2122.398
        ]
      },
      "properties": {
        "kind": "pacenote",
        "stage": "La Bollène-Vésubie - Turini",
        "reference_track": "col_de_turini",
        "note_index": 127,
        "distance_m": 6899.0,
        "distance_lookup_m": 6729.746,
        "link_to_next": true,
        "notes": [
          "Left6"
        ],
        "notes_text": "Left6",
        "atoms": [
          {
            "kind": "turn",
            "source": "Left6",
            "side": "left",
            "severity": 6
          }
        ],
        "flags": {
          "groups": {
            "keep": null,
            "cut": null,
            "opening": null,
            "go": null
          },
          "bools": {
            "caution": false,
            "brake": false,
            "finish": false,
            "narrows": false,
            "tightens": false,
            "tightens_late": false,
            "late": false,
            "sudden": false
          },
          "linked_to_next": true,
          "turn": {
            "sides": [
              "left"
            ],
            "severity_max": 6,
            "severity_min": 6
          }
        },
        "ref_segment_index": 1038,
        "ref_segment_t": 0.167214,
        "grp_keep": "",
        "grp_cut": "",
        "grp_opening": "",
        "grp_go": "",
        "flg_caution": false,
        "flg_brake": false,
        "flg_finish": false,
        "flg_narrows": false,
        "flg_tightens": false,
        "flg_tightens_late": false,
        "flg_late": false,
        "flg_sudden": false,
        "flg_linked_to_next": true,
        "turn_sides": "left",
        "flg_turn_left": true,
        "flg_turn_right": false,
        "turn_severity_min": 6,
        "turn_severity_max": 6
      }
    },
    {
      "type": "Feature",
      "geometry": {
        "type": "Point",
        "coordinates": [
          681.357,
          2095.345
        ]
      },
      "properties": {
        "kind": "pacenote",
        "stage": "La Bollène-Vésubie - Turini",
        "reference_track": "col_de_turini",
        "note_index": 128,
        "distance_m": 6937.0,
        "distance_lookup_m": 6767.746,
        "link_to_next": false,
        "notes": [
          "Dist40"
        ],
        "notes_text": "Dist40",
        "atoms": [
          {
            "kind": "distance",
            "source": "Dist40",
            "meters": 40
          }
        ],
        "flags": {
          "groups": {
            "keep": null,
            "cut": null,
            "opening": null,
            "go": null
          },
          "bools": {
            "caution": false,
            "brake": false,
            "finish": false,
            "narrows": false,
            "tightens": false,
            "tightens_late": false,
            "late": false,
            "sudden": false
          },
          "linked_to_next": false,
          "distance_calls_m": [
            40
          ]
        },
        "ref_segment_index": 1042,
        "ref_segment_t": 0.878304,
        "grp_keep": "",
        "grp_cut": "",
        "grp_opening": "",
        "grp_go": "",
        "flg_caution": false,
        "flg_brake": false,
        "flg_finish": false,
        "flg_narrows": false,
        "flg_tightens": false,
        "flg_tightens_late": false,
        "flg_late": false,
        "flg_sudden": false,
        "flg_linked_to_next": false,
        "turn_sides": "",
        "flg_turn_left": false,
        "flg_turn_right": false,
        "distance_calls_m": "40"
      }
    },
    {
      "type": "Feature",
      "geometry": {
        "type": "Point",
        "coordinates": [
          655.58,
          2059.879
        ]
      },
      "properties": {
        "kind": "pacenote",
        "stage": "La Bollène-Vésubie - Turini",
        "reference_track": "col_de_turini",
        "note_index": 129,
        "distance_m": 6981.0,
        "distance_lookup_m": 6811.746,
        "link_to_next": false,
        "notes": [
          "Left4"
        ],
        "notes_text": "Left4",
        "atoms": [
          {
            "kind": "turn",
            "source": "Left4",
            "side": "left",
            "severity": 4
          }
        ],
        "flags": {
          "groups": {
            "keep": null,
            "cut": null,
            "opening": null,
            "go": null
          },
          "bools": {
            "caution": false,
            "brake": false,
            "finish": false,
            "narrows": false,
            "tightens": false,
            "tightens_late": false,
            "late": false,
            "sudden": false
          },
          "linked_to_next": false,
          "turn": {
            "sides": [
              "left"
            ],
            "severity_max": 4,
            "severity_min": 4
          }
        },
        "ref_segment_index": 1047,
        "ref_segment_t": 0.617141,
        "grp_keep": "",
        "grp_cut": "",
        "grp_opening": "",
        "grp_go": "",
        "flg_caution": false,
        "flg_brake": false,
        "flg_finish": false,
        "flg_narrows": false,
        "flg_tightens": false,
        "flg_tightens_late": false,
        "flg_late": false,
        "flg_sudden": false,
        "flg_linked_to_next": false,
        "turn_sides": "left",
        "flg_turn_left": true,
        "flg_turn_right": false,
        "turn_severity_min": 4,
        "turn_severity_max": 4
      }
    },
    {
      "type": "Feature",
      "geometry": {
        "type": "Point",
        "coordinates": [
          638.13,
          2013.318
        ]
      },
      "properties": {
        "kind": "pacenote",
        "stage": "La Bollène-Vésubie - Turini",
        "reference_track": "col_de_turini",
        "note_index": 130,
        "distance_m": 7032.0,
        "distance_lookup_m": 6862.746,
        "link_to_next": true,
        "notes": [
          "Into",
          "Right2"
        ],
        "notes_text": "Into, Right2",
        "atoms": [
          {
            "kind": "connector",
            "source": "Into",
            "name": "into"
          },
          {
            "kind": "turn",
            "source": "Right2",
            "side": "right",
            "severity": 2
          }
        ],
        "flags": {
          "groups": {
            "keep": null,
            "cut": null,
            "opening": null,
            "go": null
          },
          "bools": {
            "caution": false,
            "brake": false,
            "finish": false,
            "narrows": false,
            "tightens": false,
            "tightens_late": false,
            "late": false,
            "sudden": false
          },
          "linked_to_next": true,
          "turn": {
            "sides": [
              "right"
            ],
            "severity_max": 2,
            "severity_min": 2
          }
        },
        "ref_segment_index": 1053,
        "ref_segment_t": 0.763658,
        "grp_keep": "",
        "grp_cut": "",
        "grp_opening": "",
        "grp_go": "",
        "flg_caution": false,
        "flg_brake": false,
        "flg_finish": false,
        "flg_narrows": false,
        "flg_tightens": false,
        "flg_tightens_late": false,
        "flg_late": false,
        "flg_sudden": false,
        "flg_linked_to_next": true,
        "turn_sides": "right",
        "flg_turn_left": false,
        "flg_turn_right": true,
        "turn_severity_min": 2,
        "turn_severity_max": 2
      }
    },
    {
      "type": "Feature",
      "geometry": {
        "type": "Point",
        "coordinates": [
          619.493,
          1986.463
        ]
      },
      "properties": {
        "kind": "pacenote",
        "stage": "La Bollène-Vésubie - Turini",
        "reference_track": "col_de_turini",
        "note_index": 131,
        "distance_m": 7067.0,
        "distance_lookup_m": 6897.746,
        "link_to_next": false,
        "notes": [
          "And",
          "Left3"
        ],
        "notes_text": "And, Left3",
        "atoms": [
          {
            "kind": "connector",
            "source": "And",
            "name": "and"
          },
          {
            "kind": "turn",
            "source": "Left3",
            "side": "left",
            "severity": 3
          }
        ],
        "flags": {
          "groups": {
            "keep": null,
            "cut": null,
            "opening": null,
            "go": null
          },
          "bools": {
            "caution": false,
            "brake": false,
            "finish": false,
            "narrows": false,
            "tightens": false,
            "tightens_late": false,
            "late": false,
            "sudden": false
          },
          "linked_to_next": false,
          "turn": {
            "sides": [
              "left"
            ],
            "severity_max": 3,
            "severity_min": 3
          }
        },
        "ref_segment_index": 1059,
        "ref_segment_t": 0.788245,
        "grp_keep": "",
        "grp_cut": "",
        "grp_opening": "",
        "grp_go": "",
        "flg_caution": false,
        "flg_brake": false,
        "flg_finish": false,
        "flg_narrows": false,
        "flg_tightens": false,
        "flg_tightens_late": false,
        "flg_late": false,
        "flg_sudden": false,
        "flg_linked_to_next": false,
        "turn_sides": "left",
        "flg_turn_left": true,
        "flg_turn_right": false,
        "turn_severity_min": 3,
        "turn_severity_max": 3
      }
    },
    {
      "type": "Feature",
      "geometry": {
        "type": "Point",
        "coordinates": [
          602.553,
          1959.771
        ]
      },
      "properties": {
        "kind": "pacenote",
        "stage": "La Bollène-Vésubie - Turini",
        "reference_track": "col_de_turini",
        "note_index": 132,
        "distance_m": 7100.0,
        "distance_lookup_m": 6930.746,
        "link_to_next": true,
        "notes": [
          "And",
          "Right5"
        ],
        "notes_text": "And, Right5",
        "atoms": [
          {
            "kind": "connector",
            "source": "And",
            "name": "and"
          },
          {
            "kind": "turn",
            "source": "Right5",
            "side": "right",
            "severity": 5
          }
        ],
        "flags": {
          "groups": {
            "keep": null,
            "cut": null,
            "opening": null,
            "go": null
          },
          "bools": {
            "caution": false,
            "brake": false,
            "finish": false,
            "narrows": false,
            "tightens": false,
            "tightens_late": false,
            "late": false,
            "sudden": false
          },
          "linked_to_next": true,
          "turn": {
            "sides": [
              "right"
            ],
            "severity_max": 5,
            "severity_min": 5
          }
        },
        "ref_segment_index": 1065,
        "ref_segment_t": 0.817556,
        "grp_keep": "",
        "grp_cut": "",
        "grp_opening": "",
        "grp_go": "",
        "flg_caution": false,
        "flg_brake": false,
        "flg_finish": false,
        "flg_narrows": false,
        "flg_tightens": false,
        "flg_tightens_late": false,
        "flg_late": false,
        "flg_sudden": false,
        "flg_linked_to_next": true,
        "turn_sides": "right",
        "flg_turn_left": false,
        "flg_turn_right": true,
        "turn_severity_min": 5,
        "turn_severity_max": 5
      }
    },
    {
      "type": "Feature",
      "geometry": {
        "type": "Point",
        "coordinates": [
          592.051,
          1931.067
        ]
      },
      "properties": {
        "kind": "pacenote",
        "stage": "La Bollène-Vésubie - Turini",
        "reference_track": "col_de_turini",
        "note_index": 133,
        "distance_m": 7131.0,
        "distance_lookup_m": 6961.746,
        "link_to_next": false,
        "notes": [
          "Into",
          "Left4"
        ],
        "notes_text": "Into, Left4",
        "atoms": [
          {
            "kind": "connector",
            "source": "Into",
            "name": "into"
          },
          {
            "kind": "turn",
            "source": "Left4",
            "side": "left",
            "severity": 4
          }
        ],
        "flags": {
          "groups": {
            "keep": null,
            "cut": null,
            "opening": null,
            "go": null
          },
          "bools": {
            "caution": false,
            "brake": false,
            "finish": false,
            "narrows": false,
            "tightens": false,
            "tightens_late": false,
            "late": false,
            "sudden": false
          },
          "linked_to_next": false,
          "turn": {
            "sides": [
              "left"
            ],
            "severity_max": 4,
            "severity_min": 4
          }
        },
        "ref_segment_index": 1070,
        "ref_segment_t": 0.399508,
        "grp_keep": "",
        "grp_cut": "",
        "grp_opening": "",
        "grp_go": "",
        "flg_caution": false,
        "flg_brake": false,
        "flg_finish": false,
        "flg_narrows": false,
        "flg_tightens": false,
        "flg_tightens_late": false,
        "flg_late": false,
        "flg_sudden": false,
        "flg_linked_to_next": false,
        "turn_sides": "left",
        "flg_turn_left": true,
        "flg_turn_right": false,
        "turn_severity_min": 4,
        "turn_severity_max": 4
      }
    },
    {
      "type": "Feature",
      "geometry": {
        "type": "Point",
        "coordinates": [
          584.967,
          1897.584
        ]
      },
      "properties": {
        "kind": "pacenote",
        "stage": "La Bollène-Vésubie - Turini",
        "reference_track": "col_de_turini",
        "note_index": 134,
        "distance_m": 7166.0,
        "distance_lookup_m": 6996.746,
        "link_to_next": false,
        "notes": [
          "Into",
          "Right3"
        ],
        "notes_text": "Into, Right3",
        "atoms": [
          {
            "kind": "connector",
            "source": "Into",
            "name": "into"
          },
          {
            "kind": "turn",
            "source": "Right3",
            "side": "right",
            "severity": 3
          }
        ],
        "flags": {
          "groups": {
            "keep": null,
            "cut": null,
            "opening": null,
            "go": null
          },
          "bools": {
            "caution": false,
            "brake": false,
            "finish": false,
            "narrows": false,
            "tightens": false,
            "tightens_late": false,
            "late": false,
            "sudden": false
          },
          "linked_to_next": false,
          "turn": {
            "sides": [
              "right"
            ],
            "severity_max": 3,
            "severity_min": 3
          }
        },
        "ref_segment_index": 1075,
        "ref_segment_t": 0.403433,
        "grp_keep": "",
        "grp_cut": "",
        "grp_opening": "",
        "grp_go": "",
        "flg_caution": false,
        "flg_brake": false,
        "flg_finish": false,
        "flg_narrows": false,
        "flg_tightens": false,
        "flg_tightens_late": false,
        "flg_late": false,
        "flg_sudden": false,
        "flg_linked_to_next": false,
        "turn_sides": "right",
        "flg_turn_left": false,
        "flg_turn_right": true,
        "turn_severity_min": 3,
        "turn_severity_max": 3
      }
    },
    {
      "type": "Feature",
      "geometry": {
        "type": "Point",
        "coordinates": [
          554.256,
          1843.701
        ]
      },
      "properties": {
        "kind": "pacenote",
        "stage": "La Bollène-Vésubie - Turini",
        "reference_track": "col_de_turini",
        "note_index": 135,
        "distance_m": 7231.0,
        "distance_lookup_m": 7061.746,
        "link_to_next": false,
        "notes": [
          "And",
          "Left3",
          "Tighten2",
          "Late"
        ],
        "notes_text": "And, Left3, Tighten2, Late",
        "atoms": [
          {
            "kind": "connector",
            "source": "And",
            "name": "and"
          },
          {
            "kind": "turn",
            "source": "Left3",
            "side": "left",
            "severity": 3
          },
          {
            "kind": "modifier",
            "source": "Tighten2",
            "name": "tighten",
            "level": 2
          },
          {
            "kind": "modifier",
            "source": "Late",
            "name": "late"
          }
        ],
        "flags": {
          "groups": {
            "keep": null,
            "cut": null,
            "opening": null,
            "go": null
          },
          "bools": {
            "caution": false,
            "brake": false,
            "finish": false,
            "narrows": false,
            "tightens": false,
            "tightens_late": false,
            "late": true,
            "sudden": false
          },
          "linked_to_next": false,
          "turn": {
            "sides": [
              "left"
            ],
            "severity_max": 3,
            "severity_min": 3
          }
        },
        "ref_segment_index": 1083,
        "ref_segment_t": 0.838355,
        "grp_keep": "",
        "grp_cut": "",
        "grp_opening": "",
        "grp_go": "",
        "flg_caution": false,
        "flg_brake": false,
        "flg_finish": false,
        "flg_narrows": false,
        "flg_tightens": false,
        "flg_tightens_late": false,
        "flg_late": true,
        "flg_sudden": false,
        "flg_linked_to_next": false,
        "turn_sides": "left",
        "flg_turn_left": true,
        "flg_turn_right": false,
        "turn_severity_min": 3,
        "turn_severity_max": 3
      }
    },
    {
      "type": "Feature",
      "geometry": {
        "type": "Point",
        "coordinates": [
          557.163,
          1797.674
        ]
      },
      "properties": {
        "kind": "pacenote",
        "stage": "La Bollène-Vésubie - Turini",
        "reference_track": "col_de_turini",
        "note_index": 136,
        "distance_m": 7291.0,
        "distance_lookup_m": 7121.746,
        "link_to_next": true,
        "notes": [
          "Right4",
          "Short"
        ],
        "notes_text": "Right4, Short",
        "atoms": [
          {
            "kind": "turn",
            "source": "Right4",
            "side": "right",
            "severity": 4
          },
          {
            "kind": "length",
            "source": "Short",
            "name": "short"
          }
        ],
        "flags": {
          "groups": {
            "keep": null,
            "cut": null,
            "opening": null,
            "go": null
          },
          "bools": {
            "caution": false,
            "brake": false,
            "finish": false,
            "narrows": false,
            "tightens": false,
            "tightens_late": false,
            "late": false,
            "sudden": false
          },
          "linked_to_next": true,
          "turn": {
            "sides": [
              "right"
            ],
            "severity_max": 4,
            "severity_min": 4
          }
        },
        "ref_segment_index": 1095,
        "ref_segment_t": 0.077092,
        "grp_keep": "",
        "grp_cut": "",
        "grp_opening": "",
        "grp_go": "",
        "flg_caution": false,
        "flg_brake": false,
        "flg_finish": false,
        "flg_narrows": false,
        "flg_tightens": false,
        "flg_tightens_late": false,
        "flg_late": false,
        "flg_sudden": false,
        "flg_linked_to_next": true,
        "turn_sides": "right",
        "flg_turn_left": false,
        "flg_turn_right": true,
        "turn_severity_min": 4,
        "turn_severity_max": 4
      }
    },
    {
      "type": "Feature",
      "geometry": {
        "type": "Point",
        "coordinates": [
          579.69,
          1783.795
        ]
      },
      "properties": {
        "kind": "pacenote",
        "stage": "La Bollène-Vésubie - Turini",
        "reference_track": "col_de_turini",
        "note_index": 137,
        "distance_m": 7318.0,
        "distance_lookup_m": 7148.746,
        "link_to_next": false,
        "notes": [
          "Dist150"
        ],
        "notes_text": "Dist150",
        "atoms": [
          {
            "kind": "distance",
            "source": "Dist150",
            "meters": 150
          }
        ],
        "flags": {
          "groups": {
            "keep": null,
            "cut": null,
            "opening": null,
            "go": null
          },
          "bools": {
            "caution": false,
            "brake": false,
            "finish": false,
            "narrows": false,
            "tightens": false,
            "tightens_late": false,
            "late": false,
            "sudden": false
          },
          "linked_to_next": false,
          "distance_calls_m": [
            150
          ]
        },
        "ref_segment_index": 1099,
        "ref_segment_t": 0.458197,
        "grp_keep": "",
        "grp_cut": "",
        "grp_opening": "",
        "grp_go": "",
        "flg_caution": false,
        "flg_brake": false,
        "flg_finish": false,
        "flg_narrows": false,
        "flg_tightens": false,
        "flg_tightens_late": false,
        "flg_late": false,
        "flg_sudden": false,
        "flg_linked_to_next": false,
        "turn_sides": "",
        "flg_turn_left": false,
        "flg_turn_right": false,
        "distance_calls_m": "150"
      }
    },
    {
      "type": "Feature",
      "geometry": {
        "type": "Point",
        "coordinates": [
          687.423,
          1665.926
        ]
      },
      "properties": {
        "kind": "pacenote",
        "stage": "La Bollène-Vésubie - Turini",
        "reference_track": "col_de_turini",
        "note_index": 138,
        "distance_m": 7478.0,
        "distance_lookup_m": 7308.746,
        "link_to_next": false,
        "notes": [
          "LeftHP"
        ],
        "notes_text": "LeftHP",
        "atoms": [
          {
            "kind": "turn",
            "source": "LeftHP",
            "side": "left",
            "style": "hp"
          }
        ],
        "flags": {
          "groups": {
            "keep": null,
            "cut": null,
            "opening": null,
            "go": null
          },
          "bools": {
            "caution": false,
            "brake": false,
            "finish": false,
            "narrows": false,
            "tightens": false,
            "tightens_late": false,
            "late": false,
            "sudden": false
          },
          "linked_to_next": false,
          "turn": {
            "sides": [
              "left"
            ]
          }
        },
        "ref_segment_index": 1117,
        "ref_segment_t": 0.628563,
        "grp_keep": "",
        "grp_cut": "",
        "grp_opening": "",
        "grp_go": "",
        "flg_caution": false,
        "flg_brake": false,
        "flg_finish": false,
        "flg_narrows": false,
        "flg_tightens": false,
        "flg_tightens_late": false,
        "flg_late": false,
        "flg_sudden": false,
        "flg_linked_to_next": false,
        "turn_sides": "left",
        "flg_turn_left": true,
        "flg_turn_right": false
      }
    },
    {
      "type": "Feature",
      "geometry": {
        "type": "Point",
        "coordinates": [
          699.118,
          1676.102
        ]
      },
      "properties": {
        "kind": "pacenote",
        "stage": "La Bollène-Vésubie - Turini",
        "reference_track": "col_de_turini",
        "note_index": 139,
        "distance_m": 7539.0,
        "distance_lookup_m": 7369.746,
        "link_to_next": true,
        "notes": [
          "Pause1.5s",
          "Right4"
        ],
        "notes_text": "Pause1.5s, Right4",
        "atoms": [
          {
            "kind": "pause",
            "source": "Pause1.5s",
            "seconds": 1.5,
            "reset": false
          },
          {
            "kind": "turn",
            "source": "Right4",
            "side": "right",
            "severity": 4
          }
        ],
        "flags": {
          "groups": {
            "keep": null,
            "cut": null,
            "opening": null,
            "go": null
          },
          "bools": {
            "caution": false,
            "brake": false,
            "finish": false,
            "narrows": false,
            "tightens": false,
            "tightens_late": false,
            "late": false,
            "sudden": false
          },
          "linked_to_next": true,
          "turn": {
            "sides": [
              "right"
            ],
            "severity_max": 4,
            "severity_min": 4
          },
          "pause_seconds": [
            1.5
          ]
        },
        "ref_segment_index": 1132,
        "ref_segment_t": 0.73224,
        "grp_keep": "",
        "grp_cut": "",
        "grp_opening": "",
        "grp_go": "",
        "flg_caution": false,
        "flg_brake": false,
        "flg_finish": false,
        "flg_narrows": false,
        "flg_tightens": false,
        "flg_tightens_late": false,
        "flg_late": false,
        "flg_sudden": false,
        "flg_linked_to_next": true,
        "turn_sides": "right",
        "flg_turn_left": false,
        "flg_turn_right": true,
        "turn_severity_min": 4,
        "turn_severity_max": 4,
        "pause_seconds": "1.5"
      }
    },
    {
      "type": "Feature",
      "geometry": {
        "type": "Point",
        "coordinates": [
          676.545,
          1694.54
        ]
      },
      "properties": {
        "kind": "pacenote",
        "stage": "La Bollène-Vésubie - Turini",
        "reference_track": "col_de_turini",
        "note_index": 140,
        "distance_m": 7569.0,
        "distance_lookup_m": 7399.746,
        "link_to_next": false,
        "notes": [
          "Dist70"
        ],
        "notes_text": "Dist70",
        "atoms": [
          {
            "kind": "distance",
            "source": "Dist70",
            "meters": 70
          }
        ],
        "flags": {
          "groups": {
            "keep": null,
            "cut": null,
            "opening": null,
            "go": null
          },
          "bools": {
            "caution": false,
            "brake": false,
            "finish": false,
            "narrows": false,
            "tightens": false,
            "tightens_late": false,
            "late": false,
            "sudden": false
          },
          "linked_to_next": false,
          "distance_calls_m": [
            70
          ]
        },
        "ref_segment_index": 1137,
        "ref_segment_t": 0.94821,
        "grp_keep": "",
        "grp_cut": "",
        "grp_opening": "",
        "grp_go": "",
        "flg_caution": false,
        "flg_brake": false,
        "flg_finish": false,
        "flg_narrows": false,
        "flg_tightens": false,
        "flg_tightens_late": false,
        "flg_late": false,
        "flg_sudden": false,
        "flg_linked_to_next": false,
        "turn_sides": "",
        "flg_turn_left": false,
        "flg_turn_right": false,
        "distance_calls_m": "70"
      }
    },
    {
      "type": "Feature",
      "geometry": {
        "type": "Point",
        "coordinates": [
          636.771,
          1757.893
        ]
      },
      "properties": {
        "kind": "pacenote",
        "stage": "La Bollène-Vésubie - Turini",
        "reference_track": "col_de_turini",
        "note_index": 141,
        "distance_m": 7644.0,
        "distance_lookup_m": 7474.746,
        "link_to_next": false,
        "notes": [
          "Right6"
        ],
        "notes_text": "Right6",
        "atoms": [
          {
            "kind": "turn",
            "source": "Right6",
            "side": "right",
            "severity": 6
          }
        ],
        "flags": {
          "groups": {
            "keep": null,
            "cut": null,
            "opening": null,
            "go": null
          },
          "bools": {
            "caution": false,
            "brake": false,
            "finish": false,
            "narrows": false,
            "tightens": false,
            "tightens_late": false,
            "late": false,
            "sudden": false
          },
          "linked_to_next": false,
          "turn": {
            "sides": [
              "right"
            ],
            "severity_max": 6,
            "severity_min": 6
          }
        },
        "ref_segment_index": 1147,
        "ref_segment_t": 0.063866,
        "grp_keep": "",
        "grp_cut": "",
        "grp_opening": "",
        "grp_go": "",
        "flg_caution": false,
        "flg_brake": false,
        "flg_finish": false,
        "flg_narrows": false,
        "flg_tightens": false,
        "flg_tightens_late": false,
        "flg_late": false,
        "flg_sudden": false,
        "flg_linked_to_next": false,
        "turn_sides": "right",
        "flg_turn_left": false,
        "flg_turn_right": true,
        "turn_severity_min": 6,
        "turn_severity_max": 6
      }
    },
    {
      "type": "Feature",
      "geometry": {
        "type": "Point",
        "coordinates": [
          621.825,
          1789.283
        ]
      },
      "properties": {
        "kind": "pacenote",
        "stage": "La Bollène-Vésubie - Turini",
        "reference_track": "col_de_turini",
        "note_index": 142,
        "distance_m": 7679.0,
        "distance_lookup_m": 7509.746,
        "link_to_next": true,
        "notes": [
          "Brake",
          "Left4"
        ],
        "notes_text": "Brake, Left4",
        "atoms": [
          {
            "kind": "hazard",
            "source": "Brake",
            "name": "brake"
          },
          {
            "kind": "turn",
            "source": "Left4",
            "side": "left",
            "severity": 4
          }
        ],
        "flags": {
          "groups": {
            "keep": null,
            "cut": null,
            "opening": null,
            "go": null
          },
          "bools": {
            "caution": false,
            "brake": true,
            "finish": false,
            "narrows": false,
            "tightens": false,
            "tightens_late": false,
            "late": false,
            "sudden": false
          },
          "linked_to_next": true,
          "turn": {
            "sides": [
              "left"
            ],
            "severity_max": 4,
            "severity_min": 4
          }
        },
        "ref_segment_index": 1150,
        "ref_segment_t": 0.805994,
        "grp_keep": "",
        "grp_cut": "",
        "grp_opening": "",
        "grp_go": "",
        "flg_caution": false,
        "flg_brake": true,
        "flg_finish": false,
        "flg_narrows": false,
        "flg_tightens": false,
        "flg_tightens_late": false,
        "flg_late": false,
        "flg_sudden": false,
        "flg_linked_to_next": true,
        "turn_sides": "left",
        "flg_turn_left": true,
        "flg_turn_right": false,
        "turn_severity_min": 4,
        "turn_severity_max": 4
      }
    },
    {
      "type": "Feature",
      "geometry": {
        "type": "Point",
        "coordinates": [
          604.248,
          1816.477
        ]
      },
      "properties": {
        "kind": "pacenote",
        "stage": "La Bollène-Vésubie - Turini",
        "reference_track": "col_de_turini",
        "note_index": 143,
        "distance_m": 7712.0,
        "distance_lookup_m": 7542.746,
        "link_to_next": false,
        "notes": [
          "Into",
          "RightHP"
        ],
        "notes_text": "Into, RightHP",
        "atoms": [
          {
            "kind": "connector",
            "source": "Into",
            "name": "into"
          },
          {
            "kind": "turn",
            "source": "RightHP",
            "side": "right",
            "style": "hp"
          }
        ],
        "flags": {
          "groups": {
            "keep": null,
            "cut": null,
            "opening": null,
            "go": null
          },
          "bools": {
            "caution": false,
            "brake": false,
            "finish": false,
            "narrows": false,
            "tightens": false,
            "tightens_late": false,
            "late": false,
            "sudden": false
          },
          "linked_to_next": false,
          "turn": {
            "sides": [
              "right"
            ]
          }
        },
        "ref_segment_index": 1156,
        "ref_segment_t": 0.063124,
        "grp_keep": "",
        "grp_cut": "",
        "grp_opening": "",
        "grp_go": "",
        "flg_caution": false,
        "flg_brake": false,
        "flg_finish": false,
        "flg_narrows": false,
        "flg_tightens": false,
        "flg_tightens_late": false,
        "flg_late": false,
        "flg_sudden": false,
        "flg_linked_to_next": false,
        "turn_sides": "right",
        "flg_turn_left": false,
        "flg_turn_right": true
      }
    },
    {
      "type": "Feature",
      "geometry": {
        "type": "Point",
        "coordinates": [
          627.728,
          1795.426
        ]
      },
      "properties": {
        "kind": "pacenote",
        "stage": "La Bollène-Vésubie - Turini",
        "reference_track": "col_de_turini",
        "note_index": 144,
        "distance_m": 7786.0,
        "distance_lookup_m": 7616.746,
        "link_to_next": true,
        "notes": [
          "Left4"
        ],
        "notes_text": "Left4",
        "atoms": [
          {
            "kind": "turn",
            "source": "Left4",
            "side": "left",
            "severity": 4
          }
        ],
        "flags": {
          "groups": {
            "keep": null,
            "cut": null,
            "opening": null,
            "go": null
          },
          "bools": {
            "caution": false,
            "brake": false,
            "finish": false,
            "narrows": false,
            "tightens": false,
            "tightens_late": false,
            "late": false,
            "sudden": false
          },
          "linked_to_next": true,
          "turn": {
            "sides": [
              "left"
            ],
            "severity_max": 4,
            "severity_min": 4
          }
        },
        "ref_segment_index": 1175,
        "ref_segment_t": 0.255332,
        "grp_keep": "",
        "grp_cut": "",
        "grp_opening": "",
        "grp_go": "",
        "flg_caution": false,
        "flg_brake": false,
        "flg_finish": false,
        "flg_narrows": false,
        "flg_tightens": false,
        "flg_tightens_late": false,
        "flg_late": false,
        "flg_sudden": false,
        "flg_linked_to_next": true,
        "turn_sides": "left",
        "flg_turn_left": true,
        "flg_turn_right": false,
        "turn_severity_min": 4,
        "turn_severity_max": 4
      }
    },
    {
      "type": "Feature",
      "geometry": {
        "type": "Point",
        "coordinates": [
          649.738,
          1767.693
        ]
      },
      "properties": {
        "kind": "pacenote",
        "stage": "La Bollène-Vésubie - Turini",
        "reference_track": "col_de_turini",
        "note_index": 145,
        "distance_m": 7822.0,
        "distance_lookup_m": 7652.746,
        "link_to_next": false,
        "notes": [
          "Dist60"
        ],
        "notes_text": "Dist60",
        "atoms": [
          {
            "kind": "distance",
            "source": "Dist60",
            "meters": 60
          }
        ],
        "flags": {
          "groups": {
            "keep": null,
            "cut": null,
            "opening": null,
            "go": null
          },
          "bools": {
            "caution": false,
            "brake": false,
            "finish": false,
            "narrows": false,
            "tightens": false,
            "tightens_late": false,
            "late": false,
            "sudden": false
          },
          "linked_to_next": false,
          "distance_calls_m": [
            60
          ]
        },
        "ref_segment_index": 1180,
        "ref_segment_t": 0.189996,
        "grp_keep": "",
        "grp_cut": "",
        "grp_opening": "",
        "grp_go": "",
        "flg_caution": false,
        "flg_brake": false,
        "flg_finish": false,
        "flg_narrows": false,
        "flg_tightens": false,
        "flg_tightens_late": false,
        "flg_late": false,
        "flg_sudden": false,
        "flg_linked_to_next": false,
        "turn_sides": "",
        "flg_turn_left": false,
        "flg_turn_right": false,
        "distance_calls_m": "60"
      }
    },
    {
      "type": "Feature",
      "geometry": {
        "type": "Point",
        "coordinates": [
          694.771,
          1722.515
        ]
      },
      "properties": {
        "kind": "pacenote",
        "stage": "La Bollène-Vésubie - Turini",
        "reference_track": "col_de_turini",
        "note_index": 146,
        "distance_m": 7886.0,
        "distance_lookup_m": 7716.746,
        "link_to_next": true,
        "notes": [
          "Left3",
          "Opens"
        ],
        "notes_text": "Left3, Opens",
        "atoms": [
          {
            "kind": "turn",
            "source": "Left3",
            "side": "left",
            "severity": 3
          },
          {
            "kind": "opening",
            "source": "Opens",
            "name": "opens"
          }
        ],
        "flags": {
          "groups": {
            "keep": null,
            "cut": null,
            "opening": "opens",
            "go": null
          },
          "bools": {
            "caution": false,
            "brake": false,
            "finish": false,
            "narrows": false,
            "tightens": false,
            "tightens_late": false,
            "late": false,
            "sudden": false
          },
          "linked_to_next": true,
          "turn": {
            "sides": [
              "left"
            ],
            "severity_max": 3,
            "severity_min": 3
          }
        },
        "ref_segment_index": 1187,
        "ref_segment_t": 0.624957,
        "grp_keep": "",
        "grp_cut": "",
        "grp_opening": "opens",
        "grp_go": "",
        "flg_caution": false,
        "flg_brake": false,
        "flg_finish": false,
        "flg_narrows": false,
        "flg_tightens": false,
        "flg_tightens_late": false,
        "flg_late": false,
        "flg_sudden": false,
        "flg_linked_to_next": true,
        "turn_sides": "left",
        "flg_turn_left": true,
        "flg_turn_right": false,
        "turn_severity_min": 3,
        "turn_severity_max": 3
      }
    },
    {
      "type": "Feature",
      "geometry": {
        "type": "Point",
        "coordinates": [
          730.951,
          1708.426
        ]
      },
      "properties": {
        "kind": "pacenote",
        "stage": "La Bollène-Vésubie - Turini",
        "reference_track": "col_de_turini",
        "note_index": 147,
        "distance_m": 7926.0,
        "distance_lookup_m": 7756.746,
        "link_to_next": false,
        "notes": [
          "Dist60"
        ],
        "notes_text": "Dist60",
        "atoms": [
          {
            "kind": "distance",
            "source": "Dist60",
            "meters": 60
          }
        ],
        "flags": {
          "groups": {
            "keep": null,
            "cut": null,
            "opening": null,
            "go": null
          },
          "bools": {
            "caution": false,
            "brake": false,
            "finish": false,
            "narrows": false,
            "tightens": false,
            "tightens_late": false,
            "late": false,
            "sudden": false
          },
          "linked_to_next": false,
          "distance_calls_m": [
            60
          ]
        },
        "ref_segment_index": 1192,
        "ref_segment_t": 0.540848,
        "grp_keep": "",
        "grp_cut": "",
        "grp_opening": "",
        "grp_go": "",
        "flg_caution": false,
        "flg_brake": false,
        "flg_finish": false,
        "flg_narrows": false,
        "flg_tightens": false,
        "flg_tightens_late": false,
        "flg_late": false,
        "flg_sudden": false,
        "flg_linked_to_next": false,
        "turn_sides": "",
        "flg_turn_left": false,
        "flg_turn_right": false,
        "distance_calls_m": "60"
      }
    },
    {
      "type": "Feature",
      "geometry": {
        "type": "Point",
        "coordinates": [
          792.665,
          1705.041
        ]
      },
      "properties": {
        "kind": "pacenote",
        "stage": "La Bollène-Vésubie - Turini",
        "reference_track": "col_de_turini",
        "note_index": 148,
        "distance_m": 7988.0,
        "distance_lookup_m": 7818.746,
        "link_to_next": false,
        "notes": [
          "Right3",
          "Tighten2",
          "Late"
        ],
        "notes_text": "Right3, Tighten2, Late",
        "atoms": [
          {
            "kind": "turn",
            "source": "Right3",
            "side": "right",
            "severity": 3
          },
          {
            "kind": "modifier",
            "source": "Tighten2",
            "name": "tighten",
            "level": 2
          },
          {
            "kind": "modifier",
            "source": "Late",
            "name": "late"
          }
        ],
        "flags": {
          "groups": {
            "keep": null,
            "cut": null,
            "opening": null,
            "go": null
          },
          "bools": {
            "caution": false,
            "brake": false,
            "finish": false,
            "narrows": false,
            "tightens": false,
            "tightens_late": false,
            "late": true,
            "sudden": false
          },
          "linked_to_next": false,
          "turn": {
            "sides": [
              "right"
            ],
            "severity_max": 3,
            "severity_min": 3
          }
        },
        "ref_segment_index": 1199,
        "ref_segment_t": 0.267797,
        "grp_keep": "",
        "grp_cut": "",
        "grp_opening": "",
        "grp_go": "",
        "flg_caution": false,
        "flg_brake": false,
        "flg_finish": false,
        "flg_narrows": false,
        "flg_tightens": false,
        "flg_tightens_late": false,
        "flg_late": true,
        "flg_sudden": false,
        "flg_linked_to_next": false,
        "turn_sides": "right",
        "flg_turn_left": false,
        "flg_turn_right": true,
        "turn_severity_min": 3,
        "turn_severity_max": 3
      }
    },
    {
      "type": "Feature",
      "geometry": {
        "type": "Point",
        "coordinates": [
          829.873,
          1660.111
        ]
      },
      "properties": {
        "kind": "pacenote",
        "stage": "La Bollène-Vésubie - Turini",
        "reference_track": "col_de_turini",
        "note_index": 149,
        "distance_m": 8057.0,
        "distance_lookup_m": 7887.746,
        "link_to_next": true,
        "notes": [
          "Into",
          "Left2",
          "Tightens"
        ],
        "notes_text": "Into, Left2, Tightens",
        "atoms": [
          {
            "kind": "connector",
            "source": "Into",
            "name": "into"
          },
          {
            "kind": "turn",
            "source": "Left2",
            "side": "left",
            "severity": 2
          },
          {
            "kind": "modifier",
            "source": "Tightens",
            "name": "tightens"
          }
        ],
        "flags": {
          "groups": {
            "keep": null,
            "cut": null,
            "opening": null,
            "go": null
          },
          "bools": {
            "caution": false,
            "brake": false,
            "finish": false,
            "narrows": false,
            "tightens": true,
            "tightens_late": false,
            "late": false,
            "sudden": false
          },
          "linked_to_next": true,
          "turn": {
            "sides": [
              "left"
            ],
            "severity_max": 2,
            "severity_min": 2
          }
        },
        "ref_segment_index": 1209,
        "ref_segment_t": 0.318158,
        "grp_keep": "",
        "grp_cut": "",
        "grp_opening": "",
        "grp_go": "",
        "flg_caution": false,
        "flg_brake": false,
        "flg_finish": false,
        "flg_narrows": false,
        "flg_tightens": true,
        "flg_tightens_late": false,
        "flg_late": false,
        "flg_sudden": false,
        "flg_linked_to_next": true,
        "turn_sides": "left",
        "flg_turn_left": true,
        "flg_turn_right": false,
        "turn_severity_min": 2,
        "turn_severity_max": 2
      }
    },
    {
      "type": "Feature",
      "geometry": {
        "type": "Point",
        "coordinates": [
          844.941,
          1625.478
        ]
      },
      "properties": {
        "kind": "pacenote",
        "stage": "La Bollène-Vésubie - Turini",
        "reference_track": "col_de_turini",
        "note_index": 150,
        "distance_m": 8099.0,
        "distance_lookup_m": 7929.746,
        "link_to_next": false,
        "notes": [
          "Dist50"
        ],
        "notes_text": "Dist50",
        "atoms": [
          {
            "kind": "distance",
            "source": "Dist50",
            "meters": 50
          }
        ],
        "flags": {
          "groups": {
            "keep": null,
            "cut": null,
            "opening": null,
            "go": null
          },
          "bools": {
            "caution": false,
            "brake": false,
            "finish": false,
            "narrows": false,
            "tightens": false,
            "tightens_late": false,
            "late": false,
            "sudden": false
          },
          "linked_to_next": false,
          "distance_calls_m": [
            50
          ]
        },
        "ref_segment_index": 1217,
        "ref_segment_t": 0.8073,
        "grp_keep": "",
        "grp_cut": "",
        "grp_opening": "",
        "grp_go": "",
        "flg_caution": false,
        "flg_brake": false,
        "flg_finish": false,
        "flg_narrows": false,
        "flg_tightens": false,
        "flg_tightens_late": false,
        "flg_late": false,
        "flg_sudden": false,
        "flg_linked_to_next": false,
        "turn_sides": "",
        "flg_turn_left": false,
        "flg_turn_right": false,
        "distance_calls_m": "50"
      }
    },
    {
      "type": "Feature",
      "geometry": {
        "type": "Point",
        "coordinates": [
          892.746,
          1600.756
        ]
      },
      "properties": {
        "kind": "pacenote",
        "stage": "La Bollène-Vésubie - Turini",
        "reference_track": "col_de_turini",
        "note_index": 151,
        "distance_m": 8153.0,
        "distance_lookup_m": 7983.746,
        "link_to_next": true,
        "notes": [
          "Right2",
          "Tightens"
        ],
        "notes_text": "Right2, Tightens",
        "atoms": [
          {
            "kind": "turn",
            "source": "Right2",
            "side": "right",
            "severity": 2
          },
          {
            "kind": "modifier",
            "source": "Tightens",
            "name": "tightens"
          }
        ],
        "flags": {
          "groups": {
            "keep": null,
            "cut": null,
            "opening": null,
            "go": null
          },
          "bools": {
            "caution": false,
            "brake": false,
            "finish": false,
            "narrows": false,
            "tightens": true,
            "tightens_late": false,
            "late": false,
            "sudden": false
          },
          "linked_to_next": true,
          "turn": {
            "sides": [
              "right"
            ],
            "severity_max": 2,
            "severity_min": 2
          }
        },
        "ref_segment_index": 1225,
        "ref_segment_t": 0.785958,
        "grp_keep": "",
        "grp_cut": "",
        "grp_opening": "",
        "grp_go": "",
        "flg_caution": false,
        "flg_brake": false,
        "flg_finish": false,
        "flg_narrows": false,
        "flg_tightens": true,
        "flg_tightens_late": false,
        "flg_late": false,
        "flg_sudden": false,
        "flg_linked_to_next": true,
        "turn_sides": "right",
        "flg_turn_left": false,
        "flg_turn_right": true,
        "turn_severity_min": 2,
        "turn_severity_max": 2
      }
    },
    {
      "type": "Feature",
      "geometry": {
        "type": "Point",
        "coordinates": [
          898.473,
          1563.494
        ]
      },
      "properties": {
        "kind": "pacenote",
        "stage": "La Bollène-Vésubie - Turini",
        "reference_track": "col_de_turini",
        "note_index": 152,
        "distance_m": 8197.0,
        "distance_lookup_m": 8027.746,
        "link_to_next": false,
        "notes": [
          "Dist40"
        ],
        "notes_text": "Dist40",
        "atoms": [
          {
            "kind": "distance",
            "source": "Dist40",
            "meters": 40
          }
        ],
        "flags": {
          "groups": {
            "keep": null,
            "cut": null,
            "opening": null,
            "go": null
          },
          "bools": {
            "caution": false,
            "brake": false,
            "finish": false,
            "narrows": false,
            "tightens": false,
            "tightens_late": false,
            "late": false,
            "sudden": false
          },
          "linked_to_next": false,
          "distance_calls_m": [
            40
          ]
        },
        "ref_segment_index": 1233,
        "ref_segment_t": 0.6895,
        "grp_keep": "",
        "grp_cut": "",
        "grp_opening": "",
        "grp_go": "",
        "flg_caution": false,
        "flg_brake": false,
        "flg_finish": false,
        "flg_narrows": false,
        "flg_tightens": false,
        "flg_tightens_late": false,
        "flg_late": false,
        "flg_sudden": false,
        "flg_linked_to_next": false,
        "turn_sides": "",
        "flg_turn_left": false,
        "flg_turn_right": false,
        "distance_calls_m": "40"
      }
    },
    {
      "type": "Feature",
      "geometry": {
        "type": "Point",
        "coordinates": [
          873.892,
          1529.627
        ]
      },
      "properties": {
        "kind": "pacenote",
        "stage": "La Bollène-Vésubie - Turini",
        "reference_track": "col_de_turini",
        "note_index": 153,
        "distance_m": 8239.0,
        "distance_lookup_m": 8069.746,
        "link_to_next": true,
        "notes": [
          "Right5",
          "Brake"
        ],
        "notes_text": "Right5, Brake",
        "atoms": [
          {
            "kind": "turn",
            "source": "Right5",
            "side": "right",
            "severity": 5
          },
          {
            "kind": "hazard",
            "source": "Brake",
            "name": "brake"
          }
        ],
        "flags": {
          "groups": {
            "keep": null,
            "cut": null,
            "opening": null,
            "go": null
          },
          "bools": {
            "caution": false,
            "brake": true,
            "finish": false,
            "narrows": false,
            "tightens": false,
            "tightens_late": false,
            "late": false,
            "sudden": false
          },
          "linked_to_next": true,
          "turn": {
            "sides": [
              "right"
            ],
            "severity_max": 5,
            "severity_min": 5
          }
        },
        "ref_segment_index": 1240,
        "ref_segment_t": 0.392984,
        "grp_keep": "",
        "grp_cut": "",
        "grp_opening": "",
        "grp_go": "",
        "flg_caution": false,
        "flg_brake": true,
        "flg_finish": false,
        "flg_narrows": false,
        "flg_tightens": false,
        "flg_tightens_late": false,
        "flg_late": false,
        "flg_sudden": false,
        "flg_linked_to_next": true,
        "turn_sides": "right",
        "flg_turn_left": false,
        "flg_turn_right": true,
        "turn_severity_min": 5,
        "turn_severity_max": 5
      }
    },
    {
      "type": "Feature",
      "geometry": {
        "type": "Point",
        "coordinates": [
          852.934,
          1509.907
        ]
      },
      "properties": {
        "kind": "pacenote",
        "stage": "La Bollène-Vésubie - Turini",
        "reference_track": "col_de_turini",
        "note_index": 154,
        "distance_m": 8268.0,
        "distance_lookup_m": 8098.746,
        "link_to_next": false,
        "notes": [
          "Into",
          "Left2",
          "Tightens"
        ],
        "notes_text": "Into, Left2, Tightens",
        "atoms": [
          {
            "kind": "connector",
            "source": "Into",
            "name": "into"
          },
          {
            "kind": "turn",
            "source": "Left2",
            "side": "left",
            "severity": 2
          },
          {
            "kind": "modifier",
            "source": "Tightens",
            "name": "tightens"
          }
        ],
        "flags": {
          "groups": {
            "keep": null,
            "cut": null,
            "opening": null,
            "go": null
          },
          "bools": {
            "caution": false,
            "brake": false,
            "finish": false,
            "narrows": false,
            "tightens": true,
            "tightens_late": false,
            "late": false,
            "sudden": false
          },
          "linked_to_next": false,
          "turn": {
            "sides": [
              "left"
            ],
            "severity_max": 2,
            "severity_min": 2
          }
        },
        "ref_segment_index": 1244,
        "ref_segment_t": 0.611199,
        "grp_keep": "",
        "grp_cut": "",
        "grp_opening": "",
        "grp_go": "",
        "flg_caution": false,
        "flg_brake": false,
        "flg_finish": false,
        "flg_narrows": false,
        "flg_tightens": true,
        "flg_tightens_late": false,
        "flg_late": false,
        "flg_sudden": false,
        "flg_linked_to_next": false,
        "turn_sides": "left",
        "flg_turn_left": true,
        "flg_turn_right": false,
        "turn_severity_min": 2,
        "turn_severity_max": 2
      }
    },
    {
      "type": "Feature",
      "geometry": {
        "type": "Point",
        "coordinates": [
          842.02,
          1464.299
        ]
      },
      "properties": {
        "kind": "pacenote",
        "stage": "La Bollène-Vésubie - Turini",
        "reference_track": "col_de_turini",
        "note_index": 155,
        "distance_m": 8322.0,
        "distance_lookup_m": 8152.746,
        "link_to_next": false,
        "notes": [
          "And",
          "Right3"
        ],
        "notes_text": "And, Right3",
        "atoms": [
          {
            "kind": "connector",
            "source": "And",
            "name": "and"
          },
          {
            "kind": "turn",
            "source": "Right3",
            "side": "right",
            "severity": 3
          }
        ],
        "flags": {
          "groups": {
            "keep": null,
            "cut": null,
            "opening": null,
            "go": null
          },
          "bools": {
            "caution": false,
            "brake": false,
            "finish": false,
            "narrows": false,
            "tightens": false,
            "tightens_late": false,
            "late": false,
            "sudden": false
          },
          "linked_to_next": false,
          "turn": {
            "sides": [
              "right"
            ],
            "severity_max": 3,
            "severity_min": 3
          }
        },
        "ref_segment_index": 1256,
        "ref_segment_t": 0.821656,
        "grp_keep": "",
        "grp_cut": "",
        "grp_opening": "",
        "grp_go": "",
        "flg_caution": false,
        "flg_brake": false,
        "flg_finish": false,
        "flg_narrows": false,
        "flg_tightens": false,
        "flg_tightens_late": false,
        "flg_late": false,
        "flg_sudden": false,
        "flg_linked_to_next": false,
        "turn_sides": "right",
        "flg_turn_left": false,
        "flg_turn_right": true,
        "turn_severity_min": 3,
        "turn_severity_max": 3
      }
    },
    {
      "type": "Feature",
      "geometry": {
        "type": "Point",
        "coordinates": [
          842.051,
          1415.651
        ]
      },
      "properties": {
        "kind": "pacenote",
        "stage": "La Bollène-Vésubie - Turini",
        "reference_track": "col_de_turini",
        "note_index": 156,
        "distance_m": 8374.0,
        "distance_lookup_m": 8204.746,
        "link_to_next": false,
        "notes": [
          "Into",
          "Left2",
          "Tightens"
        ],
        "notes_text": "Into, Left2, Tightens",
        "atoms": [
          {
            "kind": "connector",
            "source": "Into",
            "name": "into"
          },
          {
            "kind": "turn",
            "source": "Left2",
            "side": "left",
            "severity": 2
          },
          {
            "kind": "modifier",
            "source": "Tightens",
            "name": "tightens"
          }
        ],
        "flags": {
          "groups": {
            "keep": null,
            "cut": null,
            "opening": null,
            "go": null
          },
          "bools": {
            "caution": false,
            "brake": false,
            "finish": false,
            "narrows": false,
            "tightens": true,
            "tightens_late": false,
            "late": false,
            "sudden": false
          },
          "linked_to_next": false,
          "turn": {
            "sides": [
              "left"
            ],
            "severity_max": 2,
            "severity_min": 2
          }
        },
        "ref_segment_index": 1265,
        "ref_segment_t": 0.436922,
        "grp_keep": "",
        "grp_cut": "",
        "grp_opening": "",
        "grp_go": "",
        "flg_caution": false,
        "flg_brake": false,
        "flg_finish": false,
        "flg_narrows": false,
        "flg_tightens": true,
        "flg_tightens_late": false,
        "flg_late": false,
        "flg_sudden": false,
        "flg_linked_to_next": false,
        "turn_sides": "left",
        "flg_turn_left": true,
        "flg_turn_right": false,
        "turn_severity_min": 2,
        "turn_severity_max": 2
      }
    },
    {
      "type": "Feature",
      "geometry": {
        "type": "Point",
        "coordinates": [
          863.584,
          1368.964
        ]
      },
      "properties": {
        "kind": "pacenote",
        "stage": "La Bollène-Vésubie - Turini",
        "reference_track": "col_de_turini",
        "note_index": 157,
        "distance_m": 8433.0,
        "distance_lookup_m": 8263.746,
        "link_to_next": true,
        "notes": [
          "Right4"
        ],
        "notes_text": "Right4",
        "atoms": [
          {
            "kind": "turn",
            "source": "Right4",
            "side": "right",
            "severity": 4
          }
        ],
        "flags": {
          "groups": {
            "keep": null,
            "cut": null,
            "opening": null,
            "go": null
          },
          "bools": {
            "caution": false,
            "brake": false,
            "finish": false,
            "narrows": false,
            "tightens": false,
            "tightens_late": false,
            "late": false,
            "sudden": false
          },
          "linked_to_next": true,
          "turn": {
            "sides": [
              "right"
            ],
            "severity_max": 4,
            "severity_min": 4
          }
        },
        "ref_segment_index": 1275,
        "ref_segment_t": 0.824954,
        "grp_keep": "",
        "grp_cut": "",
        "grp_opening": "",
        "grp_go": "",
        "flg_caution": false,
        "flg_brake": false,
        "flg_finish": false,
        "flg_narrows": false,
        "flg_tightens": false,
        "flg_tightens_late": false,
        "flg_late": false,
        "flg_sudden": false,
        "flg_linked_to_next": true,
        "turn_sides": "right",
        "flg_turn_left": false,
        "flg_turn_right": true,
        "turn_severity_min": 4,
        "turn_severity_max": 4
      }
    },
    {
      "type": "Feature",
      "geometry": {
        "type": "Point",
        "coordinates": [
          894.4,
          1323.468
        ]
      },
      "properties": {
        "kind": "pacenote",
        "stage": "La Bollène-Vésubie - Turini",
        "reference_track": "col_de_turini",
        "note_index": 158,
        "distance_m": 8490.0,
        "distance_lookup_m": 8320.746,
        "link_to_next": false,
        "notes": [
          "Dist40"
        ],
        "notes_text": "Dist40",
        "atoms": [
          {
            "kind": "distance",
            "source": "Dist40",
            "meters": 40
          }
        ],
        "flags": {
          "groups": {
            "keep": null,
            "cut": null,
            "opening": null,
            "go": null
          },
          "bools": {
            "caution": false,
            "brake": false,
            "finish": false,
            "narrows": false,
            "tightens": false,
            "tightens_late": false,
            "late": false,
            "sudden": false
          },
          "linked_to_next": false,
          "distance_calls_m": [
            40
          ]
        },
        "ref_segment_index": 1283,
        "ref_segment_t": 0.245817,
        "grp_keep": "",
        "grp_cut": "",
        "grp_opening": "",
        "grp_go": "",
        "flg_caution": false,
        "flg_brake": false,
        "flg_finish": false,
        "flg_narrows": false,
        "flg_tightens": false,
        "flg_tightens_late": false,
        "flg_late": false,
        "flg_sudden": false,
        "flg_linked_to_next": false,
        "turn_sides": "",
        "flg_turn_left": false,
        "flg_turn_right": false,
        "distance_calls_m": "40"
      }
    },
    {
      "type": "Feature",
      "geometry": {
        "type": "Point",
        "coordinates": [
          903.352,
          1283.588
        ]
      },
      "properties": {
        "kind": "pacenote",
        "stage": "La Bollène-Vésubie - Turini",
        "reference_track": "col_de_turini",
        "note_index": 159,
        "distance_m": 8531.0,
        "distance_lookup_m": 8361.746,
        "link_to_next": true,
        "notes": [
          "Left3",
          "Tightens"
        ],
        "notes_text": "Left3, Tightens",
        "atoms": [
          {
            "kind": "turn",
            "source": "Left3",
            "side": "left",
            "severity": 3
          },
          {
            "kind": "modifier",
            "source": "Tightens",
            "name": "tightens"
          }
        ],
        "flags": {
          "groups": {
            "keep": null,
            "cut": null,
            "opening": null,
            "go": null
          },
          "bools": {
            "caution": false,
            "brake": false,
            "finish": false,
            "narrows": false,
            "tightens": true,
            "tightens_late": false,
            "late": false,
            "sudden": false
          },
          "linked_to_next": true,
          "turn": {
            "sides": [
              "left"
            ],
            "severity_max": 3,
            "severity_min": 3
          }
        },
        "ref_segment_index": 1287,
        "ref_segment_t": 0.867031,
        "grp_keep": "",
        "grp_cut": "",
        "grp_opening": "",
        "grp_go": "",
        "flg_caution": false,
        "flg_brake": false,
        "flg_finish": false,
        "flg_narrows": false,
        "flg_tightens": true,
        "flg_tightens_late": false,
        "flg_late": false,
        "flg_sudden": false,
        "flg_linked_to_next": true,
        "turn_sides": "left",
        "flg_turn_left": true,
        "flg_turn_right": false,
        "turn_severity_min": 3,
        "turn_severity_max": 3
      }
    },
    {
      "type": "Feature",
      "geometry": {
        "type": "Point",
        "coordinates": [
          940.513,
          1249.364
        ]
      },
      "properties": {
        "kind": "pacenote",
        "stage": "La Bollène-Vésubie - Turini",
        "reference_track": "col_de_turini",
        "note_index": 160,
        "distance_m": 8585.0,
        "distance_lookup_m": 8415.746,
        "link_to_next": false,
        "notes": [
          "Dist100"
        ],
        "notes_text": "Dist100",
        "atoms": [
          {
            "kind": "distance",
            "source": "Dist100",
            "meters": 100
          }
        ],
        "flags": {
          "groups": {
            "keep": null,
            "cut": null,
            "opening": null,
            "go": null
          },
          "bools": {
            "caution": false,
            "brake": false,
            "finish": false,
            "narrows": false,
            "tightens": false,
            "tightens_late": false,
            "late": false,
            "sudden": false
          },
          "linked_to_next": false,
          "distance_calls_m": [
            100
          ]
        },
        "ref_segment_index": 1295,
        "ref_segment_t": 0.088635,
        "grp_keep": "",
        "grp_cut": "",
        "grp_opening": "",
        "grp_go": "",
        "flg_caution": false,
        "flg_brake": false,
        "flg_finish": false,
        "flg_narrows": false,
        "flg_tightens": false,
        "flg_tightens_late": false,
        "flg_late": false,
        "flg_sudden": false,
        "flg_linked_to_next": false,
        "turn_sides": "",
        "flg_turn_left": false,
        "flg_turn_right": false,
        "distance_calls_m": "100"
      }
    },
    {
      "type": "Feature",
      "geometry": {
        "type": "Point",
        "coordinates": [
          1054.42,
          1220.259
        ]
      },
      "properties": {
        "kind": "pacenote",
        "stage": "La Bollène-Vésubie - Turini",
        "reference_track": "col_de_turini",
        "note_index": 161,
        "distance_m": 8703.0,
        "distance_lookup_m": 8533.746,
        "link_to_next": true,
        "notes": [
          "Right6"
        ],
        "notes_text": "Right6",
        "atoms": [
          {
            "kind": "turn",
            "source": "Right6",
            "side": "right",
            "severity": 6
          }
        ],
        "flags": {
          "groups": {
            "keep": null,
            "cut": null,
            "opening": null,
            "go": null
          },
          "bools": {
            "caution": false,
            "brake": false,
            "finish": false,
            "narrows": false,
            "tightens": false,
            "tightens_late": false,
            "late": false,
            "sudden": false
          },
          "linked_to_next": true,
          "turn": {
            "sides": [
              "right"
            ],
            "severity_max": 6,
            "severity_min": 6
          }
        },
        "ref_segment_index": 1307,
        "ref_segment_t": 0.714325,
        "grp_keep": "",
        "grp_cut": "",
        "grp_opening": "",
        "grp_go": "",
        "flg_caution": false,
        "flg_brake": false,
        "flg_finish": false,
        "flg_narrows": false,
        "flg_tightens": false,
        "flg_tightens_late": false,
        "flg_late": false,
        "flg_sudden": false,
        "flg_linked_to_next": true,
        "turn_sides": "right",
        "flg_turn_left": false,
        "flg_turn_right": true,
        "turn_severity_min": 6,
        "turn_severity_max": 6
      }
    },
    {
      "type": "Feature",
      "geometry": {
        "type": "Point",
        "coordinates": [
          1124.4,
          1189.114
        ]
      },
      "properties": {
        "kind": "pacenote",
        "stage": "La Bollène-Vésubie - Turini",
        "reference_track": "col_de_turini",
        "note_index": 162,
        "distance_m": 8780.0,
        "distance_lookup_m": 8610.746,
        "link_to_next": false,
        "notes": [
          "Dist60"
        ],
        "notes_text": "Dist60",
        "atoms": [
          {
            "kind": "distance",
            "source": "Dist60",
            "meters": 60
          }
        ],
        "flags": {
          "groups": {
            "keep": null,
            "cut": null,
            "opening": null,
            "go": null
          },
          "bools": {
            "caution": false,
            "brake": false,
            "finish": false,
            "narrows": false,
            "tightens": false,
            "tightens_late": false,
            "late": false,
            "sudden": false
          },
          "linked_to_next": false,
          "distance_calls_m": [
            60
          ]
        },
        "ref_segment_index": 1314,
        "ref_segment_t": 0.502683,
        "grp_keep": "",
        "grp_cut": "",
        "grp_opening": "",
        "grp_go": "",
        "flg_caution": false,
        "flg_brake": false,
        "flg_finish": false,
        "flg_narrows": false,
        "flg_tightens": false,
        "flg_tightens_late": false,
        "flg_late": false,
        "flg_sudden": false,
        "flg_linked_to_next": false,
        "turn_sides": "",
        "flg_turn_left": false,
        "flg_turn_right": false,
        "distance_calls_m": "60"
      }
    },
    {
      "type": "Feature",
      "geometry": {
        "type": "Point",
        "coordinates": [
          1182.502,
          1152.024
        ]
      },
      "properties": {
        "kind": "pacenote",
        "stage": "La Bollène-Vésubie - Turini",
        "reference_track": "col_de_turini",
        "note_index": 163,
        "distance_m": 8849.0,
        "distance_lookup_m": 8679.746,
        "link_to_next": false,
        "notes": [
          "Left4"
        ],
        "notes_text": "Left4",
        "atoms": [
          {
            "kind": "turn",
            "source": "Left4",
            "side": "left",
            "severity": 4
          }
        ],
        "flags": {
          "groups": {
            "keep": null,
            "cut": null,
            "opening": null,
            "go": null
          },
          "bools": {
            "caution": false,
            "brake": false,
            "finish": false,
            "narrows": false,
            "tightens": false,
            "tightens_late": false,
            "late": false,
            "sudden": false
          },
          "linked_to_next": false,
          "turn": {
            "sides": [
              "left"
            ],
            "severity_max": 4,
            "severity_min": 4
          }
        },
        "ref_segment_index": 1320,
        "ref_segment_t": 0.723395,
        "grp_keep": "",
        "grp_cut": "",
        "grp_opening": "",
        "grp_go": "",
        "flg_caution": false,
        "flg_brake": false,
        "flg_finish": false,
        "flg_narrows": false,
        "flg_tightens": false,
        "flg_tightens_late": false,
        "flg_late": false,
        "flg_sudden": false,
        "flg_linked_to_next": false,
        "turn_sides": "left",
        "flg_turn_left": true,
        "flg_turn_right": false,
        "turn_severity_min": 4,
        "turn_severity_max": 4
      }
    },
    {
      "type": "Feature",
      "geometry": {
        "type": "Point",
        "coordinates": [
          1250.13,
          1139.493
        ]
      },
      "properties": {
        "kind": "pacenote",
        "stage": "La Bollène-Vésubie - Turini",
        "reference_track": "col_de_turini",
        "note_index": 164,
        "distance_m": 8919.0,
        "distance_lookup_m": 8749.746,
        "link_to_next": true,
        "notes": [
          "Left3",
          "Long",
          "OpensLate"
        ],
        "notes_text": "Left3, Long, OpensLate",
        "atoms": [
          {
            "kind": "turn",
            "source": "Left3",
            "side": "left",
            "severity": 3
          },
          {
            "kind": "length",
            "source": "Long",
            "name": "long"
          },
          {
            "kind": "opening",
            "source": "OpensLate",
            "name": "opens_late"
          }
        ],
        "flags": {
          "groups": {
            "keep": null,
            "cut": null,
            "opening": "opens_late",
            "go": null
          },
          "bools": {
            "caution": false,
            "brake": false,
            "finish": false,
            "narrows": false,
            "tightens": false,
            "tightens_late": false,
            "late": false,
            "sudden": false
          },
          "linked_to_next": true,
          "turn": {
            "sides": [
              "left"
            ],
            "severity_max": 3,
            "severity_min": 3
          }
        },
        "ref_segment_index": 1329,
        "ref_segment_t": 0.083806,
        "grp_keep": "",
        "grp_cut": "",
        "grp_opening": "opens_late",
        "grp_go": "",
        "flg_caution": false,
        "flg_brake": false,
        "flg_finish": false,
        "flg_narrows": false,
        "flg_tightens": false,
        "flg_tightens_late": false,
        "flg_late": false,
        "flg_sudden": false,
        "flg_linked_to_next": true,
        "turn_sides": "left",
        "flg_turn_left": true,
        "flg_turn_right": false,
        "turn_severity_min": 3,
        "turn_severity_max": 3
      }
    },
    {
      "type": "Feature",
      "geometry": {
        "type": "Point",
        "coordinates": [
          1296.119,
          1205.2
        ]
      },
      "properties": {
        "kind": "pacenote",
        "stage": "La Bollène-Vésubie - Turini",
        "reference_track": "col_de_turini",
        "note_index": 165,
        "distance_m": 9012.0,
        "distance_lookup_m": 8842.746,
        "link_to_next": false,
        "notes": [
          "Dist60"
        ],
        "notes_text": "Dist60",
        "atoms": [
          {
            "kind": "distance",
            "source": "Dist60",
            "meters": 60
          }
        ],
        "flags": {
          "groups": {
            "keep": null,
            "cut": null,
            "opening": null,
            "go": null
          },
          "bools": {
            "caution": false,
            "brake": false,
            "finish": false,
            "narrows": false,
            "tightens": false,
            "tightens_late": false,
            "late": false,
            "sudden": false
          },
          "linked_to_next": false,
          "distance_calls_m": [
            60
          ]
        },
        "ref_segment_index": 1340,
        "ref_segment_t": 0.319633,
        "grp_keep": "",
        "grp_cut": "",
        "grp_opening": "",
        "grp_go": "",
        "flg_caution": false,
        "flg_brake": false,
        "flg_finish": false,
        "flg_narrows": false,
        "flg_tightens": false,
        "flg_tightens_late": false,
        "flg_late": false,
        "flg_sudden": false,
        "flg_linked_to_next": false,
        "turn_sides": "",
        "flg_turn_left": false,
        "flg_turn_right": false,
        "distance_calls_m": "60"
      }
    },
    {
      "type": "Feature",
      "geometry": {
        "type": "Point",
        "coordinates": [
          1280.234,
          1269.074
        ]
      },
      "properties": {
        "kind": "pacenote",
        "stage": "La Bollène-Vésubie - Turini",
        "reference_track": "col_de_turini",
        "note_index": 166,
        "distance_m": 9078.0,
        "distance_lookup_m": 8908.746,
        "link_to_next": true,
        "notes": [
          "Left3",
          "Tightens"
        ],
        "notes_text": "Left3, Tightens",
        "atoms": [
          {
            "kind": "turn",
            "source": "Left3",
            "side": "left",
            "severity": 3
          },
          {
            "kind": "modifier",
            "source": "Tightens",
            "name": "tightens"
          }
        ],
        "flags": {
          "groups": {
            "keep": null,
            "cut": null,
            "opening": null,
            "go": null
          },
          "bools": {
            "caution": false,
            "brake": false,
            "finish": false,
            "narrows": false,
            "tightens": true,
            "tightens_late": false,
            "late": false,
            "sudden": false
          },
          "linked_to_next": true,
          "turn": {
            "sides": [
              "left"
            ],
            "severity_max": 3,
            "severity_min": 3
          }
        },
        "ref_segment_index": 1347,
        "ref_segment_t": 0.407973,
        "grp_keep": "",
        "grp_cut": "",
        "grp_opening": "",
        "grp_go": "",
        "flg_caution": false,
        "flg_brake": false,
        "flg_finish": false,
        "flg_narrows": false,
        "flg_tightens": true,
        "flg_tightens_late": false,
        "flg_late": false,
        "flg_sudden": false,
        "flg_linked_to_next": true,
        "turn_sides": "left",
        "flg_turn_left": true,
        "flg_turn_right": false,
        "turn_severity_min": 3,
        "turn_severity_max": 3
      }
    },
    {
      "type": "Feature",
      "geometry": {
        "type": "Point",
        "coordinates": [
          1252.746,
          1299.976
        ]
      },
      "properties": {
        "kind": "pacenote",
        "stage": "La Bollène-Vésubie - Turini",
        "reference_track": "col_de_turini",
        "note_index": 167,
        "distance_m": 9121.0,
        "distance_lookup_m": 8951.746,
        "link_to_next": false,
        "notes": [
          "Dist100"
        ],
        "notes_text": "Dist100",
        "atoms": [
          {
            "kind": "distance",
            "source": "Dist100",
            "meters": 100
          }
        ],
        "flags": {
          "groups": {
            "keep": null,
            "cut": null,
            "opening": null,
            "go": null
          },
          "bools": {
            "caution": false,
            "brake": false,
            "finish": false,
            "narrows": false,
            "tightens": false,
            "tightens_late": false,
            "late": false,
            "sudden": false
          },
          "linked_to_next": false,
          "distance_calls_m": [
            100
          ]
        },
        "ref_segment_index": 1352,
        "ref_segment_t": 0.625321,
        "grp_keep": "",
        "grp_cut": "",
        "grp_opening": "",
        "grp_go": "",
        "flg_caution": false,
        "flg_brake": false,
        "flg_finish": false,
        "flg_narrows": false,
        "flg_tightens": false,
        "flg_tightens_late": false,
        "flg_late": false,
        "flg_sudden": false,
        "flg_linked_to_next": false,
        "turn_sides": "",
        "flg_turn_left": false,
        "flg_turn_right": false,
        "distance_calls_m": "100"
      }
    },
    {
      "type": "Feature",
      "geometry": {
        "type": "Point",
        "coordinates": [
          1158.06,
          1346.82
        ]
      },
      "properties": {
        "kind": "pacenote",
        "stage": "La Bollène-Vésubie - Turini",
        "reference_track": "col_de_turini",
        "note_index": 168,
        "distance_m": 9227.0,
        "distance_lookup_m": 9057.746,
        "link_to_next": true,
        "notes": [
          "Caution",
          "Left3",
          "Tighten2",
          "Late"
        ],
        "notes_text": "Caution, Left3, Tighten2, Late",
        "atoms": [
          {
            "kind": "hazard",
            "source": "Caution",
            "name": "caution"
          },
          {
            "kind": "turn",
            "source": "Left3",
            "side": "left",
            "severity": 3
          },
          {
            "kind": "modifier",
            "source": "Tighten2",
            "name": "tighten",
            "level": 2
          },
          {
            "kind": "modifier",
            "source": "Late",
            "name": "late"
          }
        ],
        "flags": {
          "groups": {
            "keep": null,
            "cut": null,
            "opening": null,
            "go": null
          },
          "bools": {
            "caution": true,
            "brake": false,
            "finish": false,
            "narrows": false,
            "tightens": false,
            "tightens_late": false,
            "late": true,
            "sudden": false
          },
          "linked_to_next": true,
          "turn": {
            "sides": [
              "left"
            ],
            "severity_max": 3,
            "severity_min": 3
          }
        },
        "ref_segment_index": 1363,
        "ref_segment_t": 0.567868,
        "grp_keep": "",
        "grp_cut": "",
        "grp_opening": "",
        "grp_go": "",
        "flg_caution": true,
        "flg_brake": false,
        "flg_finish": false,
        "flg_narrows": false,
        "flg_tightens": false,
        "flg_tightens_late": false,
        "flg_late": true,
        "flg_sudden": false,
        "flg_linked_to_next": true,
        "turn_sides": "left",
        "flg_turn_left": true,
        "flg_turn_right": false,
        "turn_severity_min": 3,
        "turn_severity_max": 3
      }
    },
    {
      "type": "Feature",
      "geometry": {
        "type": "Point",
        "coordinates": [
          1091.884,
          1341.612
        ]
      },
      "properties": {
        "kind": "pacenote",
        "stage": "La Bollène-Vésubie - Turini",
        "reference_track": "col_de_turini",
        "note_index": 169,
        "distance_m": 9298.0,
        "distance_lookup_m": 9128.746,
        "link_to_next": false,
        "notes": [
          "Pause0.25s_Reset",
          "Into",
          "RightOpenHP"
        ],
        "notes_text": "Pause0.25s_Reset, Into, RightOpenHP",
        "atoms": [
          {
            "kind": "pause",
            "source": "Pause0.25s_Reset",
            "seconds": 0.25,
            "reset": true
          },
          {
            "kind": "connector",
            "source": "Into",
            "name": "into"
          },
          {
            "kind": "turn",
            "source": "RightOpenHP",
            "side": "right",
            "style": "openhp"
          }
        ],
        "flags": {
          "groups": {
            "keep": null,
            "cut": null,
            "opening": null,
            "go": null
          },
          "bools": {
            "caution": false,
            "brake": false,
            "finish": false,
            "narrows": false,
            "tightens": false,
            "tightens_late": false,
            "late": false,
            "sudden": false
          },
          "linked_to_next": false,
          "turn": {
            "sides": [
              "right"
            ]
          },
          "pause_seconds": [
            0.25
          ]
        },
        "ref_segment_index": 1372,
        "ref_segment_t": 0.799817,
        "grp_keep": "",
        "grp_cut": "",
        "grp_opening": "",
        "grp_go": "",
        "flg_caution": false,
        "flg_brake": false,
        "flg_finish": false,
        "flg_narrows": false,
        "flg_tightens": false,
        "flg_tightens_late": false,
        "flg_late": false,
        "flg_sudden": false,
        "flg_linked_to_next": false,
        "turn_sides": "right",
        "flg_turn_left": false,
        "flg_turn_right": true,
        "pause_seconds": "0.25"
      }
    },
    {
      "type": "Feature",
      "geometry": {
        "type": "Point",
        "coordinates": [
          1092.953,
          1375.112
        ]
      },
      "properties": {
        "kind": "pacenote",
        "stage": "La Bollène-Vésubie - Turini",
        "reference_track": "col_de_turini",
        "note_index": 170,
        "distance_m": 9373.0,
        "distance_lookup_m": 9203.746,
        "link_to_next": true,
        "notes": [
          "Pause1.5s",
          "Right5",
          "Long",
          "Opens"
        ],
        "notes_text": "Pause1.5s, Right5, Long, Opens",
        "atoms": [
          {
            "kind": "pause",
            "source": "Pause1.5s",
            "seconds": 1.5,
            "reset": false
          },
          {
            "kind": "turn",
            "source": "Right5",
            "side": "right",
            "severity": 5
          },
          {
            "kind": "length",
            "source": "Long",
            "name": "long"
          },
          {
            "kind": "opening",
            "source": "Opens",
            "name": "opens"
          }
        ],
        "flags": {
          "groups": {
            "keep": null,
            "cut": null,
            "opening": "opens",
            "go": null
          },
          "bools": {
            "caution": false,
            "brake": false,
            "finish": false,
            "narrows": false,
            "tightens": false,
            "tightens_late": false,
            "late": false,
            "sudden": false
          },
          "linked_to_next": true,
          "turn": {
            "sides": [
              "right"
            ],
            "severity_max": 5,
            "severity_min": 5
          },
          "pause_seconds": [
            1.5
          ]
        },
        "ref_segment_index": 1389,
        "ref_segment_t": 0.738713,
        "grp_keep": "",
        "grp_cut": "",
        "grp_opening": "opens",
        "grp_go": "",
        "flg_caution": false,
        "flg_brake": false,
        "flg_finish": false,
        "flg_narrows": false,
        "flg_tightens": false,
        "flg_tightens_late": false,
        "flg_late": false,
        "flg_sudden": false,
        "flg_linked_to_next": true,
        "turn_sides": "right",
        "flg_turn_left": false,
        "flg_turn_right": true,
        "turn_severity_min": 5,
        "turn_severity_max": 5,
        "pause_seconds": "1.5"
      }
    },
    {
      "type": "Feature",
      "geometry": {
        "type": "Point",
        "coordinates": [
          1208.87,
          1378.312
        ]
      },
      "properties": {
        "kind": "pacenote",
        "stage": "La Bollène-Vésubie - Turini",
        "reference_track": "col_de_turini",
        "note_index": 171,
        "distance_m": 9491.0,
        "distance_lookup_m": 9321.746,
        "link_to_next": false,
        "notes": [
          "Dist70"
        ],
        "notes_text": "Dist70",
        "atoms": [
          {
            "kind": "distance",
            "source": "Dist70",
            "meters": 70
          }
        ],
        "flags": {
          "groups": {
            "keep": null,
            "cut": null,
            "opening": null,
            "go": null
          },
          "bools": {
            "caution": false,
            "brake": false,
            "finish": false,
            "narrows": false,
            "tightens": false,
            "tightens_late": false,
            "late": false,
            "sudden": false
          },
          "linked_to_next": false,
          "distance_calls_m": [
            70
          ]
        },
        "ref_segment_index": 1403,
        "ref_segment_t": 0.583768,
        "grp_keep": "",
        "grp_cut": "",
        "grp_opening": "",
        "grp_go": "",
        "flg_caution": false,
        "flg_brake": false,
        "flg_finish": false,
        "flg_narrows": false,
        "flg_tightens": false,
        "flg_tightens_late": false,
        "flg_late": false,
        "flg_sudden": false,
        "flg_linked_to_next": false,
        "turn_sides": "",
        "flg_turn_left": false,
        "flg_turn_right": false,
        "distance_calls_m": "70"
      }
    },
    {
      "type": "Feature",
      "geometry": {
        "type": "Point",
        "coordinates": [
          1277.344,
          1360.659
        ]
      },
      "properties": {
        "kind": "pacenote",
        "stage": "La Bollène-Vésubie - Turini",
        "reference_track": "col_de_turini",
        "note_index": 172,
        "distance_m": 9562.0,
        "distance_lookup_m": 9392.746,
        "link_to_next": false,
        "notes": [
          "Caution",
          "Left3",
          "Long",
          "Tightens"
        ],
        "notes_text": "Caution, Left3, Long, Tightens",
        "atoms": [
          {
            "kind": "hazard",
            "source": "Caution",
            "name": "caution"
          },
          {
            "kind": "turn",
            "source": "Left3",
            "side": "left",
            "severity": 3
          },
          {
            "kind": "length",
            "source": "Long",
            "name": "long"
          },
          {
            "kind": "modifier",
            "source": "Tightens",
            "name": "tightens"
          }
        ],
        "flags": {
          "groups": {
            "keep": null,
            "cut": null,
            "opening": null,
            "go": null
          },
          "bools": {
            "caution": true,
            "brake": false,
            "finish": false,
            "narrows": false,
            "tightens": true,
            "tightens_late": false,
            "late": false,
            "sudden": false
          },
          "linked_to_next": false,
          "turn": {
            "sides": [
              "left"
            ],
            "severity_max": 3,
            "severity_min": 3
          }
        },
        "ref_segment_index": 1410,
        "ref_segment_t": 0.549478,
        "grp_keep": "",
        "grp_cut": "",
        "grp_opening": "",
        "grp_go": "",
        "flg_caution": true,
        "flg_brake": false,
        "flg_finish": false,
        "flg_narrows": false,
        "flg_tightens": true,
        "flg_tightens_late": false,
        "flg_late": false,
        "flg_sudden": false,
        "flg_linked_to_next": false,
        "turn_sides": "left",
        "flg_turn_left": true,
        "flg_turn_right": false,
        "turn_severity_min": 3,
        "turn_severity_max": 3
      }
    },
    {
      "type": "Feature",
      "geometry": {
        "type": "Point",
        "coordinates": [
          1349.023,
          1419.047
        ]
      },
      "properties": {
        "kind": "pacenote",
        "stage": "La Bollène-Vésubie - Turini",
        "reference_track": "col_de_turini",
        "note_index": 173,
        "distance_m": 9669.0,
        "distance_lookup_m": 9499.746,
        "link_to_next": false,
        "notes": [
          "Right2",
          "TightensLate"
        ],
        "notes_text": "Right2, TightensLate",
        "atoms": [
          {
            "kind": "turn",
            "source": "Right2",
            "side": "right",
            "severity": 2
          },
          {
            "kind": "modifier",
            "source": "TightensLate",
            "name": "tightens_late"
          }
        ],
        "flags": {
          "groups": {
            "keep": null,
            "cut": null,
            "opening": null,
            "go": null
          },
          "bools": {
            "caution": false,
            "brake": false,
            "finish": false,
            "narrows": false,
            "tightens": false,
            "tightens_late": true,
            "late": false,
            "sudden": false
          },
          "linked_to_next": false,
          "turn": {
            "sides": [
              "right"
            ],
            "severity_max": 2,
            "severity_min": 2
          }
        },
        "ref_segment_index": 1425,
        "ref_segment_t": 0.465844,
        "grp_keep": "",
        "grp_cut": "",
        "grp_opening": "",
        "grp_go": "",
        "flg_caution": false,
        "flg_brake": false,
        "flg_finish": false,
        "flg_narrows": false,
        "flg_tightens": false,
        "flg_tightens_late": true,
        "flg_late": false,
        "flg_sudden": false,
        "flg_linked_to_next": false,
        "turn_sides": "right",
        "flg_turn_left": false,
        "flg_turn_right": true,
        "turn_severity_min": 2,
        "turn_severity_max": 2
      }
    },
    {
      "type": "Feature",
      "geometry": {
        "type": "Point",
        "coordinates": [
          1403.815,
          1430.387
        ]
      },
      "properties": {
        "kind": "pacenote",
        "stage": "La Bollène-Vésubie - Turini",
        "reference_track": "col_de_turini",
        "note_index": 174,
        "distance_m": 9734.0,
        "distance_lookup_m": 9564.746,
        "link_to_next": true,
        "notes": [
          "Left6"
        ],
        "notes_text": "Left6",
        "atoms": [
          {
            "kind": "turn",
            "source": "Left6",
            "side": "left",
            "severity": 6
          }
        ],
        "flags": {
          "groups": {
            "keep": null,
            "cut": null,
            "opening": null,
            "go": null
          },
          "bools": {
            "caution": false,
            "brake": false,
            "finish": false,
            "narrows": false,
            "tightens": false,
            "tightens_late": false,
            "late": false,
            "sudden": false
          },
          "linked_to_next": true,
          "turn": {
            "sides": [
              "left"
            ],
            "severity_max": 6,
            "severity_min": 6
          }
        },
        "ref_segment_index": 1435,
        "ref_segment_t": 0.443623,
        "grp_keep": "",
        "grp_cut": "",
        "grp_opening": "",
        "grp_go": "",
        "flg_caution": false,
        "flg_brake": false,
        "flg_finish": false,
        "flg_narrows": false,
        "flg_tightens": false,
        "flg_tightens_late": false,
        "flg_late": false,
        "flg_sudden": false,
        "flg_linked_to_next": true,
        "turn_sides": "left",
        "flg_turn_left": true,
        "flg_turn_right": false,
        "turn_severity_min": 6,
        "turn_severity_max": 6
      }
    },
    {
      "type": "Feature",
      "geometry": {
        "type": "Point",
        "coordinates": [
          1450.918,
          1404.773
        ]
      },
      "properties": {
        "kind": "pacenote",
        "stage": "La Bollène-Vésubie - Turini",
        "reference_track": "col_de_turini",
        "note_index": 175,
        "distance_m": 9788.0,
        "distance_lookup_m": 9618.746,
        "link_to_next": false,
        "notes": [
          "Dist40"
        ],
        "notes_text": "Dist40",
        "atoms": [
          {
            "kind": "distance",
            "source": "Dist40",
            "meters": 40
          }
        ],
        "flags": {
          "groups": {
            "keep": null,
            "cut": null,
            "opening": null,
            "go": null
          },
          "bools": {
            "caution": false,
            "brake": false,
            "finish": false,
            "narrows": false,
            "tightens": false,
            "tightens_late": false,
            "late": false,
            "sudden": false
          },
          "linked_to_next": false,
          "distance_calls_m": [
            40
          ]
        },
        "ref_segment_index": 1442,
        "ref_segment_t": 0.61107,
        "grp_keep": "",
        "grp_cut": "",
        "grp_opening": "",
        "grp_go": "",
        "flg_caution": false,
        "flg_brake": false,
        "flg_finish": false,
        "flg_narrows": false,
        "flg_tightens": false,
        "flg_tightens_late": false,
        "flg_late": false,
        "flg_sudden": false,
        "flg_linked_to_next": false,
        "turn_sides": "",
        "flg_turn_left": false,
        "flg_turn_right": false,
        "distance_calls_m": "40"
      }
    },
    {
      "type": "Feature",
      "geometry": {
        "type": "Point",
        "coordinates": [
          1489.511,
          1388.518
        ]
      },
      "properties": {
        "kind": "pacenote",
        "stage": "La Bollène-Vésubie - Turini",
        "reference_track": "col_de_turini",
        "note_index": 176,
        "distance_m": 9830.0,
        "distance_lookup_m": 9660.746,
        "link_to_next": true,
        "notes": [
          "Left5"
        ],
        "notes_text": "Left5",
        "atoms": [
          {
            "kind": "turn",
            "source": "Left5",
            "side": "left",
            "severity": 5
          }
        ],
        "flags": {
          "groups": {
            "keep": null,
            "cut": null,
            "opening": null,
            "go": null
          },
          "bools": {
            "caution": false,
            "brake": false,
            "finish": false,
            "narrows": false,
            "tightens": false,
            "tightens_late": false,
            "late": false,
            "sudden": false
          },
          "linked_to_next": true,
          "turn": {
            "sides": [
              "left"
            ],
            "severity_max": 5,
            "severity_min": 5
          }
        },
        "ref_segment_index": 1447,
        "ref_segment_t": 0.355109,
        "grp_keep": "",
        "grp_cut": "",
        "grp_opening": "",
        "grp_go": "",
        "flg_caution": false,
        "flg_brake": false,
        "flg_finish": false,
        "flg_narrows": false,
        "flg_tightens": false,
        "flg_tightens_late": false,
        "flg_late": false,
        "flg_sudden": false,
        "flg_linked_to_next": true,
        "turn_sides": "left",
        "flg_turn_left": true,
        "flg_turn_right": false,
        "turn_severity_min": 5,
        "turn_severity_max": 5
      }
    },
    {
      "type": "Feature",
      "geometry": {
        "type": "Point",
        "coordinates": [
          1535.183,
          1379.189
        ]
      },
      "properties": {
        "kind": "pacenote",
        "stage": "La Bollène-Vésubie - Turini",
        "reference_track": "col_de_turini",
        "note_index": 177,
        "distance_m": 9877.0,
        "distance_lookup_m": 9707.746,
        "link_to_next": false,
        "notes": [
          "Dist50"
        ],
        "notes_text": "Dist50",
        "atoms": [
          {
            "kind": "distance",
            "source": "Dist50",
            "meters": 50
          }
        ],
        "flags": {
          "groups": {
            "keep": null,
            "cut": null,
            "opening": null,
            "go": null
          },
          "bools": {
            "caution": false,
            "brake": false,
            "finish": false,
            "narrows": false,
            "tightens": false,
            "tightens_late": false,
            "late": false,
            "sudden": false
          },
          "linked_to_next": false,
          "distance_calls_m": [
            50
          ]
        },
        "ref_segment_index": 1452,
        "ref_segment_t": 0.458964,
        "grp_keep": "",
        "grp_cut": "",
        "grp_opening": "",
        "grp_go": "",
        "flg_caution": false,
        "flg_brake": false,
        "flg_finish": false,
        "flg_narrows": false,
        "flg_tightens": false,
        "flg_tightens_late": false,
        "flg_late": false,
        "flg_sudden": false,
        "flg_linked_to_next": false,
        "turn_sides": "",
        "flg_turn_left": false,
        "flg_turn_right": false,
        "distance_calls_m": "50"
      }
    },
    {
      "type": "Feature",
      "geometry": {
        "type": "Point",
        "coordinates": [
          1585.88,
          1376.308
        ]
      },
      "properties": {
        "kind": "pacenote",
        "stage": "La Bollène-Vésubie - Turini",
        "reference_track": "col_de_turini",
        "note_index": 178,
        "distance_m": 9928.0,
        "distance_lookup_m": 9758.746,
        "link_to_next": true,
        "notes": [
          "Left5",
          "Tighten4",
          "Brake"
        ],
        "notes_text": "Left5, Tighten4, Brake",
        "atoms": [
          {
            "kind": "turn",
            "source": "Left5",
            "side": "left",
            "severity": 5
          },
          {
            "kind": "modifier",
            "source": "Tighten4",
            "name": "tighten",
            "level": 4
          },
          {
            "kind": "hazard",
            "source": "Brake",
            "name": "brake"
          }
        ],
        "flags": {
          "groups": {
            "keep": null,
            "cut": null,
            "opening": null,
            "go": null
          },
          "bools": {
            "caution": false,
            "brake": true,
            "finish": false,
            "narrows": false,
            "tightens": false,
            "tightens_late": false,
            "late": false,
            "sudden": false
          },
          "linked_to_next": true,
          "turn": {
            "sides": [
              "left"
            ],
            "severity_max": 5,
            "severity_min": 5
          }
        },
        "ref_segment_index": 1457,
        "ref_segment_t": 0.684088,
        "grp_keep": "",
        "grp_cut": "",
        "grp_opening": "",
        "grp_go": "",
        "flg_caution": false,
        "flg_brake": true,
        "flg_finish": false,
        "flg_narrows": false,
        "flg_tightens": false,
        "flg_tightens_late": false,
        "flg_late": false,
        "flg_sudden": false,
        "flg_linked_to_next": true,
        "turn_sides": "left",
        "flg_turn_left": true,
        "flg_turn_right": false,
        "turn_severity_min": 5,
        "turn_severity_max": 5
      }
    },
    {
      "type": "Feature",
      "geometry": {
        "type": "Point",
        "coordinates": [
          1680.245,
          1413.862
        ]
      },
      "properties": {
        "kind": "pacenote",
        "stage": "La Bollène-Vésubie - Turini",
        "reference_track": "col_de_turini",
        "note_index": 179,
        "distance_m": 10033.0,
        "distance_lookup_m": 9863.746,
        "link_to_next": true,
        "notes": [
          "Into",
          "Left2"
        ],
        "notes_text": "Into, Left2",
        "atoms": [
          {
            "kind": "connector",
            "source": "Into",
            "name": "into"
          },
          {
            "kind": "turn",
            "source": "Left2",
            "side": "left",
            "severity": 2
          }
        ],
        "flags": {
          "groups": {
            "keep": null,
            "cut": null,
            "opening": null,
            "go": null
          },
          "bools": {
            "caution": false,
            "brake": false,
            "finish": false,
            "narrows": false,
            "tightens": false,
            "tightens_late": false,
            "late": false,
            "sudden": false
          },
          "linked_to_next": true,
          "turn": {
            "sides": [
              "left"
            ],
            "severity_max": 2,
            "severity_min": 2
          }
        },
        "ref_segment_index": 1471,
        "ref_segment_t": 0.190504,
        "grp_keep": "",
        "grp_cut": "",
        "grp_opening": "",
        "grp_go": "",
        "flg_caution": false,
        "flg_brake": false,
        "flg_finish": false,
        "flg_narrows": false,
        "flg_tightens": false,
        "flg_tightens_late": false,
        "flg_late": false,
        "flg_sudden": false,
        "flg_linked_to_next": true,
        "turn_sides": "left",
        "flg_turn_left": true,
        "flg_turn_right": false,
        "turn_severity_min": 2,
        "turn_severity_max": 2
      }
    },
    {
      "type": "Feature",
      "geometry": {
        "type": "Point",
        "coordinates": [
          1686.561,
          1456.731
        ]
      },
      "properties": {
        "kind": "pacenote",
        "stage": "La Bollène-Vésubie - Turini",
        "reference_track": "col_de_turini",
        "note_index": 180,
        "distance_m": 10080.0,
        "distance_lookup_m": 9910.746,
        "link_to_next": false,
        "notes": [
          "Dist60"
        ],
        "notes_text": "Dist60",
        "atoms": [
          {
            "kind": "distance",
            "source": "Dist60",
            "meters": 60
          }
        ],
        "flags": {
          "groups": {
            "keep": null,
            "cut": null,
            "opening": null,
            "go": null
          },
          "bools": {
            "caution": false,
            "brake": false,
            "finish": false,
            "narrows": false,
            "tightens": false,
            "tightens_late": false,
            "late": false,
            "sudden": false
          },
          "linked_to_next": false,
          "distance_calls_m": [
            60
          ]
        },
        "ref_segment_index": 1477,
        "ref_segment_t": 0.888904,
        "grp_keep": "",
        "grp_cut": "",
        "grp_opening": "",
        "grp_go": "",
        "flg_caution": false,
        "flg_brake": false,
        "flg_finish": false,
        "flg_narrows": false,
        "flg_tightens": false,
        "flg_tightens_late": false,
        "flg_late": false,
        "flg_sudden": false,
        "flg_linked_to_next": false,
        "turn_sides": "",
        "flg_turn_left": false,
        "flg_turn_right": false,
        "distance_calls_m": "60"
      }
    },
    {
      "type": "Feature",
      "geometry": {
        "type": "Point",
        "coordinates": [
          1660.221,
          1516.969
        ]
      },
      "properties": {
        "kind": "pacenote",
        "stage": "La Bollène-Vésubie - Turini",
        "reference_track": "col_de_turini",
        "note_index": 181,
        "distance_m": 10146.0,
        "distance_lookup_m": 9976.746,
        "link_to_next": true,
        "notes": [
          "Right2",
          "DontCut"
        ],
        "notes_text": "Right2, DontCut",
        "atoms": [
          {
            "kind": "turn",
            "source": "Right2",
            "side": "right",
            "severity": 2
          },
          {
            "kind": "modifier",
            "source": "DontCut",
            "name": "dont_cut"
          }
        ],
        "flags": {
          "groups": {
            "keep": null,
            "cut": "dont_cut",
            "opening": null,
            "go": null
          },
          "bools": {
            "caution": false,
            "brake": false,
            "finish": false,
            "narrows": false,
            "tightens": false,
            "tightens_late": false,
            "late": false,
            "sudden": false
          },
          "linked_to_next": true,
          "turn": {
            "sides": [
              "right"
            ],
            "severity_max": 2,
            "severity_min": 2
          }
        },
        "ref_segment_index": 1486,
        "ref_segment_t": 0.369832,
        "grp_keep": "",
        "grp_cut": "dont_cut",
        "grp_opening": "",
        "grp_go": "",
        "flg_caution": false,
        "flg_brake": false,
        "flg_finish": false,
        "flg_narrows": false,
        "flg_tightens": false,
        "flg_tightens_late": false,
        "flg_late": false,
        "flg_sudden": false,
        "flg_linked_to_next": true,
        "turn_sides": "right",
        "flg_turn_left": false,
        "flg_turn_right": true,
        "turn_severity_min": 2,
        "turn_severity_max": 2
      }
    },
    {
      "type": "Feature",
      "geometry": {
        "type": "Point",
        "coordinates": [
          1670.772,
          1555.945
        ]
      },
      "properties": {
        "kind": "pacenote",
        "stage": "La Bollène-Vésubie - Turini",
        "reference_track": "col_de_turini",
        "note_index": 182,
        "distance_m": 10190.0,
        "distance_lookup_m": 10020.746,
        "link_to_next": true,
        "notes": [
          "And",
          "Left3"
        ],
        "notes_text": "And, Left3",
        "atoms": [
          {
            "kind": "connector",
            "source": "And",
            "name": "and"
          },
          {
            "kind": "turn",
            "source": "Left3",
            "side": "left",
            "severity": 3
          }
        ],
        "flags": {
          "groups": {
            "keep": null,
            "cut": null,
            "opening": null,
            "go": null
          },
          "bools": {
            "caution": false,
            "brake": false,
            "finish": false,
            "narrows": false,
            "tightens": false,
            "tightens_late": false,
            "late": false,
            "sudden": false
          },
          "linked_to_next": true,
          "turn": {
            "sides": [
              "left"
            ],
            "severity_max": 3,
            "severity_min": 3
          }
        },
        "ref_segment_index": 1493,
        "ref_segment_t": 0.73551,
        "grp_keep": "",
        "grp_cut": "",
        "grp_opening": "",
        "grp_go": "",
        "flg_caution": false,
        "flg_brake": false,
        "flg_finish": false,
        "flg_narrows": false,
        "flg_tightens": false,
        "flg_tightens_late": false,
        "flg_late": false,
        "flg_sudden": false,
        "flg_linked_to_next": true,
        "turn_sides": "left",
        "flg_turn_left": true,
        "flg_turn_right": false,
        "turn_severity_min": 3,
        "turn_severity_max": 3
      }
    },
    {
      "type": "Feature",
      "geometry": {
        "type": "Point",
        "coordinates": [
          1684.919,
          1593.318
        ]
      },
      "properties": {
        "kind": "pacenote",
        "stage": "La Bollène-Vésubie - Turini",
        "reference_track": "col_de_turini",
        "note_index": 183,
        "distance_m": 10231.0,
        "distance_lookup_m": 10061.746,
        "link_to_next": false,
        "notes": [
          "Pause1s_Reset",
          "Into",
          "Right2",
          "Tightens"
        ],
        "notes_text": "Pause1s_Reset, Into, Right2, Tightens",
        "atoms": [
          {
            "kind": "pause",
            "source": "Pause1s_Reset",
            "seconds": 1.0,
            "reset": true
          },
          {
            "kind": "connector",
            "source": "Into",
            "name": "into"
          },
          {
            "kind": "turn",
            "source": "Right2",
            "side": "right",
            "severity": 2
          },
          {
            "kind": "modifier",
            "source": "Tightens",
            "name": "tightens"
          }
        ],
        "flags": {
          "groups": {
            "keep": null,
            "cut": null,
            "opening": null,
            "go": null
          },
          "bools": {
            "caution": false,
            "brake": false,
            "finish": false,
            "narrows": false,
            "tightens": true,
            "tightens_late": false,
            "late": false,
            "sudden": false
          },
          "linked_to_next": false,
          "turn": {
            "sides": [
              "right"
            ],
            "severity_max": 2,
            "severity_min": 2
          },
          "pause_seconds": [
            1.0
          ]
        },
        "ref_segment_index": 1500,
        "ref_segment_t": 0.252136,
        "grp_keep": "",
        "grp_cut": "",
        "grp_opening": "",
        "grp_go": "",
        "flg_caution": false,
        "flg_brake": false,
        "flg_finish": false,
        "flg_narrows": false,
        "flg_tightens": true,
        "flg_tightens_late": false,
        "flg_late": false,
        "flg_sudden": false,
        "flg_linked_to_next": false,
        "turn_sides": "right",
        "flg_turn_left": false,
        "flg_turn_right": true,
        "turn_severity_min": 2,
        "turn_severity_max": 2,
        "pause_seconds": "1.0"
      }
    },
    {
      "type": "Feature",
      "geometry": {
        "type": "Point",
        "coordinates": [
          1721.24,
          1622.244
        ]
      },
      "properties": {
        "kind": "pacenote",
        "stage": "La Bollène-Vésubie - Turini",
        "reference_track": "col_de_turini",
        "note_index": 184,
        "distance_m": 10285.0,
        "distance_lookup_m": 10115.746,
        "link_to_next": false,
        "notes": [
          "Left3",
          "Long",
          "Tighten2"
        ],
        "notes_text": "Left3, Long, Tighten2",
        "atoms": [
          {
            "kind": "turn",
            "source": "Left3",
            "side": "left",
            "severity": 3
          },
          {
            "kind": "length",
            "source": "Long",
            "name": "long"
          },
          {
            "kind": "modifier",
            "source": "Tighten2",
            "name": "tighten",
            "level": 2
          }
        ],
        "flags": {
          "groups": {
            "keep": null,
            "cut": null,
            "opening": null,
            "go": null
          },
          "bools": {
            "caution": false,
            "brake": false,
            "finish": false,
            "narrows": false,
            "tightens": false,
            "tightens_late": false,
            "late": false,
            "sudden": false
          },
          "linked_to_next": false,
          "turn": {
            "sides": [
              "left"
            ],
            "severity_max": 3,
            "severity_min": 3
          }
        },
        "ref_segment_index": 1510,
        "ref_segment_t": 0.535394,
        "grp_keep": "",
        "grp_cut": "",
        "grp_opening": "",
        "grp_go": "",
        "flg_caution": false,
        "flg_brake": false,
        "flg_finish": false,
        "flg_narrows": false,
        "flg_tightens": false,
        "flg_tightens_late": false,
        "flg_late": false,
        "flg_sudden": false,
        "flg_linked_to_next": false,
        "turn_sides": "left",
        "flg_turn_left": true,
        "flg_turn_right": false,
        "turn_severity_min": 3,
        "turn_severity_max": 3
      }
    },
    {
      "type": "Feature",
      "geometry": {
        "type": "Point",
        "coordinates": [
          1755.573,
          1677.634
        ]
      },
      "properties": {
        "kind": "pacenote",
        "stage": "La Bollène-Vésubie - Turini",
        "reference_track": "col_de_turini",
        "note_index": 185,
        "distance_m": 10365.0,
        "distance_lookup_m": 10195.746,
        "link_to_next": false,
        "notes": [
          "Into",
          "Right1",
          "Long",
          "DontCut"
        ],
        "notes_text": "Into, Right1, Long, DontCut",
        "atoms": [
          {
            "kind": "connector",
            "source": "Into",
            "name": "into"
          },
          {
            "kind": "turn",
            "source": "Right1",
            "side": "right",
            "severity": 1
          },
          {
            "kind": "length",
            "source": "Long",
            "name": "long"
          },
          {
            "kind": "modifier",
            "source": "DontCut",
            "name": "dont_cut"
          }
        ],
        "flags": {
          "groups": {
            "keep": null,
            "cut": "dont_cut",
            "opening": null,
            "go": null
          },
          "bools": {
            "caution": false,
            "brake": false,
            "finish": false,
            "narrows": false,
            "tightens": false,
            "tightens_late": false,
            "late": false,
            "sudden": false
          },
          "linked_to_next": false,
          "turn": {
            "sides": [
              "right"
            ],
            "severity_max": 1,
            "severity_min": 1
          }
        },
        "ref_segment_index": 1523,
        "ref_segment_t": 0.18069,
        "grp_keep": "",
        "grp_cut": "dont_cut",
        "grp_opening": "",
        "grp_go": "",
        "flg_caution": false,
        "flg_brake": false,
        "flg_finish": false,
        "flg_narrows": false,
        "flg_tightens": false,
        "flg_tightens_late": false,
        "flg_late": false,
        "flg_sudden": false,
        "flg_linked_to_next": false,
        "turn_sides": "right",
        "flg_turn_left": false,
        "flg_turn_right": true,
        "turn_severity_min": 1,
        "turn_severity_max": 1
      }
    },
    {
      "type": "Feature",
      "geometry": {
        "type": "Point",
        "coordinates": [
          1797.205,
          1675.777
        ]
      },
      "properties": {
        "kind": "pacenote",
        "stage": "La Bollène-Vésubie - Turini",
        "reference_track": "col_de_turini",
        "note_index": 186,
        "distance_m": 10452.0,
        "distance_lookup_m": 10282.746,
        "link_to_next": false,
        "notes": [
          "And",
          "Left2",
          "TightensLate"
        ],
        "notes_text": "And, Left2, TightensLate",
        "atoms": [
          {
            "kind": "connector",
            "source": "And",
            "name": "and"
          },
          {
            "kind": "turn",
            "source": "Left2",
            "side": "left",
            "severity": 2
          },
          {
            "kind": "modifier",
            "source": "TightensLate",
            "name": "tightens_late"
          }
        ],
        "flags": {
          "groups": {
            "keep": null,
            "cut": null,
            "opening": null,
            "go": null
          },
          "bools": {
            "caution": false,
            "brake": false,
            "finish": false,
            "narrows": false,
            "tightens": false,
            "tightens_late": true,
            "late": false,
            "sudden": false
          },
          "linked_to_next": false,
          "turn": {
            "sides": [
              "left"
            ],
            "severity_max": 2,
            "severity_min": 2
          }
        },
        "ref_segment_index": 1540,
        "ref_segment_t": 0.237854,
        "grp_keep": "",
        "grp_cut": "",
        "grp_opening": "",
        "grp_go": "",
        "flg_caution": false,
        "flg_brake": false,
        "flg_finish": false,
        "flg_narrows": false,
        "flg_tightens": false,
        "flg_tightens_late": true,
        "flg_late": false,
        "flg_sudden": false,
        "flg_linked_to_next": false,
        "turn_sides": "left",
        "flg_turn_left": true,
        "flg_turn_right": false,
        "turn_severity_min": 2,
        "turn_severity_max": 2
      }
    },
    {
      "type": "Feature",
      "geometry": {
        "type": "Point",
        "coordinates": [
          1857.951,
          1700.518
        ]
      },
      "properties": {
        "kind": "pacenote",
        "stage": "La Bollène-Vésubie - Turini",
        "reference_track": "col_de_turini",
        "note_index": 187,
        "distance_m": 10545.0,
        "distance_lookup_m": 10375.746,
        "link_to_next": false,
        "notes": [
          "Left6"
        ],
        "notes_text": "Left6",
        "atoms": [
          {
            "kind": "turn",
            "source": "Left6",
            "side": "left",
            "severity": 6
          }
        ],
        "flags": {
          "groups": {
            "keep": null,
            "cut": null,
            "opening": null,
            "go": null
          },
          "bools": {
            "caution": false,
            "brake": false,
            "finish": false,
            "narrows": false,
            "tightens": false,
            "tightens_late": false,
            "late": false,
            "sudden": false
          },
          "linked_to_next": false,
          "turn": {
            "sides": [
              "left"
            ],
            "severity_max": 6,
            "severity_min": 6
          }
        },
        "ref_segment_index": 1555,
        "ref_segment_t": 0.371289,
        "grp_keep": "",
        "grp_cut": "",
        "grp_opening": "",
        "grp_go": "",
        "flg_caution": false,
        "flg_brake": false,
        "flg_finish": false,
        "flg_narrows": false,
        "flg_tightens": false,
        "flg_tightens_late": false,
        "flg_late": false,
        "flg_sudden": false,
        "flg_linked_to_next": false,
        "turn_sides": "left",
        "flg_turn_left": true,
        "flg_turn_right": false,
        "turn_severity_min": 6,
        "turn_severity_max": 6
      }
    },
    {
      "type": "Feature",
      "geometry": {
        "type": "Point",
        "coordinates": [
          1870.758,
          1733.883
        ]
      },
      "properties": {
        "kind": "pacenote",
        "stage": "La Bollène-Vésubie - Turini",
        "reference_track": "col_de_turini",
        "note_index": 188,
        "distance_m": 10581.0,
        "distance_lookup_m": 10411.746,
        "link_to_next": false,
        "notes": [
          "Into",
          "Right2",
          "Long",
          "DontCut"
        ],
        "notes_text": "Into, Right2, Long, DontCut",
        "atoms": [
          {
            "kind": "connector",
            "source": "Into",
            "name": "into"
          },
          {
            "kind": "turn",
            "source": "Right2",
            "side": "right",
            "severity": 2
          },
          {
            "kind": "length",
            "source": "Long",
            "name": "long"
          },
          {
            "kind": "modifier",
            "source": "DontCut",
            "name": "dont_cut"
          }
        ],
        "flags": {
          "groups": {
            "keep": null,
            "cut": "dont_cut",
            "opening": null,
            "go": null
          },
          "bools": {
            "caution": false,
            "brake": false,
            "finish": false,
            "narrows": false,
            "tightens": false,
            "tightens_late": false,
            "late": false,
            "sudden": false
          },
          "linked_to_next": false,
          "turn": {
            "sides": [
              "right"
            ],
            "severity_max": 2,
            "severity_min": 2
          }
        },
        "ref_segment_index": 1560,
        "ref_segment_t": 0.080743,
        "grp_keep": "",
        "grp_cut": "dont_cut",
        "grp_opening": "",
        "grp_go": "",
        "flg_caution": false,
        "flg_brake": false,
        "flg_finish": false,
        "flg_narrows": false,
        "flg_tightens": false,
        "flg_tightens_late": false,
        "flg_late": false,
        "flg_sudden": false,
        "flg_linked_to_next": false,
        "turn_sides": "right",
        "flg_turn_left": false,
        "flg_turn_right": true,
        "turn_severity_min": 2,
        "turn_severity_max": 2
      }
    },
    {
      "type": "Feature",
      "geometry": {
        "type": "Point",
        "coordinates": [
          1918.769,
          1730.266
        ]
      },
      "properties": {
        "kind": "pacenote",
        "stage": "La Bollène-Vésubie - Turini",
        "reference_track": "col_de_turini",
        "note_index": 189,
        "distance_m": 10655.0,
        "distance_lookup_m": 10485.746,
        "link_to_next": false,
        "notes": [
          "And",
          "Left2",
          "Long"
        ],
        "notes_text": "And, Left2, Long",
        "atoms": [
          {
            "kind": "connector",
            "source": "And",
            "name": "and"
          },
          {
            "kind": "turn",
            "source": "Left2",
            "side": "left",
            "severity": 2
          },
          {
            "kind": "length",
            "source": "Long",
            "name": "long"
          }
        ],
        "flags": {
          "groups": {
            "keep": null,
            "cut": null,
            "opening": null,
            "go": null
          },
          "bools": {
            "caution": false,
            "brake": false,
            "finish": false,
            "narrows": false,
            "tightens": false,
            "tightens_late": false,
            "late": false,
            "sudden": false
          },
          "linked_to_next": false,
          "turn": {
            "sides": [
              "left"
            ],
            "severity_max": 2,
            "severity_min": 2
          }
        },
        "ref_segment_index": 1573,
        "ref_segment_t": 0.96698,
        "grp_keep": "",
        "grp_cut": "",
        "grp_opening": "",
        "grp_go": "",
        "flg_caution": false,
        "flg_brake": false,
        "flg_finish": false,
        "flg_narrows": false,
        "flg_tightens": false,
        "flg_tightens_late": false,
        "flg_late": false,
        "flg_sudden": false,
        "flg_linked_to_next": false,
        "turn_sides": "left",
        "flg_turn_left": true,
        "flg_turn_right": false,
        "turn_severity_min": 2,
        "turn_severity_max": 2
      }
    },
    {
      "type": "Feature",
      "geometry": {
        "type": "Point",
        "coordinates": [
          1967.141,
          1726.109
        ]
      },
      "properties": {
        "kind": "pacenote",
        "stage": "La Bollène-Vésubie - Turini",
        "reference_track": "col_de_turini",
        "note_index": 190,
        "distance_m": 10717.0,
        "distance_lookup_m": 10547.746,
        "link_to_next": false,
        "notes": [
          "And",
          "Right2",
          "TightensLate",
          "DontCut"
        ],
        "notes_text": "And, Right2, TightensLate, DontCut",
        "atoms": [
          {
            "kind": "connector",
            "source": "And",
            "name": "and"
          },
          {
            "kind": "turn",
            "source": "Right2",
            "side": "right",
            "severity": 2
          },
          {
            "kind": "modifier",
            "source": "TightensLate",
            "name": "tightens_late"
          },
          {
            "kind": "modifier",
            "source": "DontCut",
            "name": "dont_cut"
          }
        ],
        "flags": {
          "groups": {
            "keep": null,
            "cut": "dont_cut",
            "opening": null,
            "go": null
          },
          "bools": {
            "caution": false,
            "brake": false,
            "finish": false,
            "narrows": false,
            "tightens": false,
            "tightens_late": true,
            "late": false,
            "sudden": false
          },
          "linked_to_next": false,
          "turn": {
            "sides": [
              "right"
            ],
            "severity_max": 2,
            "severity_min": 2
          }
        },
        "ref_segment_index": 1584,
        "ref_segment_t": 0.591582,
        "grp_keep": "",
        "grp_cut": "dont_cut",
        "grp_opening": "",
        "grp_go": "",
        "flg_caution": false,
        "flg_brake": false,
        "flg_finish": false,
        "flg_narrows": false,
        "flg_tightens": false,
        "flg_tightens_late": true,
        "flg_late": false,
        "flg_sudden": false,
        "flg_linked_to_next": false,
        "turn_sides": "right",
        "flg_turn_left": false,
        "flg_turn_right": true,
        "turn_severity_min": 2,
        "turn_severity_max": 2
      }
    },
    {
      "type": "Feature",
      "geometry": {
        "type": "Point",
        "coordinates": [
          2006.123,
          1700.557
        ]
      },
      "properties": {
        "kind": "pacenote",
        "stage": "La Bollène-Vésubie - Turini",
        "reference_track": "col_de_turini",
        "note_index": 191,
        "distance_m": 10780.0,
        "distance_lookup_m": 10610.746,
        "link_to_next": true,
        "notes": [
          "Left4"
        ],
        "notes_text": "Left4",
        "atoms": [
          {
            "kind": "turn",
            "source": "Left4",
            "side": "left",
            "severity": 4
          }
        ],
        "flags": {
          "groups": {
            "keep": null,
            "cut": null,
            "opening": null,
            "go": null
          },
          "bools": {
            "caution": false,
            "brake": false,
            "finish": false,
            "narrows": false,
            "tightens": false,
            "tightens_late": false,
            "late": false,
            "sudden": false
          },
          "linked_to_next": true,
          "turn": {
            "sides": [
              "left"
            ],
            "severity_max": 4,
            "severity_min": 4
          }
        },
        "ref_segment_index": 1596,
        "ref_segment_t": 0.265176,
        "grp_keep": "",
        "grp_cut": "",
        "grp_opening": "",
        "grp_go": "",
        "flg_caution": false,
        "flg_brake": false,
        "flg_finish": false,
        "flg_narrows": false,
        "flg_tightens": false,
        "flg_tightens_late": false,
        "flg_late": false,
        "flg_sudden": false,
        "flg_linked_to_next": true,
        "turn_sides": "left",
        "flg_turn_left": true,
        "flg_turn_right": false,
        "turn_severity_min": 4,
        "turn_severity_max": 4
      }
    },
    {
      "type": "Feature",
      "geometry": {
        "type": "Point",
        "coordinates": [
          2018.456,
          1669.083
        ]
      },
      "properties": {
        "kind": "pacenote",
        "stage": "La Bollène-Vésubie - Turini",
        "reference_track": "col_de_turini",
        "note_index": 192,
        "distance_m": 10815.0,
        "distance_lookup_m": 10645.746,
        "link_to_next": false,
        "notes": [
          "Dist50"
        ],
        "notes_text": "Dist50",
        "atoms": [
          {
            "kind": "distance",
            "source": "Dist50",
            "meters": 50
          }
        ],
        "flags": {
          "groups": {
            "keep": null,
            "cut": null,
            "opening": null,
            "go": null
          },
          "bools": {
            "caution": false,
            "brake": false,
            "finish": false,
            "narrows": false,
            "tightens": false,
            "tightens_late": false,
            "late": false,
            "sudden": false
          },
          "linked_to_next": false,
          "distance_calls_m": [
            50
          ]
        },
        "ref_segment_index": 1601,
        "ref_segment_t": 0.010513,
        "grp_keep": "",
        "grp_cut": "",
        "grp_opening": "",
        "grp_go": "",
        "flg_caution": false,
        "flg_brake": false,
        "flg_finish": false,
        "flg_narrows": false,
        "flg_tightens": false,
        "flg_tightens_late": false,
        "flg_late": false,
        "flg_sudden": false,
        "flg_linked_to_next": false,
        "turn_sides": "",
        "flg_turn_left": false,
        "flg_turn_right": false,
        "distance_calls_m": "50"
      }
    },
    {
      "type": "Feature",
      "geometry": {
        "type": "Point",
        "coordinates": [
          2054.605,
          1623.905
        ]
      },
      "properties": {
        "kind": "pacenote",
        "stage": "La Bollène-Vésubie - Turini",
        "reference_track": "col_de_turini",
        "note_index": 193,
        "distance_m": 10873.0,
        "distance_lookup_m": 10703.746,
        "link_to_next": true,
        "notes": [
          "Left2",
          "Opens"
        ],
        "notes_text": "Left2, Opens",
        "atoms": [
          {
            "kind": "turn",
            "source": "Left2",
            "side": "left",
            "severity": 2
          },
          {
            "kind": "opening",
            "source": "Opens",
            "name": "opens"
          }
        ],
        "flags": {
          "groups": {
            "keep": null,
            "cut": null,
            "opening": "opens",
            "go": null
          },
          "bools": {
            "caution": false,
            "brake": false,
            "finish": false,
            "narrows": false,
            "tightens": false,
            "tightens_late": false,
            "late": false,
            "sudden": false
          },
          "linked_to_next": true,
          "turn": {
            "sides": [
              "left"
            ],
            "severity_max": 2,
            "severity_min": 2
          }
        },
        "ref_segment_index": 1608,
        "ref_segment_t": 0.026633,
        "grp_keep": "",
        "grp_cut": "",
        "grp_opening": "opens",
        "grp_go": "",
        "flg_caution": false,
        "flg_brake": false,
        "flg_finish": false,
        "flg_narrows": false,
        "flg_tightens": false,
        "flg_tightens_late": false,
        "flg_late": false,
        "flg_sudden": false,
        "flg_linked_to_next": true,
        "turn_sides": "left",
        "flg_turn_left": true,
        "flg_turn_right": false,
        "turn_severity_min": 2,
        "turn_severity_max": 2
      }
    },
    {
      "type": "Feature",
      "geometry": {
        "type": "Point",
        "coordinates": [
          2111.259,
          1630.654
        ]
      },
      "properties": {
        "kind": "pacenote",
        "stage": "La Bollène-Vésubie - Turini",
        "reference_track": "col_de_turini",
        "note_index": 194,
        "distance_m": 10939.0,
        "distance_lookup_m": 10769.746,
        "link_to_next": false,
        "notes": [
          "Dist40"
        ],
        "notes_text": "Dist40",
        "atoms": [
          {
            "kind": "distance",
            "source": "Dist40",
            "meters": 40
          }
        ],
        "flags": {
          "groups": {
            "keep": null,
            "cut": null,
            "opening": null,
            "go": null
          },
          "bools": {
            "caution": false,
            "brake": false,
            "finish": false,
            "narrows": false,
            "tightens": false,
            "tightens_late": false,
            "late": false,
            "sudden": false
          },
          "linked_to_next": false,
          "distance_calls_m": [
            40
          ]
        },
        "ref_segment_index": 1618,
        "ref_segment_t": 0.222425,
        "grp_keep": "",
        "grp_cut": "",
        "grp_opening": "",
        "grp_go": "",
        "flg_caution": false,
        "flg_brake": false,
        "flg_finish": false,
        "flg_narrows": false,
        "flg_tightens": false,
        "flg_tightens_late": false,
        "flg_late": false,
        "flg_sudden": false,
        "flg_linked_to_next": false,
        "turn_sides": "",
        "flg_turn_left": false,
        "flg_turn_right": false,
        "distance_calls_m": "40"
      }
    },
    {
      "type": "Feature",
      "geometry": {
        "type": "Point",
        "coordinates": [
          2131.783,
          1661.112
        ]
      },
      "properties": {
        "kind": "pacenote",
        "stage": "La Bollène-Vésubie - Turini",
        "reference_track": "col_de_turini",
        "note_index": 195,
        "distance_m": 10976.0,
        "distance_lookup_m": 10806.746,
        "link_to_next": true,
        "notes": [
          "Right2",
          "Tightens"
        ],
        "notes_text": "Right2, Tightens",
        "atoms": [
          {
            "kind": "turn",
            "source": "Right2",
            "side": "right",
            "severity": 2
          },
          {
            "kind": "modifier",
            "source": "Tightens",
            "name": "tightens"
          }
        ],
        "flags": {
          "groups": {
            "keep": null,
            "cut": null,
            "opening": null,
            "go": null
          },
          "bools": {
            "caution": false,
            "brake": false,
            "finish": false,
            "narrows": false,
            "tightens": true,
            "tightens_late": false,
            "late": false,
            "sudden": false
          },
          "linked_to_next": true,
          "turn": {
            "sides": [
              "right"
            ],
            "severity_max": 2,
            "severity_min": 2
          }
        },
        "ref_segment_index": 1623,
        "ref_segment_t": 0.376305,
        "grp_keep": "",
        "grp_cut": "",
        "grp_opening": "",
        "grp_go": "",
        "flg_caution": false,
        "flg_brake": false,
        "flg_finish": false,
        "flg_narrows": false,
        "flg_tightens": true,
        "flg_tightens_late": false,
        "flg_late": false,
        "flg_sudden": false,
        "flg_linked_to_next": true,
        "turn_sides": "right",
        "flg_turn_left": false,
        "flg_turn_right": true,
        "turn_severity_min": 2,
        "turn_severity_max": 2
      }
    },
    {
      "type": "Feature",
      "geometry": {
        "type": "Point",
        "coordinates": [
          2174.175,
          1665.408
        ]
      },
      "properties": {
        "kind": "pacenote",
        "stage": "La Bollène-Vésubie - Turini",
        "reference_track": "col_de_turini",
        "note_index": 196,
        "distance_m": 11027.0,
        "distance_lookup_m": 10857.746,
        "link_to_next": false,
        "notes": [
          "Dist40"
        ],
        "notes_text": "Dist40",
        "atoms": [
          {
            "kind": "distance",
            "source": "Dist40",
            "meters": 40
          }
        ],
        "flags": {
          "groups": {
            "keep": null,
            "cut": null,
            "opening": null,
            "go": null
          },
          "bools": {
            "caution": false,
            "brake": false,
            "finish": false,
            "narrows": false,
            "tightens": false,
            "tightens_late": false,
            "late": false,
            "sudden": false
          },
          "linked_to_next": false,
          "distance_calls_m": [
            40
          ]
        },
        "ref_segment_index": 1632,
        "ref_segment_t": 0.570477,
        "grp_keep": "",
        "grp_cut": "",
        "grp_opening": "",
        "grp_go": "",
        "flg_caution": false,
        "flg_brake": false,
        "flg_finish": false,
        "flg_narrows": false,
        "flg_tightens": false,
        "flg_tightens_late": false,
        "flg_late": false,
        "flg_sudden": false,
        "flg_linked_to_next": false,
        "turn_sides": "",
        "flg_turn_left": false,
        "flg_turn_right": false,
        "distance_calls_m": "40"
      }
    },
    {
      "type": "Feature",
      "geometry": {
        "type": "Point",
        "coordinates": [
          2209.032,
          1634.089
        ]
      },
      "properties": {
        "kind": "pacenote",
        "stage": "La Bollène-Vésubie - Turini",
        "reference_track": "col_de_turini",
        "note_index": 197,
        "distance_m": 11074.0,
        "distance_lookup_m": 10904.746,
        "link_to_next": true,
        "notes": [
          "Left3",
          "Long",
          "Opens"
        ],
        "notes_text": "Left3, Long, Opens",
        "atoms": [
          {
            "kind": "turn",
            "source": "Left3",
            "side": "left",
            "severity": 3
          },
          {
            "kind": "length",
            "source": "Long",
            "name": "long"
          },
          {
            "kind": "opening",
            "source": "Opens",
            "name": "opens"
          }
        ],
        "flags": {
          "groups": {
            "keep": null,
            "cut": null,
            "opening": "opens",
            "go": null
          },
          "bools": {
            "caution": false,
            "brake": false,
            "finish": false,
            "narrows": false,
            "tightens": false,
            "tightens_late": false,
            "late": false,
            "sudden": false
          },
          "linked_to_next": true,
          "turn": {
            "sides": [
              "left"
            ],
            "severity_max": 3,
            "severity_min": 3
          }
        },
        "ref_segment_index": 1639,
        "ref_segment_t": 0.352544,
        "grp_keep": "",
        "grp_cut": "",
        "grp_opening": "opens",
        "grp_go": "",
        "flg_caution": false,
        "flg_brake": false,
        "flg_finish": false,
        "flg_narrows": false,
        "flg_tightens": false,
        "flg_tightens_late": false,
        "flg_late": false,
        "flg_sudden": false,
        "flg_linked_to_next": true,
        "turn_sides": "left",
        "flg_turn_left": true,
        "flg_turn_right": false,
        "turn_severity_min": 3,
        "turn_severity_max": 3
      }
    },
    {
      "type": "Feature",
      "geometry": {
        "type": "Point",
        "coordinates": [
          2308.026,
          1653.448
        ]
      },
      "properties": {
        "kind": "pacenote",
        "stage": "La Bollène-Vésubie - Turini",
        "reference_track": "col_de_turini",
        "note_index": 198,
        "distance_m": 11187.0,
        "distance_lookup_m": 11017.746,
        "link_to_next": false,
        "notes": [
          "Dist60"
        ],
        "notes_text": "Dist60",
        "atoms": [
          {
            "kind": "distance",
            "source": "Dist60",
            "meters": 60
          }
        ],
        "flags": {
          "groups": {
            "keep": null,
            "cut": null,
            "opening": null,
            "go": null
          },
          "bools": {
            "caution": false,
            "brake": false,
            "finish": false,
            "narrows": false,
            "tightens": false,
            "tightens_late": false,
            "late": false,
            "sudden": false
          },
          "linked_to_next": false,
          "distance_calls_m": [
            60
          ]
        },
        "ref_segment_index": 1654,
        "ref_segment_t": 0.653095,
        "grp_keep": "",
        "grp_cut": "",
        "grp_opening": "",
        "grp_go": "",
        "flg_caution": false,
        "flg_brake": false,
        "flg_finish": false,
        "flg_narrows": false,
        "flg_tightens": false,
        "flg_tightens_late": false,
        "flg_late": false,
        "flg_sudden": false,
        "flg_linked_to_next": false,
        "turn_sides": "",
        "flg_turn_left": false,
        "flg_turn_right": false,
        "distance_calls_m": "60"
      }
    },
    {
      "type": "Feature",
      "geometry": {
        "type": "Point",
        "coordinates": [
          2344.266,
          1699.79
        ]
      },
      "properties": {
        "kind": "pacenote",
        "stage": "La Bollène-Vésubie - Turini",
        "reference_track": "col_de_turini",
        "note_index": 199,
        "distance_m": 11246.0,
        "distance_lookup_m": 11076.746,
        "link_to_next": false,
        "notes": [
          "Right2"
        ],
        "notes_text": "Right2",
        "atoms": [
          {
            "kind": "turn",
            "source": "Right2",
            "side": "right",
            "severity": 2
          }
        ],
        "flags": {
          "groups": {
            "keep": null,
            "cut": null,
            "opening": null,
            "go": null
          },
          "bools": {
            "caution": false,
            "brake": false,
            "finish": false,
            "narrows": false,
            "tightens": false,
            "tightens_late": false,
            "late": false,
            "sudden": false
          },
          "linked_to_next": false,
          "turn": {
            "sides": [
              "right"
            ],
            "severity_max": 2,
            "severity_min": 2
          }
        },
        "ref_segment_index": 1661,
        "ref_segment_t": 0.115811,
        "grp_keep": "",
        "grp_cut": "",
        "grp_opening": "",
        "grp_go": "",
        "flg_caution": false,
        "flg_brake": false,
        "flg_finish": false,
        "flg_narrows": false,
        "flg_tightens": false,
        "flg_tightens_late": false,
        "flg_late": false,
        "flg_sudden": false,
        "flg_linked_to_next": false,
        "turn_sides": "right",
        "flg_turn_left": false,
        "flg_turn_right": true,
        "turn_severity_min": 2,
        "turn_severity_max": 2
      }
    },
    {
      "type": "Feature",
      "geometry": {
        "type": "Point",
        "coordinates": [
          2402.516,
          1696.054
        ]
      },
      "properties": {
        "kind": "pacenote",
        "stage": "La Bollène-Vésubie - Turini",
        "reference_track": "col_de_turini",
        "note_index": 200,
        "distance_m": 11312.0,
        "distance_lookup_m": 11142.746,
        "link_to_next": false,
        "notes": [
          "And",
          "Right2",
          "Tightens"
        ],
        "notes_text": "And, Right2, Tightens",
        "atoms": [
          {
            "kind": "connector",
            "source": "And",
            "name": "and"
          },
          {
            "kind": "turn",
            "source": "Right2",
            "side": "right",
            "severity": 2
          },
          {
            "kind": "modifier",
            "source": "Tightens",
            "name": "tightens"
          }
        ],
        "flags": {
          "groups": {
            "keep": null,
            "cut": null,
            "opening": null,
            "go": null
          },
          "bools": {
            "caution": false,
            "brake": false,
            "finish": false,
            "narrows": false,
            "tightens": true,
            "tightens_late": false,
            "late": false,
            "sudden": false
          },
          "linked_to_next": false,
          "turn": {
            "sides": [
              "right"
            ],
            "severity_max": 2,
            "severity_min": 2
          }
        },
        "ref_segment_index": 1671,
        "ref_segment_t": 0.039045,
        "grp_keep": "",
        "grp_cut": "",
        "grp_opening": "",
        "grp_go": "",
        "flg_caution": false,
        "flg_brake": false,
        "flg_finish": false,
        "flg_narrows": false,
        "flg_tightens": true,
        "flg_tightens_late": false,
        "flg_late": false,
        "flg_sudden": false,
        "flg_linked_to_next": false,
        "turn_sides": "right",
        "flg_turn_left": false,
        "flg_turn_right": true,
        "turn_severity_min": 2,
        "turn_severity_max": 2
      }
    },
    {
      "type": "Feature",
      "geometry": {
        "type": "Point",
        "coordinates": [
          2417.967,
          1658.377
        ]
      },
      "properties": {
        "kind": "pacenote",
        "stage": "La Bollène-Vésubie - Turini",
        "reference_track": "col_de_turini",
        "note_index": 201,
        "distance_m": 11357.0,
        "distance_lookup_m": 11187.746,
        "link_to_next": true,
        "notes": [
          "Left4"
        ],
        "notes_text": "Left4",
        "atoms": [
          {
            "kind": "turn",
            "source": "Left4",
            "side": "left",
            "severity": 4
          }
        ],
        "flags": {
          "groups": {
            "keep": null,
            "cut": null,
            "opening": null,
            "go": null
          },
          "bools": {
            "caution": false,
            "brake": false,
            "finish": false,
            "narrows": false,
            "tightens": false,
            "tightens_late": false,
            "late": false,
            "sudden": false
          },
          "linked_to_next": true,
          "turn": {
            "sides": [
              "left"
            ],
            "severity_max": 4,
            "severity_min": 4
          }
        },
        "ref_segment_index": 1678,
        "ref_segment_t": 0.316219,
        "grp_keep": "",
        "grp_cut": "",
        "grp_opening": "",
        "grp_go": "",
        "flg_caution": false,
        "flg_brake": false,
        "flg_finish": false,
        "flg_narrows": false,
        "flg_tightens": false,
        "flg_tightens_late": false,
        "flg_late": false,
        "flg_sudden": false,
        "flg_linked_to_next": true,
        "turn_sides": "left",
        "flg_turn_left": true,
        "flg_turn_right": false,
        "turn_severity_min": 4,
        "turn_severity_max": 4
      }
    },
    {
      "type": "Feature",
      "geometry": {
        "type": "Point",
        "coordinates": [
          2419.981,
          1620.344
        ]
      },
      "properties": {
        "kind": "pacenote",
        "stage": "La Bollène-Vésubie - Turini",
        "reference_track": "col_de_turini",
        "note_index": 202,
        "distance_m": 11396.0,
        "distance_lookup_m": 11226.746,
        "link_to_next": false,
        "notes": [
          "And",
          "Right4",
          "Opens"
        ],
        "notes_text": "And, Right4, Opens",
        "atoms": [
          {
            "kind": "connector",
            "source": "And",
            "name": "and"
          },
          {
            "kind": "turn",
            "source": "Right4",
            "side": "right",
            "severity": 4
          },
          {
            "kind": "opening",
            "source": "Opens",
            "name": "opens"
          }
        ],
        "flags": {
          "groups": {
            "keep": null,
            "cut": null,
            "opening": "opens",
            "go": null
          },
          "bools": {
            "caution": false,
            "brake": false,
            "finish": false,
            "narrows": false,
            "tightens": false,
            "tightens_late": false,
            "late": false,
            "sudden": false
          },
          "linked_to_next": false,
          "turn": {
            "sides": [
              "right"
            ],
            "severity_max": 4,
            "severity_min": 4
          }
        },
        "ref_segment_index": 1683,
        "ref_segment_t": 0.726661,
        "grp_keep": "",
        "grp_cut": "",
        "grp_opening": "opens",
        "grp_go": "",
        "flg_caution": false,
        "flg_brake": false,
        "flg_finish": false,
        "flg_narrows": false,
        "flg_tightens": false,
        "flg_tightens_late": false,
        "flg_late": false,
        "flg_sudden": false,
        "flg_linked_to_next": false,
        "turn_sides": "right",
        "flg_turn_left": false,
        "flg_turn_right": true,
        "turn_severity_min": 4,
        "turn_severity_max": 4
      }
    },
    {
      "type": "Feature",
      "geometry": {
        "type": "Point",
        "coordinates": [
          2401.43,
          1536.007
        ]
      },
      "properties": {
        "kind": "pacenote",
        "stage": "La Bollène-Vésubie - Turini",
        "reference_track": "col_de_turini",
        "note_index": 203,
        "distance_m": 11486.0,
        "distance_lookup_m": 11316.746,
        "link_to_next": true,
        "notes": [
          "Into",
          "Left2",
          "Tighten1"
        ],
        "notes_text": "Into, Left2, Tighten1",
        "atoms": [
          {
            "kind": "connector",
            "source": "Into",
            "name": "into"
          },
          {
            "kind": "turn",
            "source": "Left2",
            "side": "left",
            "severity": 2
          },
          {
            "kind": "modifier",
            "source": "Tighten1",
            "name": "tighten",
            "level": 1
          }
        ],
        "flags": {
          "groups": {
            "keep": null,
            "cut": null,
            "opening": null,
            "go": null
          },
          "bools": {
            "caution": false,
            "brake": false,
            "finish": false,
            "narrows": false,
            "tightens": false,
            "tightens_late": false,
            "late": false,
            "sudden": false
          },
          "linked_to_next": true,
          "turn": {
            "sides": [
              "left"
            ],
            "severity_max": 2,
            "severity_min": 2
          }
        },
        "ref_segment_index": 1694,
        "ref_segment_t": 0.295605,
        "grp_keep": "",
        "grp_cut": "",
        "grp_opening": "",
        "grp_go": "",
        "flg_caution": false,
        "flg_brake": false,
        "flg_finish": false,
        "flg_narrows": false,
        "flg_tightens": false,
        "flg_tightens_late": false,
        "flg_late": false,
        "flg_sudden": false,
        "flg_linked_to_next": true,
        "turn_sides": "left",
        "flg_turn_left": true,
        "flg_turn_right": false,
        "turn_severity_min": 2,
        "turn_severity_max": 2
      }
    },
    {
      "type": "Feature",
      "geometry": {
        "type": "Point",
        "coordinates": [
          2418.305,
          1498.53
        ]
      },
      "properties": {
        "kind": "pacenote",
        "stage": "La Bollène-Vésubie - Turini",
        "reference_track": "col_de_turini",
        "note_index": 204,
        "distance_m": 11542.0,
        "distance_lookup_m": 11372.746,
        "link_to_next": false,
        "notes": [
          "Dist40"
        ],
        "notes_text": "Dist40",
        "atoms": [
          {
            "kind": "distance",
            "source": "Dist40",
            "meters": 40
          }
        ],
        "flags": {
          "groups": {
            "keep": null,
            "cut": null,
            "opening": null,
            "go": null
          },
          "bools": {
            "caution": false,
            "brake": false,
            "finish": false,
            "narrows": false,
            "tightens": false,
            "tightens_late": false,
            "late": false,
            "sudden": false
          },
          "linked_to_next": false,
          "distance_calls_m": [
            40
          ]
        },
        "ref_segment_index": 1705,
        "ref_segment_t": 0.863169,
        "grp_keep": "",
        "grp_cut": "",
        "grp_opening": "",
        "grp_go": "",
        "flg_caution": false,
        "flg_brake": false,
        "flg_finish": false,
        "flg_narrows": false,
        "flg_tightens": false,
        "flg_tightens_late": false,
        "flg_late": false,
        "flg_sudden": false,
        "flg_linked_to_next": false,
        "turn_sides": "",
        "flg_turn_left": false,
        "flg_turn_right": false,
        "distance_calls_m": "40"
      }
    },
    {
      "type": "Feature",
      "geometry": {
        "type": "Point",
        "coordinates": [
          2456.059,
          1501.943
        ]
      },
      "properties": {
        "kind": "pacenote",
        "stage": "La Bollène-Vésubie - Turini",
        "reference_track": "col_de_turini",
        "note_index": 205,
        "distance_m": 11580.0,
        "distance_lookup_m": 11410.746,
        "link_to_next": false,
        "notes": [
          "Left3"
        ],
        "notes_text": "Left3",
        "atoms": [
          {
            "kind": "turn",
            "source": "Left3",
            "side": "left",
            "severity": 3
          }
        ],
        "flags": {
          "groups": {
            "keep": null,
            "cut": null,
            "opening": null,
            "go": null
          },
          "bools": {
            "caution": false,
            "brake": false,
            "finish": false,
            "narrows": false,
            "tightens": false,
            "tightens_late": false,
            "late": false,
            "sudden": false
          },
          "linked_to_next": false,
          "turn": {
            "sides": [
              "left"
            ],
            "severity_max": 3,
            "severity_min": 3
          }
        },
        "ref_segment_index": 1711,
        "ref_segment_t": 0.647274,
        "grp_keep": "",
        "grp_cut": "",
        "grp_opening": "",
        "grp_go": "",
        "flg_caution": false,
        "flg_brake": false,
        "flg_finish": false,
        "flg_narrows": false,
        "flg_tightens": false,
        "flg_tightens_late": false,
        "flg_late": false,
        "flg_sudden": false,
        "flg_linked_to_next": false,
        "turn_sides": "left",
        "flg_turn_left": true,
        "flg_turn_right": false,
        "turn_severity_min": 3,
        "turn_severity_max": 3
      }
    },
    {
      "type": "Feature",
      "geometry": {
        "type": "Point",
        "coordinates": [
          2502.998,
          1543.687
        ]
      },
      "properties": {
        "kind": "pacenote",
        "stage": "La Bollène-Vésubie - Turini",
        "reference_track": "col_de_turini",
        "note_index": 206,
        "distance_m": 11646.0,
        "distance_lookup_m": 11476.746,
        "link_to_next": false,
        "notes": [
          "Right2",
          "Tightens",
          "DontCut"
        ],
        "notes_text": "Right2, Tightens, DontCut",
        "atoms": [
          {
            "kind": "turn",
            "source": "Right2",
            "side": "right",
            "severity": 2
          },
          {
            "kind": "modifier",
            "source": "Tightens",
            "name": "tightens"
          },
          {
            "kind": "modifier",
            "source": "DontCut",
            "name": "dont_cut"
          }
        ],
        "flags": {
          "groups": {
            "keep": null,
            "cut": "dont_cut",
            "opening": null,
            "go": null
          },
          "bools": {
            "caution": false,
            "brake": false,
            "finish": false,
            "narrows": false,
            "tightens": true,
            "tightens_late": false,
            "late": false,
            "sudden": false
          },
          "linked_to_next": false,
          "turn": {
            "sides": [
              "right"
            ],
            "severity_max": 2,
            "severity_min": 2
          }
        },
        "ref_segment_index": 1721,
        "ref_segment_t": 0.625193,
        "grp_keep": "",
        "grp_cut": "dont_cut",
        "grp_opening": "",
        "grp_go": "",
        "flg_caution": false,
        "flg_brake": false,
        "flg_finish": false,
        "flg_narrows": false,
        "flg_tightens": true,
        "flg_tightens_late": false,
        "flg_late": false,
        "flg_sudden": false,
        "flg_linked_to_next": false,
        "turn_sides": "right",
        "flg_turn_left": false,
        "flg_turn_right": true,
        "turn_severity_min": 2,
        "turn_severity_max": 2
      }
    },
    {
      "type": "Feature",
      "geometry": {
        "type": "Point",
        "coordinates": [
          2550.435,
          1548.284
        ]
      },
      "properties": {
        "kind": "pacenote",
        "stage": "La Bollène-Vésubie - Turini",
        "reference_track": "col_de_turini",
        "note_index": 207,
        "distance_m": 11706.0,
        "distance_lookup_m": 11536.746,
        "link_to_next": true,
        "notes": [
          "And",
          "Left2"
        ],
        "notes_text": "And, Left2",
        "atoms": [
          {
            "kind": "connector",
            "source": "And",
            "name": "and"
          },
          {
            "kind": "turn",
            "source": "Left2",
            "side": "left",
            "severity": 2
          }
        ],
        "flags": {
          "groups": {
            "keep": null,
            "cut": null,
            "opening": null,
            "go": null
          },
          "bools": {
            "caution": false,
            "brake": false,
            "finish": false,
            "narrows": false,
            "tightens": false,
            "tightens_late": false,
            "late": false,
            "sudden": false
          },
          "linked_to_next": true,
          "turn": {
            "sides": [
              "left"
            ],
            "severity_max": 2,
            "severity_min": 2
          }
        },
        "ref_segment_index": 1731,
        "ref_segment_t": 0.741426,
        "grp_keep": "",
        "grp_cut": "",
        "grp_opening": "",
        "grp_go": "",
        "flg_caution": false,
        "flg_brake": false,
        "flg_finish": false,
        "flg_narrows": false,
        "flg_tightens": false,
        "flg_tightens_late": false,
        "flg_late": false,
        "flg_sudden": false,
        "flg_linked_to_next": true,
        "turn_sides": "left",
        "flg_turn_left": true,
        "flg_turn_right": false,
        "turn_severity_min": 2,
        "turn_severity_max": 2
      }
    },
    {
      "type": "Feature",
      "geometry": {
        "type": "Point",
        "coordinates": [
          2585.664,
          1541.229
        ]
      },
      "properties": {
        "kind": "pacenote",
        "stage": "La Bollène-Vésubie - Turini",
        "reference_track": "col_de_turini",
        "note_index": 208,
        "distance_m": 11744.0,
        "distance_lookup_m": 11574.746,
        "link_to_next": false,
        "notes": [
          "And",
          "Right3"
        ],
        "notes_text": "And, Right3",
        "atoms": [
          {
            "kind": "connector",
            "source": "And",
            "name": "and"
          },
          {
            "kind": "turn",
            "source": "Right3",
            "side": "right",
            "severity": 3
          }
        ],
        "flags": {
          "groups": {
            "keep": null,
            "cut": null,
            "opening": null,
            "go": null
          },
          "bools": {
            "caution": false,
            "brake": false,
            "finish": false,
            "narrows": false,
            "tightens": false,
            "tightens_late": false,
            "late": false,
            "sudden": false
          },
          "linked_to_next": false,
          "turn": {
            "sides": [
              "right"
            ],
            "severity_max": 3,
            "severity_min": 3
          }
        },
        "ref_segment_index": 1737,
        "ref_segment_t": 0.824648,
        "grp_keep": "",
        "grp_cut": "",
        "grp_opening": "",
        "grp_go": "",
        "flg_caution": false,
        "flg_brake": false,
        "flg_finish": false,
        "flg_narrows": false,
        "flg_tightens": false,
        "flg_tightens_late": false,
        "flg_late": false,
        "flg_sudden": false,
        "flg_linked_to_next": false,
        "turn_sides": "right",
        "flg_turn_left": false,
        "flg_turn_right": true,
        "turn_severity_min": 3,
        "turn_severity_max": 3
      }
    },
    {
      "type": "Feature",
      "geometry": {
        "type": "Point",
        "coordinates": [
          2626.074,
          1541.928
        ]
      },
      "properties": {
        "kind": "pacenote",
        "stage": "La Bollène-Vésubie - Turini",
        "reference_track": "col_de_turini",
        "note_index": 209,
        "distance_m": 11786.0,
        "distance_lookup_m": 11616.746,
        "link_to_next": false,
        "notes": [
          "Into",
          "Right2"
        ],
        "notes_text": "Into, Right2",
        "atoms": [
          {
            "kind": "connector",
            "source": "Into",
            "name": "into"
          },
          {
            "kind": "turn",
            "source": "Right2",
            "side": "right",
            "severity": 2
          }
        ],
        "flags": {
          "groups": {
            "keep": null,
            "cut": null,
            "opening": null,
            "go": null
          },
          "bools": {
            "caution": false,
            "brake": false,
            "finish": false,
            "narrows": false,
            "tightens": false,
            "tightens_late": false,
            "late": false,
            "sudden": false
          },
          "linked_to_next": false,
          "turn": {
            "sides": [
              "right"
            ],
            "severity_max": 2,
            "severity_min": 2
          }
        },
        "ref_segment_index": 1743,
        "ref_segment_t": 0.934936,
        "grp_keep": "",
        "grp_cut": "",
        "grp_opening": "",
        "grp_go": "",
        "flg_caution": false,
        "flg_brake": false,
        "flg_finish": false,
        "flg_narrows": false,
        "flg_tightens": false,
        "flg_tightens_late": false,
        "flg_late": false,
        "flg_sudden": false,
        "flg_linked_to_next": false,
        "turn_sides": "right",
        "flg_turn_left": false,
        "flg_turn_right": true,
        "turn_severity_min": 2,
        "turn_severity_max": 2
      }
    },
    {
      "type": "Feature",
      "geometry": {
        "type": "Point",
        "coordinates": [
          2647.802,
          1509.822
        ]
      },
      "properties": {
        "kind": "pacenote",
        "stage": "La Bollène-Vésubie - Turini",
        "reference_track": "col_de_turini",
        "note_index": 210,
        "distance_m": 11829.0,
        "distance_lookup_m": 11659.746,
        "link_to_next": true,
        "notes": [
          "And",
          "Left3"
        ],
        "notes_text": "And, Left3",
        "atoms": [
          {
            "kind": "connector",
            "source": "And",
            "name": "and"
          },
          {
            "kind": "turn",
            "source": "Left3",
            "side": "left",
            "severity": 3
          }
        ],
        "flags": {
          "groups": {
            "keep": null,
            "cut": null,
            "opening": null,
            "go": null
          },
          "bools": {
            "caution": false,
            "brake": false,
            "finish": false,
            "narrows": false,
            "tightens": false,
            "tightens_late": false,
            "late": false,
            "sudden": false
          },
          "linked_to_next": true,
          "turn": {
            "sides": [
              "left"
            ],
            "severity_max": 3,
            "severity_min": 3
          }
        },
        "ref_segment_index": 1751,
        "ref_segment_t": 0.474779,
        "grp_keep": "",
        "grp_cut": "",
        "grp_opening": "",
        "grp_go": "",
        "flg_caution": false,
        "flg_brake": false,
        "flg_finish": false,
        "flg_narrows": false,
        "flg_tightens": false,
        "flg_tightens_late": false,
        "flg_late": false,
        "flg_sudden": false,
        "flg_linked_to_next": true,
        "turn_sides": "left",
        "flg_turn_left": true,
        "flg_turn_right": false,
        "turn_severity_min": 3,
        "turn_severity_max": 3
      }
    },
    {
      "type": "Feature",
      "geometry": {
        "type": "Point",
        "coordinates": [
          2669.57,
          1465.208
        ]
      },
      "properties": {
        "kind": "pacenote",
        "stage": "La Bollène-Vésubie - Turini",
        "reference_track": "col_de_turini",
        "note_index": 211,
        "distance_m": 11882.0,
        "distance_lookup_m": 11712.746,
        "link_to_next": false,
        "notes": [
          "Dist80"
        ],
        "notes_text": "Dist80",
        "atoms": [
          {
            "kind": "distance",
            "source": "Dist80",
            "meters": 80
          }
        ],
        "flags": {
          "groups": {
            "keep": null,
            "cut": null,
            "opening": null,
            "go": null
          },
          "bools": {
            "caution": false,
            "brake": false,
            "finish": false,
            "narrows": false,
            "tightens": false,
            "tightens_late": false,
            "late": false,
            "sudden": false
          },
          "linked_to_next": false,
          "distance_calls_m": [
            80
          ]
        },
        "ref_segment_index": 1758,
        "ref_segment_t": 0.777973,
        "grp_keep": "",
        "grp_cut": "",
        "grp_opening": "",
        "grp_go": "",
        "flg_caution": false,
        "flg_brake": false,
        "flg_finish": false,
        "flg_narrows": false,
        "flg_tightens": false,
        "flg_tightens_late": false,
        "flg_late": false,
        "flg_sudden": false,
        "flg_linked_to_next": false,
        "turn_sides": "",
        "flg_turn_left": false,
        "flg_turn_right": false,
        "distance_calls_m": "80"
      }
    },
    {
      "type": "Feature",
      "geometry": {
        "type": "Point",
        "coordinates": [
          2732.833,
          1420.004
        ]
      },
      "properties": {
        "kind": "pacenote",
        "stage": "La Bollène-Vésubie - Turini",
        "reference_track": "col_de_turini",
        "note_index": 212,
        "distance_m": 11960.0,
        "distance_lookup_m": 11790.746,
        "link_to_next": true,
        "notes": [
          "Caution",
          "Right3",
          "OverCrest"
        ],
        "notes_text": "Caution, Right3, OverCrest",
        "atoms": [
          {
            "kind": "hazard",
            "source": "Caution",
            "name": "caution"
          },
          {
            "kind": "turn",
            "source": "Right3",
            "side": "right",
            "severity": 3
          },
          {
            "kind": "feature",
            "source": "OverCrest",
            "name": "over_crest"
          }
        ],
        "flags": {
          "groups": {
            "keep": null,
            "cut": null,
            "opening": null,
            "go": null
          },
          "bools": {
            "caution": true,
            "brake": false,
            "finish": false,
            "narrows": false,
            "tightens": false,
            "tightens_late": false,
            "late": false,
            "sudden": false
          },
          "linked_to_next": true,
          "turn": {
            "sides": [
              "right"
            ],
            "severity_max": 3,
            "severity_min": 3
          }
        },
        "ref_segment_index": 1767,
        "ref_segment_t": 0.950865,
        "grp_keep": "",
        "grp_cut": "",
        "grp_opening": "",
        "grp_go": "",
        "flg_caution": true,
        "flg_brake": false,
        "flg_finish": false,
        "flg_narrows": false,
        "flg_tightens": false,
        "flg_tightens_late": false,
        "flg_late": false,
        "flg_sudden": false,
        "flg_linked_to_next": true,
        "turn_sides": "right",
        "flg_turn_left": false,
        "flg_turn_right": true,
        "turn_severity_min": 3,
        "turn_severity_max": 3
      }
    },
    {
      "type": "Feature",
      "geometry": {
        "type": "Point",
        "coordinates": [
          2750.275,
          1397.028
        ]
      },
      "properties": {
        "kind": "pacenote",
        "stage": "La Bollène-Vésubie - Turini",
        "reference_track": "col_de_turini",
        "note_index": 213,
        "distance_m": 11990.0,
        "distance_lookup_m": 11820.746,
        "link_to_next": false,
        "notes": [
          "Finish"
        ],
        "notes_text": "Finish",
        "atoms": [
          {
            "kind": "control",
            "source": "Finish",
            "name": "finish"
          }
        ],
        "flags": {
          "groups": {
            "keep": null,
            "cut": null,
            "opening": null,
            "go": null
          },
          "bools": {
            "caution": false,
            "brake": false,
            "finish": true,
            "narrows": false,
            "tightens": false,
            "tightens_late": false,
            "late": false,
            "sudden": false
          },
          "linked_to_next": false
        },
        "ref_segment_index": 1771,
        "ref_segment_t": 0.556971,
        "grp_keep": "",
        "grp_cut": "",
        "grp_opening": "",
        "grp_go": "",
        "flg_caution": false,
        "flg_brake": false,
        "flg_finish": true,
        "flg_narrows": false,
        "flg_tightens": false,
        "flg_tightens_late": false,
        "flg_late": false,
        "flg_sudden": false,
        "flg_linked_to_next": false,
        "turn_sides": "",
        "flg_turn_left": false,
        "flg_turn_right": false
      }
    },
    {
      "type": "Feature",
      "geometry": {
        "type": "Point",
        "coordinates": [
          2761.986,
          1361.008
        ]
      },
      "properties": {
        "kind": "pacenote",
        "stage": "La Bollène-Vésubie - Turini",
        "reference_track": "col_de_turini",
        "note_index": 214,
        "distance_m": 12028.0,
        "distance_lookup_m": 11858.746,
        "link_to_next": false,
        "notes": [
          "Brake",
          "Right3",
          "Long",
          "TightensLate"
        ],
        "notes_text": "Brake, Right3, Long, TightensLate",
        "atoms": [
          {
            "kind": "hazard",
            "source": "Brake",
            "name": "brake"
          },
          {
            "kind": "turn",
            "source": "Right3",
            "side": "right",
            "severity": 3
          },
          {
            "kind": "length",
            "source": "Long",
            "name": "long"
          },
          {
            "kind": "modifier",
            "source": "TightensLate",
            "name": "tightens_late"
          }
        ],
        "flags": {
          "groups": {
            "keep": null,
            "cut": null,
            "opening": null,
            "go": null
          },
          "bools": {
            "caution": false,
            "brake": true,
            "finish": false,
            "narrows": false,
            "tightens": false,
            "tightens_late": true,
            "late": false,
            "sudden": false
          },
          "linked_to_next": false,
          "turn": {
            "sides": [
              "right"
            ],
            "severity_max": 3,
            "severity_min": 3
          }
        },
        "ref_segment_index": 1776,
        "ref_segment_t": 0.405977,
        "grp_keep": "",
        "grp_cut": "",
        "grp_opening": "",
        "grp_go": "",
        "flg_caution": false,
        "flg_brake": true,
        "flg_finish": false,
        "flg_narrows": false,
        "flg_tightens": false,
        "flg_tightens_late": true,
        "flg_late": false,
        "flg_sudden": false,
        "flg_linked_to_next": false,
        "turn_sides": "right",
        "flg_turn_left": false,
        "flg_turn_right": true,
        "turn_severity_min": 3,
        "turn_severity_max": 3
      }
    },
    {
      "type": "Feature",
      "geometry": {
        "type": "Point",
        "coordinates": [
          2621.315,
          1292.021
        ]
      },
      "properties": {
        "kind": "pacenote",
        "stage": "La Bollène-Vésubie - Turini",
        "reference_track": "col_de_turini",
        "note_index": 215,
        "distance_m": 12225.0,
        "distance_lookup_m": 12055.746,
        "link_to_next": false,
        "notes": [
          "SlowDown",
          "And",
          "StopAtMarshals"
        ],
        "notes_text": "SlowDown, And, StopAtMarshals",
        "atoms": [
          {
            "kind": "hazard",
            "source": "SlowDown",
            "name": "slow_down"
          },
          {
            "kind": "connector",
            "source": "And",
            "name": "and"
          },
          {
            "kind": "control",
            "source": "StopAtMarshals",
            "name": "stop_at_marshals"
          }
        ],
        "flags": {
          "groups": {
            "keep": null,
            "cut": null,
            "opening": null,
            "go": null
          },
          "bools": {
            "caution": false,
            "brake": false,
            "finish": false,
            "narrows": false,
            "tightens": false,
            "tightens_late": false,
            "late": false,
            "sudden": false
          },
          "linked_to_next": false
        },
        "ref_segment_index": 1805,
        "ref_segment_t": 0.873498,
        "grp_keep": "",
        "grp_cut": "",
        "grp_opening": "",
        "grp_go": "",
        "flg_caution": false,
        "flg_brake": false,
        "flg_finish": false,
        "flg_narrows": false,
        "flg_tightens": false,
        "flg_tightens_late": false,
        "flg_late": false,
        "flg_sudden": false,
        "flg_linked_to_next": false,
        "turn_sides": "",
        "flg_turn_left": false,
        "flg_turn_right": false
      }
    }
  ]
}
