{
  "type": "FeatureCollection",
  "name": "pacenotes:Peïra Cava - La Bollène-Vésubie",
  "properties": {
    "source_yaml": "c:\\temp\\acc\\vendor\\PacenotePal\\pacenotes\\Peïra Cava - La Bollène-Vésubie.yml",
    "reference_shp": "c:\\temp\\acc\\reference_tracks\\col_de_turini.shp",
    "coordinate_space": "acc_world_zx",
    "swap_xz": true,
    "start_dist_m_offset": 169.254,
    "subtract_start_dist": true,
    "reference_point_count": 2497,
    "reference_station_max_m": 18331.385,
    "pacenote_count": 299,
    "max_pacenote_distance_m": 18545.0,
    "notes_beyond_reference_end": 1,
    "gis_field_schema": {
      "group_fields": {
        "grp_keep": [
          "keep_in",
          "keep_left",
          "keep_middle",
          "keep_out",
          "keep_right"
        ],
        "grp_cut": [
          "cut",
          "dont_cut",
          "small_cut"
        ],
        "grp_opening": [
          "opens",
          "opens_late",
          "widens"
        ],
        "grp_go": [
          "go_left",
          "go_right",
          "go_straight"
        ]
      },
      "bool_fields": [
        "flg_caution",
        "flg_brake",
        "flg_finish",
        "flg_narrows",
        "flg_tightens",
        "flg_tightens_late",
        "flg_late",
        "flg_sudden",
        "flg_linked_to_next",
        "flg_turn_left",
        "flg_turn_right"
      ],
      "notes": {
        "grp_*": "Mutually exclusive categorical flags for QGIS/WebGIS dropdown filters.",
        "flg_*": "Independent boolean flags for checkbox filters and rule-based styling.",
        "turn_sides": "Comma-separated turn sides when a numbered/style turn is present.",
        "notes_text": "Original PacenotePal token sequence for map labels."
      }
    }
  },
  "features": [
    {
      "type": "Feature",
      "geometry": {
        "type": "Point",
        "coordinates": [
          -1998.657,
          2683.743
        ]
      },
      "properties": {
        "kind": "pacenote",
        "stage": "Peïra Cava - La Bollène-Vésubie",
        "reference_track": "col_de_turini",
        "note_index": 0,
        "distance_m": 374.0,
        "distance_lookup_m": 204.746,
        "link_to_next": true,
        "notes": [
          "Left4"
        ],
        "notes_text": "Left4",
        "atoms": [
          {
            "kind": "turn",
            "source": "Left4",
            "side": "left",
            "severity": 4
          }
        ],
        "flags": {
          "groups": {
            "keep": null,
            "cut": null,
            "opening": null,
            "go": null
          },
          "bools": {
            "caution": false,
            "brake": false,
            "finish": false,
            "narrows": false,
            "tightens": false,
            "tightens_late": false,
            "late": false,
            "sudden": false
          },
          "linked_to_next": true,
          "turn": {
            "sides": [
              "left"
            ],
            "severity_max": 4,
            "severity_min": 4
          }
        },
        "ref_segment_index": 95,
        "ref_segment_t": 0.512932,
        "grp_keep": "",
        "grp_cut": "",
        "grp_opening": "",
        "grp_go": "",
        "flg_caution": false,
        "flg_brake": false,
        "flg_finish": false,
        "flg_narrows": false,
        "flg_tightens": false,
        "flg_tightens_late": false,
        "flg_late": false,
        "flg_sudden": false,
        "flg_linked_to_next": true,
        "turn_sides": "left",
        "flg_turn_left": true,
        "flg_turn_right": false,
        "turn_severity_min": 4,
        "turn_severity_max": 4
      }
    },
    {
      "type": "Feature",
      "geometry": {
        "type": "Point",
        "coordinates": [
          -1993.607,
          2639.433
        ]
      },
      "properties": {
        "kind": "pacenote",
        "stage": "Peïra Cava - La Bollène-Vésubie",
        "reference_track": "col_de_turini",
        "note_index": 1,
        "distance_m": 426.0,
        "distance_lookup_m": 256.746,
        "link_to_next": false,
        "notes": [
          "Dist50"
        ],
        "notes_text": "Dist50",
        "atoms": [
          {
            "kind": "distance",
            "source": "Dist50",
            "meters": 50
          }
        ],
        "flags": {
          "groups": {
            "keep": null,
            "cut": null,
            "opening": null,
            "go": null
          },
          "bools": {
            "caution": false,
            "brake": false,
            "finish": false,
            "narrows": false,
            "tightens": false,
            "tightens_late": false,
            "late": false,
            "sudden": false
          },
          "linked_to_next": false,
          "distance_calls_m": [
            50
          ]
        },
        "ref_segment_index": 103,
        "ref_segment_t": 0.978119,
        "grp_keep": "",
        "grp_cut": "",
        "grp_opening": "",
        "grp_go": "",
        "flg_caution": false,
        "flg_brake": false,
        "flg_finish": false,
        "flg_narrows": false,
        "flg_tightens": false,
        "flg_tightens_late": false,
        "flg_late": false,
        "flg_sudden": false,
        "flg_linked_to_next": false,
        "turn_sides": "",
        "flg_turn_left": false,
        "flg_turn_right": false,
        "distance_calls_m": "50"
      }
    },
    {
      "type": "Feature",
      "geometry": {
        "type": "Point",
        "coordinates": [
          -1943.469,
          2621.068
        ]
      },
      "properties": {
        "kind": "pacenote",
        "stage": "Peïra Cava - La Bollène-Vésubie",
        "reference_track": "col_de_turini",
        "note_index": 2,
        "distance_m": 481.0,
        "distance_lookup_m": 311.746,
        "link_to_next": true,
        "notes": [
          "Left4"
        ],
        "notes_text": "Left4",
        "atoms": [
          {
            "kind": "turn",
            "source": "Left4",
            "side": "left",
            "severity": 4
          }
        ],
        "flags": {
          "groups": {
            "keep": null,
            "cut": null,
            "opening": null,
            "go": null
          },
          "bools": {
            "caution": false,
            "brake": false,
            "finish": false,
            "narrows": false,
            "tightens": false,
            "tightens_late": false,
            "late": false,
            "sudden": false
          },
          "linked_to_next": true,
          "turn": {
            "sides": [
              "left"
            ],
            "severity_max": 4,
            "severity_min": 4
          }
        },
        "ref_segment_index": 111,
        "ref_segment_t": 0.600702,
        "grp_keep": "",
        "grp_cut": "",
        "grp_opening": "",
        "grp_go": "",
        "flg_caution": false,
        "flg_brake": false,
        "flg_finish": false,
        "flg_narrows": false,
        "flg_tightens": false,
        "flg_tightens_late": false,
        "flg_late": false,
        "flg_sudden": false,
        "flg_linked_to_next": true,
        "turn_sides": "left",
        "flg_turn_left": true,
        "flg_turn_right": false,
        "turn_severity_min": 4,
        "turn_severity_max": 4
      }
    },
    {
      "type": "Feature",
      "geometry": {
        "type": "Point",
        "coordinates": [
          -1883.68,
          2608.162
        ]
      },
      "properties": {
        "kind": "pacenote",
        "stage": "Peïra Cava - La Bollène-Vésubie",
        "reference_track": "col_de_turini",
        "note_index": 3,
        "distance_m": 544.0,
        "distance_lookup_m": 374.746,
        "link_to_next": false,
        "notes": [
          "And",
          "Right4",
          "Tightens"
        ],
        "notes_text": "And, Right4, Tightens",
        "atoms": [
          {
            "kind": "connector",
            "source": "And",
            "name": "and"
          },
          {
            "kind": "turn",
            "source": "Right4",
            "side": "right",
            "severity": 4
          },
          {
            "kind": "modifier",
            "source": "Tightens",
            "name": "tightens"
          }
        ],
        "flags": {
          "groups": {
            "keep": null,
            "cut": null,
            "opening": null,
            "go": null
          },
          "bools": {
            "caution": false,
            "brake": false,
            "finish": false,
            "narrows": false,
            "tightens": true,
            "tightens_late": false,
            "late": false,
            "sudden": false
          },
          "linked_to_next": false,
          "turn": {
            "sides": [
              "right"
            ],
            "severity_max": 4,
            "severity_min": 4
          }
        },
        "ref_segment_index": 118,
        "ref_segment_t": 0.99084,
        "grp_keep": "",
        "grp_cut": "",
        "grp_opening": "",
        "grp_go": "",
        "flg_caution": false,
        "flg_brake": false,
        "flg_finish": false,
        "flg_narrows": false,
        "flg_tightens": true,
        "flg_tightens_late": false,
        "flg_late": false,
        "flg_sudden": false,
        "flg_linked_to_next": false,
        "turn_sides": "right",
        "flg_turn_left": false,
        "flg_turn_right": true,
        "turn_severity_min": 4,
        "turn_severity_max": 4
      }
    },
    {
      "type": "Feature",
      "geometry": {
        "type": "Point",
        "coordinates": [
          -1867.652,
          2521.454
        ]
      },
      "properties": {
        "kind": "pacenote",
        "stage": "Peïra Cava - La Bollène-Vésubie",
        "reference_track": "col_de_turini",
        "note_index": 4,
        "distance_m": 636.0,
        "distance_lookup_m": 466.746,
        "link_to_next": true,
        "notes": [
          "Right5"
        ],
        "notes_text": "Right5",
        "atoms": [
          {
            "kind": "turn",
            "source": "Right5",
            "side": "right",
            "severity": 5
          }
        ],
        "flags": {
          "groups": {
            "keep": null,
            "cut": null,
            "opening": null,
            "go": null
          },
          "bools": {
            "caution": false,
            "brake": false,
            "finish": false,
            "narrows": false,
            "tightens": false,
            "tightens_late": false,
            "late": false,
            "sudden": false
          },
          "linked_to_next": true,
          "turn": {
            "sides": [
              "right"
            ],
            "severity_max": 5,
            "severity_min": 5
          }
        },
        "ref_segment_index": 132,
        "ref_segment_t": 0.436695,
        "grp_keep": "",
        "grp_cut": "",
        "grp_opening": "",
        "grp_go": "",
        "flg_caution": false,
        "flg_brake": false,
        "flg_finish": false,
        "flg_narrows": false,
        "flg_tightens": false,
        "flg_tightens_late": false,
        "flg_late": false,
        "flg_sudden": false,
        "flg_linked_to_next": true,
        "turn_sides": "right",
        "flg_turn_left": false,
        "flg_turn_right": true,
        "turn_severity_min": 5,
        "turn_severity_max": 5
      }
    },
    {
      "type": "Feature",
      "geometry": {
        "type": "Point",
        "coordinates": [
          -1872.506,
          2483.958
        ]
      },
      "properties": {
        "kind": "pacenote",
        "stage": "Peïra Cava - La Bollène-Vésubie",
        "reference_track": "col_de_turini",
        "note_index": 5,
        "distance_m": 674.0,
        "distance_lookup_m": 504.746,
        "link_to_next": false,
        "notes": [
          "Dist90",
          "OverCrest"
        ],
        "notes_text": "Dist90, OverCrest",
        "atoms": [
          {
            "kind": "distance",
            "source": "Dist90",
            "meters": 90
          },
          {
            "kind": "feature",
            "source": "OverCrest",
            "name": "over_crest"
          }
        ],
        "flags": {
          "groups": {
            "keep": null,
            "cut": null,
            "opening": null,
            "go": null
          },
          "bools": {
            "caution": false,
            "brake": false,
            "finish": false,
            "narrows": false,
            "tightens": false,
            "tightens_late": false,
            "late": false,
            "sudden": false
          },
          "linked_to_next": false,
          "distance_calls_m": [
            90
          ]
        },
        "ref_segment_index": 136,
        "ref_segment_t": 0.789781,
        "grp_keep": "",
        "grp_cut": "",
        "grp_opening": "",
        "grp_go": "",
        "flg_caution": false,
        "flg_brake": false,
        "flg_finish": false,
        "flg_narrows": false,
        "flg_tightens": false,
        "flg_tightens_late": false,
        "flg_late": false,
        "flg_sudden": false,
        "flg_linked_to_next": false,
        "turn_sides": "",
        "flg_turn_left": false,
        "flg_turn_right": false,
        "distance_calls_m": "90"
      }
    },
    {
      "type": "Feature",
      "geometry": {
        "type": "Point",
        "coordinates": [
          -1861.228,
          2391.357
        ]
      },
      "properties": {
        "kind": "pacenote",
        "stage": "Peïra Cava - La Bollène-Vésubie",
        "reference_track": "col_de_turini",
        "note_index": 6,
        "distance_m": 768.0,
        "distance_lookup_m": 598.746,
        "link_to_next": true,
        "notes": [
          "Right6"
        ],
        "notes_text": "Right6",
        "atoms": [
          {
            "kind": "turn",
            "source": "Right6",
            "side": "right",
            "severity": 6
          }
        ],
        "flags": {
          "groups": {
            "keep": null,
            "cut": null,
            "opening": null,
            "go": null
          },
          "bools": {
            "caution": false,
            "brake": false,
            "finish": false,
            "narrows": false,
            "tightens": false,
            "tightens_late": false,
            "late": false,
            "sudden": false
          },
          "linked_to_next": true,
          "turn": {
            "sides": [
              "right"
            ],
            "severity_max": 6,
            "severity_min": 6
          }
        },
        "ref_segment_index": 145,
        "ref_segment_t": 0.768972,
        "grp_keep": "",
        "grp_cut": "",
        "grp_opening": "",
        "grp_go": "",
        "flg_caution": false,
        "flg_brake": false,
        "flg_finish": false,
        "flg_narrows": false,
        "flg_tightens": false,
        "flg_tightens_late": false,
        "flg_late": false,
        "flg_sudden": false,
        "flg_linked_to_next": true,
        "turn_sides": "right",
        "flg_turn_left": false,
        "flg_turn_right": true,
        "turn_severity_min": 6,
        "turn_severity_max": 6
      }
    },
    {
      "type": "Feature",
      "geometry": {
        "type": "Point",
        "coordinates": [
          -1857.873,
          2353.709
        ]
      },
      "properties": {
        "kind": "pacenote",
        "stage": "Peïra Cava - La Bollène-Vésubie",
        "reference_track": "col_de_turini",
        "note_index": 7,
        "distance_m": 806.0,
        "distance_lookup_m": 636.746,
        "link_to_next": false,
        "notes": [
          "Dist70"
        ],
        "notes_text": "Dist70",
        "atoms": [
          {
            "kind": "distance",
            "source": "Dist70",
            "meters": 70
          }
        ],
        "flags": {
          "groups": {
            "keep": null,
            "cut": null,
            "opening": null,
            "go": null
          },
          "bools": {
            "caution": false,
            "brake": false,
            "finish": false,
            "narrows": false,
            "tightens": false,
            "tightens_late": false,
            "late": false,
            "sudden": false
          },
          "linked_to_next": false,
          "distance_calls_m": [
            70
          ]
        },
        "ref_segment_index": 149,
        "ref_segment_t": 0.077889,
        "grp_keep": "",
        "grp_cut": "",
        "grp_opening": "",
        "grp_go": "",
        "flg_caution": false,
        "flg_brake": false,
        "flg_finish": false,
        "flg_narrows": false,
        "flg_tightens": false,
        "flg_tightens_late": false,
        "flg_late": false,
        "flg_sudden": false,
        "flg_linked_to_next": false,
        "turn_sides": "",
        "flg_turn_left": false,
        "flg_turn_right": false,
        "distance_calls_m": "70"
      }
    },
    {
      "type": "Feature",
      "geometry": {
        "type": "Point",
        "coordinates": [
          -1849.9,
          2286.932
        ]
      },
      "properties": {
        "kind": "pacenote",
        "stage": "Peïra Cava - La Bollène-Vésubie",
        "reference_track": "col_de_turini",
        "note_index": 8,
        "distance_m": 874.0,
        "distance_lookup_m": 704.746,
        "link_to_next": true,
        "notes": [
          "Left5",
          "Long",
          "OverCrest"
        ],
        "notes_text": "Left5, Long, OverCrest",
        "atoms": [
          {
            "kind": "turn",
            "source": "Left5",
            "side": "left",
            "severity": 5
          },
          {
            "kind": "length",
            "source": "Long",
            "name": "long"
          },
          {
            "kind": "feature",
            "source": "OverCrest",
            "name": "over_crest"
          }
        ],
        "flags": {
          "groups": {
            "keep": null,
            "cut": null,
            "opening": null,
            "go": null
          },
          "bools": {
            "caution": false,
            "brake": false,
            "finish": false,
            "narrows": false,
            "tightens": false,
            "tightens_late": false,
            "late": false,
            "sudden": false
          },
          "linked_to_next": true,
          "turn": {
            "sides": [
              "left"
            ],
            "severity_max": 5,
            "severity_min": 5
          }
        },
        "ref_segment_index": 154,
        "ref_segment_t": 0.916457,
        "grp_keep": "",
        "grp_cut": "",
        "grp_opening": "",
        "grp_go": "",
        "flg_caution": false,
        "flg_brake": false,
        "flg_finish": false,
        "flg_narrows": false,
        "flg_tightens": false,
        "flg_tightens_late": false,
        "flg_late": false,
        "flg_sudden": false,
        "flg_linked_to_next": true,
        "turn_sides": "left",
        "flg_turn_left": true,
        "flg_turn_right": false,
        "turn_severity_min": 5,
        "turn_severity_max": 5
      }
    },
    {
      "type": "Feature",
      "geometry": {
        "type": "Point",
        "coordinates": [
          -1837.562,
          2178.529
        ]
      },
      "properties": {
        "kind": "pacenote",
        "stage": "Peïra Cava - La Bollène-Vésubie",
        "reference_track": "col_de_turini",
        "note_index": 9,
        "distance_m": 985.0,
        "distance_lookup_m": 815.746,
        "link_to_next": false,
        "notes": [
          "Dist200"
        ],
        "notes_text": "Dist200",
        "atoms": [
          {
            "kind": "distance",
            "source": "Dist200",
            "meters": 200
          }
        ],
        "flags": {
          "groups": {
            "keep": null,
            "cut": null,
            "opening": null,
            "go": null
          },
          "bools": {
            "caution": false,
            "brake": false,
            "finish": false,
            "narrows": false,
            "tightens": false,
            "tightens_late": false,
            "late": false,
            "sudden": false
          },
          "linked_to_next": false,
          "distance_calls_m": [
            200
          ]
        },
        "ref_segment_index": 165,
        "ref_segment_t": 0.62348,
        "grp_keep": "",
        "grp_cut": "",
        "grp_opening": "",
        "grp_go": "",
        "flg_caution": false,
        "flg_brake": false,
        "flg_finish": false,
        "flg_narrows": false,
        "flg_tightens": false,
        "flg_tightens_late": false,
        "flg_late": false,
        "flg_sudden": false,
        "flg_linked_to_next": false,
        "turn_sides": "",
        "flg_turn_left": false,
        "flg_turn_right": false,
        "distance_calls_m": "200"
      }
    },
    {
      "type": "Feature",
      "geometry": {
        "type": "Point",
        "coordinates": [
          -1797.177,
          2065.747
        ]
      },
      "properties": {
        "kind": "pacenote",
        "stage": "Peïra Cava - La Bollène-Vésubie",
        "reference_track": "col_de_turini",
        "note_index": 10,
        "distance_m": 1204.0,
        "distance_lookup_m": 1034.746,
        "link_to_next": true,
        "notes": [
          "Left6"
        ],
        "notes_text": "Left6",
        "atoms": [
          {
            "kind": "turn",
            "source": "Left6",
            "side": "left",
            "severity": 6
          }
        ],
        "flags": {
          "groups": {
            "keep": null,
            "cut": null,
            "opening": null,
            "go": null
          },
          "bools": {
            "caution": false,
            "brake": false,
            "finish": false,
            "narrows": false,
            "tightens": false,
            "tightens_late": false,
            "late": false,
            "sudden": false
          },
          "linked_to_next": true,
          "turn": {
            "sides": [
              "left"
            ],
            "severity_max": 6,
            "severity_min": 6
          }
        },
        "ref_segment_index": 196,
        "ref_segment_t": 0.499224,
        "grp_keep": "",
        "grp_cut": "",
        "grp_opening": "",
        "grp_go": "",
        "flg_caution": false,
        "flg_brake": false,
        "flg_finish": false,
        "flg_narrows": false,
        "flg_tightens": false,
        "flg_tightens_late": false,
        "flg_late": false,
        "flg_sudden": false,
        "flg_linked_to_next": true,
        "turn_sides": "left",
        "flg_turn_left": true,
        "flg_turn_right": false,
        "turn_severity_min": 6,
        "turn_severity_max": 6
      }
    },
    {
      "type": "Feature",
      "geometry": {
        "type": "Point",
        "coordinates": [
          -1755.03,
          2082.218
        ]
      },
      "properties": {
        "kind": "pacenote",
        "stage": "Peïra Cava - La Bollène-Vésubie",
        "reference_track": "col_de_turini",
        "note_index": 11,
        "distance_m": 1250.0,
        "distance_lookup_m": 1080.746,
        "link_to_next": false,
        "notes": [
          "Dist70"
        ],
        "notes_text": "Dist70",
        "atoms": [
          {
            "kind": "distance",
            "source": "Dist70",
            "meters": 70
          }
        ],
        "flags": {
          "groups": {
            "keep": null,
            "cut": null,
            "opening": null,
            "go": null
          },
          "bools": {
            "caution": false,
            "brake": false,
            "finish": false,
            "narrows": false,
            "tightens": false,
            "tightens_late": false,
            "late": false,
            "sudden": false
          },
          "linked_to_next": false,
          "distance_calls_m": [
            70
          ]
        },
        "ref_segment_index": 202,
        "ref_segment_t": 0.768285,
        "grp_keep": "",
        "grp_cut": "",
        "grp_opening": "",
        "grp_go": "",
        "flg_caution": false,
        "flg_brake": false,
        "flg_finish": false,
        "flg_narrows": false,
        "flg_tightens": false,
        "flg_tightens_late": false,
        "flg_late": false,
        "flg_sudden": false,
        "flg_linked_to_next": false,
        "turn_sides": "",
        "flg_turn_left": false,
        "flg_turn_right": false,
        "distance_calls_m": "70"
      }
    },
    {
      "type": "Feature",
      "geometry": {
        "type": "Point",
        "coordinates": [
          -1689.596,
          2068.604
        ]
      },
      "properties": {
        "kind": "pacenote",
        "stage": "Peïra Cava - La Bollène-Vésubie",
        "reference_track": "col_de_turini",
        "note_index": 12,
        "distance_m": 1325.0,
        "distance_lookup_m": 1155.746,
        "link_to_next": true,
        "notes": [
          "Left4"
        ],
        "notes_text": "Left4",
        "atoms": [
          {
            "kind": "turn",
            "source": "Left4",
            "side": "left",
            "severity": 4
          }
        ],
        "flags": {
          "groups": {
            "keep": null,
            "cut": null,
            "opening": null,
            "go": null
          },
          "bools": {
            "caution": false,
            "brake": false,
            "finish": false,
            "narrows": false,
            "tightens": false,
            "tightens_late": false,
            "late": false,
            "sudden": false
          },
          "linked_to_next": true,
          "turn": {
            "sides": [
              "left"
            ],
            "severity_max": 4,
            "severity_min": 4
          }
        },
        "ref_segment_index": 214,
        "ref_segment_t": 0.258473,
        "grp_keep": "",
        "grp_cut": "",
        "grp_opening": "",
        "grp_go": "",
        "flg_caution": false,
        "flg_brake": false,
        "flg_finish": false,
        "flg_narrows": false,
        "flg_tightens": false,
        "flg_tightens_late": false,
        "flg_late": false,
        "flg_sudden": false,
        "flg_linked_to_next": true,
        "turn_sides": "left",
        "flg_turn_left": true,
        "flg_turn_right": false,
        "turn_severity_min": 4,
        "turn_severity_max": 4
      }
    },
    {
      "type": "Feature",
      "geometry": {
        "type": "Point",
        "coordinates": [
          -1625.401,
          2035.801
        ]
      },
      "properties": {
        "kind": "pacenote",
        "stage": "Peïra Cava - La Bollène-Vésubie",
        "reference_track": "col_de_turini",
        "note_index": 13,
        "distance_m": 1412.0,
        "distance_lookup_m": 1242.746,
        "link_to_next": false,
        "notes": [
          "And",
          "Right5",
          "Brake"
        ],
        "notes_text": "And, Right5, Brake",
        "atoms": [
          {
            "kind": "connector",
            "source": "And",
            "name": "and"
          },
          {
            "kind": "turn",
            "source": "Right5",
            "side": "right",
            "severity": 5
          },
          {
            "kind": "hazard",
            "source": "Brake",
            "name": "brake"
          }
        ],
        "flags": {
          "groups": {
            "keep": null,
            "cut": null,
            "opening": null,
            "go": null
          },
          "bools": {
            "caution": false,
            "brake": true,
            "finish": false,
            "narrows": false,
            "tightens": false,
            "tightens_late": false,
            "late": false,
            "sudden": false
          },
          "linked_to_next": false,
          "turn": {
            "sides": [
              "right"
            ],
            "severity_max": 5,
            "severity_min": 5
          }
        },
        "ref_segment_index": 228,
        "ref_segment_t": 0.619396,
        "grp_keep": "",
        "grp_cut": "",
        "grp_opening": "",
        "grp_go": "",
        "flg_caution": false,
        "flg_brake": true,
        "flg_finish": false,
        "flg_narrows": false,
        "flg_tightens": false,
        "flg_tightens_late": false,
        "flg_late": false,
        "flg_sudden": false,
        "flg_linked_to_next": false,
        "turn_sides": "right",
        "flg_turn_left": false,
        "flg_turn_right": true,
        "turn_severity_min": 5,
        "turn_severity_max": 5
      }
    },
    {
      "type": "Feature",
      "geometry": {
        "type": "Point",
        "coordinates": [
          -1574.934,
          2066.597
        ]
      },
      "properties": {
        "kind": "pacenote",
        "stage": "Peïra Cava - La Bollène-Vésubie",
        "reference_track": "col_de_turini",
        "note_index": 14,
        "distance_m": 1472.0,
        "distance_lookup_m": 1302.746,
        "link_to_next": true,
        "notes": [
          "Into",
          "Right1",
          "Late"
        ],
        "notes_text": "Into, Right1, Late",
        "atoms": [
          {
            "kind": "connector",
            "source": "Into",
            "name": "into"
          },
          {
            "kind": "turn",
            "source": "Right1",
            "side": "right",
            "severity": 1
          },
          {
            "kind": "modifier",
            "source": "Late",
            "name": "late"
          }
        ],
        "flags": {
          "groups": {
            "keep": null,
            "cut": null,
            "opening": null,
            "go": null
          },
          "bools": {
            "caution": false,
            "brake": false,
            "finish": false,
            "narrows": false,
            "tightens": false,
            "tightens_late": false,
            "late": true,
            "sudden": false
          },
          "linked_to_next": true,
          "turn": {
            "sides": [
              "right"
            ],
            "severity_max": 1,
            "severity_min": 1
          }
        },
        "ref_segment_index": 237,
        "ref_segment_t": 0.432826,
        "grp_keep": "",
        "grp_cut": "",
        "grp_opening": "",
        "grp_go": "",
        "flg_caution": false,
        "flg_brake": false,
        "flg_finish": false,
        "flg_narrows": false,
        "flg_tightens": false,
        "flg_tightens_late": false,
        "flg_late": true,
        "flg_sudden": false,
        "flg_linked_to_next": true,
        "turn_sides": "right",
        "flg_turn_left": false,
        "flg_turn_right": true,
        "turn_severity_min": 1,
        "turn_severity_max": 1
      }
    },
    {
      "type": "Feature",
      "geometry": {
        "type": "Point",
        "coordinates": [
          -1521.344,
          2081.371
        ]
      },
      "properties": {
        "kind": "pacenote",
        "stage": "Peïra Cava - La Bollène-Vésubie",
        "reference_track": "col_de_turini",
        "note_index": 15,
        "distance_m": 1531.0,
        "distance_lookup_m": 1361.746,
        "link_to_next": false,
        "notes": [
          "Dist60"
        ],
        "notes_text": "Dist60",
        "atoms": [
          {
            "kind": "distance",
            "source": "Dist60",
            "meters": 60
          }
        ],
        "flags": {
          "groups": {
            "keep": null,
            "cut": null,
            "opening": null,
            "go": null
          },
          "bools": {
            "caution": false,
            "brake": false,
            "finish": false,
            "narrows": false,
            "tightens": false,
            "tightens_late": false,
            "late": false,
            "sudden": false
          },
          "linked_to_next": false,
          "distance_calls_m": [
            60
          ]
        },
        "ref_segment_index": 245,
        "ref_segment_t": 0.894479,
        "grp_keep": "",
        "grp_cut": "",
        "grp_opening": "",
        "grp_go": "",
        "flg_caution": false,
        "flg_brake": false,
        "flg_finish": false,
        "flg_narrows": false,
        "flg_tightens": false,
        "flg_tightens_late": false,
        "flg_late": false,
        "flg_sudden": false,
        "flg_linked_to_next": false,
        "turn_sides": "",
        "flg_turn_left": false,
        "flg_turn_right": false,
        "distance_calls_m": "60"
      }
    },
    {
      "type": "Feature",
      "geometry": {
        "type": "Point",
        "coordinates": [
          -1462.414,
          2074.481
        ]
      },
      "properties": {
        "kind": "pacenote",
        "stage": "Peïra Cava - La Bollène-Vésubie",
        "reference_track": "col_de_turini",
        "note_index": 16,
        "distance_m": 1593.0,
        "distance_lookup_m": 1423.746,
        "link_to_next": false,
        "notes": [
          "Left4"
        ],
        "notes_text": "Left4",
        "atoms": [
          {
            "kind": "turn",
            "source": "Left4",
            "side": "left",
            "severity": 4
          }
        ],
        "flags": {
          "groups": {
            "keep": null,
            "cut": null,
            "opening": null,
            "go": null
          },
          "bools": {
            "caution": false,
            "brake": false,
            "finish": false,
            "narrows": false,
            "tightens": false,
            "tightens_late": false,
            "late": false,
            "sudden": false
          },
          "linked_to_next": false,
          "turn": {
            "sides": [
              "left"
            ],
            "severity_max": 4,
            "severity_min": 4
          }
        },
        "ref_segment_index": 254,
        "ref_segment_t": 0.463999,
        "grp_keep": "",
        "grp_cut": "",
        "grp_opening": "",
        "grp_go": "",
        "flg_caution": false,
        "flg_brake": false,
        "flg_finish": false,
        "flg_narrows": false,
        "flg_tightens": false,
        "flg_tightens_late": false,
        "flg_late": false,
        "flg_sudden": false,
        "flg_linked_to_next": false,
        "turn_sides": "left",
        "flg_turn_left": true,
        "flg_turn_right": false,
        "turn_severity_min": 4,
        "turn_severity_max": 4
      }
    },
    {
      "type": "Feature",
      "geometry": {
        "type": "Point",
        "coordinates": [
          -1403.773,
          2051.678
        ]
      },
      "properties": {
        "kind": "pacenote",
        "stage": "Peïra Cava - La Bollène-Vésubie",
        "reference_track": "col_de_turini",
        "note_index": 17,
        "distance_m": 1673.0,
        "distance_lookup_m": 1503.746,
        "link_to_next": true,
        "notes": [
          "Right4",
          "Short"
        ],
        "notes_text": "Right4, Short",
        "atoms": [
          {
            "kind": "turn",
            "source": "Right4",
            "side": "right",
            "severity": 4
          },
          {
            "kind": "length",
            "source": "Short",
            "name": "short"
          }
        ],
        "flags": {
          "groups": {
            "keep": null,
            "cut": null,
            "opening": null,
            "go": null
          },
          "bools": {
            "caution": false,
            "brake": false,
            "finish": false,
            "narrows": false,
            "tightens": false,
            "tightens_late": false,
            "late": false,
            "sudden": false
          },
          "linked_to_next": true,
          "turn": {
            "sides": [
              "right"
            ],
            "severity_max": 4,
            "severity_min": 4
          }
        },
        "ref_segment_index": 269,
        "ref_segment_t": 0.720764,
        "grp_keep": "",
        "grp_cut": "",
        "grp_opening": "",
        "grp_go": "",
        "flg_caution": false,
        "flg_brake": false,
        "flg_finish": false,
        "flg_narrows": false,
        "flg_tightens": false,
        "flg_tightens_late": false,
        "flg_late": false,
        "flg_sudden": false,
        "flg_linked_to_next": true,
        "turn_sides": "right",
        "flg_turn_left": false,
        "flg_turn_right": true,
        "turn_severity_min": 4,
        "turn_severity_max": 4
      }
    },
    {
      "type": "Feature",
      "geometry": {
        "type": "Point",
        "coordinates": [
          -1393.257,
          2012.805
        ]
      },
      "properties": {
        "kind": "pacenote",
        "stage": "Peïra Cava - La Bollène-Vésubie",
        "reference_track": "col_de_turini",
        "note_index": 18,
        "distance_m": 1717.0,
        "distance_lookup_m": 1547.746,
        "link_to_next": true,
        "notes": [
          "And",
          "Left4",
          "Short"
        ],
        "notes_text": "And, Left4, Short",
        "atoms": [
          {
            "kind": "connector",
            "source": "And",
            "name": "and"
          },
          {
            "kind": "turn",
            "source": "Left4",
            "side": "left",
            "severity": 4
          },
          {
            "kind": "length",
            "source": "Short",
            "name": "short"
          }
        ],
        "flags": {
          "groups": {
            "keep": null,
            "cut": null,
            "opening": null,
            "go": null
          },
          "bools": {
            "caution": false,
            "brake": false,
            "finish": false,
            "narrows": false,
            "tightens": false,
            "tightens_late": false,
            "late": false,
            "sudden": false
          },
          "linked_to_next": true,
          "turn": {
            "sides": [
              "left"
            ],
            "severity_max": 4,
            "severity_min": 4
          }
        },
        "ref_segment_index": 278,
        "ref_segment_t": 0.669092,
        "grp_keep": "",
        "grp_cut": "",
        "grp_opening": "",
        "grp_go": "",
        "flg_caution": false,
        "flg_brake": false,
        "flg_finish": false,
        "flg_narrows": false,
        "flg_tightens": false,
        "flg_tightens_late": false,
        "flg_late": false,
        "flg_sudden": false,
        "flg_linked_to_next": true,
        "turn_sides": "left",
        "flg_turn_left": true,
        "flg_turn_right": false,
        "turn_severity_min": 4,
        "turn_severity_max": 4
      }
    },
    {
      "type": "Feature",
      "geometry": {
        "type": "Point",
        "coordinates": [
          -1371.278,
          1983.592
        ]
      },
      "properties": {
        "kind": "pacenote",
        "stage": "Peïra Cava - La Bollène-Vésubie",
        "reference_track": "col_de_turini",
        "note_index": 19,
        "distance_m": 1754.0,
        "distance_lookup_m": 1584.746,
        "link_to_next": false,
        "notes": [
          "Dist100",
          "OverCrest"
        ],
        "notes_text": "Dist100, OverCrest",
        "atoms": [
          {
            "kind": "distance",
            "source": "Dist100",
            "meters": 100
          },
          {
            "kind": "feature",
            "source": "OverCrest",
            "name": "over_crest"
          }
        ],
        "flags": {
          "groups": {
            "keep": null,
            "cut": null,
            "opening": null,
            "go": null
          },
          "bools": {
            "caution": false,
            "brake": false,
            "finish": false,
            "narrows": false,
            "tightens": false,
            "tightens_late": false,
            "late": false,
            "sudden": false
          },
          "linked_to_next": false,
          "distance_calls_m": [
            100
          ]
        },
        "ref_segment_index": 284,
        "ref_segment_t": 0.163408,
        "grp_keep": "",
        "grp_cut": "",
        "grp_opening": "",
        "grp_go": "",
        "flg_caution": false,
        "flg_brake": false,
        "flg_finish": false,
        "flg_narrows": false,
        "flg_tightens": false,
        "flg_tightens_late": false,
        "flg_late": false,
        "flg_sudden": false,
        "flg_linked_to_next": false,
        "turn_sides": "",
        "flg_turn_left": false,
        "flg_turn_right": false,
        "distance_calls_m": "100"
      }
    },
    {
      "type": "Feature",
      "geometry": {
        "type": "Point",
        "coordinates": [
          -1293.394,
          1909.156
        ]
      },
      "properties": {
        "kind": "pacenote",
        "stage": "Peïra Cava - La Bollène-Vésubie",
        "reference_track": "col_de_turini",
        "note_index": 20,
        "distance_m": 1869.0,
        "distance_lookup_m": 1699.746,
        "link_to_next": false,
        "notes": [
          "Left4",
          "Tightens",
          "KeepIn"
        ],
        "notes_text": "Left4, Tightens, KeepIn",
        "atoms": [
          {
            "kind": "turn",
            "source": "Left4",
            "side": "left",
            "severity": 4
          },
          {
            "kind": "modifier",
            "source": "Tightens",
            "name": "tightens"
          },
          {
            "kind": "modifier",
            "source": "KeepIn",
            "name": "keep_in"
          }
        ],
        "flags": {
          "groups": {
            "keep": "keep_in",
            "cut": null,
            "opening": null,
            "go": null
          },
          "bools": {
            "caution": false,
            "brake": false,
            "finish": false,
            "narrows": false,
            "tightens": true,
            "tightens_late": false,
            "late": false,
            "sudden": false
          },
          "linked_to_next": false,
          "turn": {
            "sides": [
              "left"
            ],
            "severity_max": 4,
            "severity_min": 4
          }
        },
        "ref_segment_index": 300,
        "ref_segment_t": 0.07775,
        "grp_keep": "keep_in",
        "grp_cut": "",
        "grp_opening": "",
        "grp_go": "",
        "flg_caution": false,
        "flg_brake": false,
        "flg_finish": false,
        "flg_narrows": false,
        "flg_tightens": true,
        "flg_tightens_late": false,
        "flg_late": false,
        "flg_sudden": false,
        "flg_linked_to_next": false,
        "turn_sides": "left",
        "flg_turn_left": true,
        "flg_turn_right": false,
        "turn_severity_min": 4,
        "turn_severity_max": 4
      }
    },
    {
      "type": "Feature",
      "geometry": {
        "type": "Point",
        "coordinates": [
          -1326.28,
          1828.067
        ]
      },
      "properties": {
        "kind": "pacenote",
        "stage": "Peïra Cava - La Bollène-Vésubie",
        "reference_track": "col_de_turini",
        "note_index": 21,
        "distance_m": 1961.0,
        "distance_lookup_m": 1791.746,
        "link_to_next": true,
        "notes": [
          "Right4"
        ],
        "notes_text": "Right4",
        "atoms": [
          {
            "kind": "turn",
            "source": "Right4",
            "side": "right",
            "severity": 4
          }
        ],
        "flags": {
          "groups": {
            "keep": null,
            "cut": null,
            "opening": null,
            "go": null
          },
          "bools": {
            "caution": false,
            "brake": false,
            "finish": false,
            "narrows": false,
            "tightens": false,
            "tightens_late": false,
            "late": false,
            "sudden": false
          },
          "linked_to_next": true,
          "turn": {
            "sides": [
              "right"
            ],
            "severity_max": 4,
            "severity_min": 4
          }
        },
        "ref_segment_index": 312,
        "ref_segment_t": 0.435537,
        "grp_keep": "",
        "grp_cut": "",
        "grp_opening": "",
        "grp_go": "",
        "flg_caution": false,
        "flg_brake": false,
        "flg_finish": false,
        "flg_narrows": false,
        "flg_tightens": false,
        "flg_tightens_late": false,
        "flg_late": false,
        "flg_sudden": false,
        "flg_linked_to_next": true,
        "turn_sides": "right",
        "flg_turn_left": false,
        "flg_turn_right": true,
        "turn_severity_min": 4,
        "turn_severity_max": 4
      }
    },
    {
      "type": "Feature",
      "geometry": {
        "type": "Point",
        "coordinates": [
          -1312.221,
          1792.032
        ]
      },
      "properties": {
        "kind": "pacenote",
        "stage": "Peïra Cava - La Bollène-Vésubie",
        "reference_track": "col_de_turini",
        "note_index": 22,
        "distance_m": 2040.0,
        "distance_lookup_m": 1870.746,
        "link_to_next": false,
        "notes": [
          "And",
          "Left4",
          "OverCrest"
        ],
        "notes_text": "And, Left4, OverCrest",
        "atoms": [
          {
            "kind": "connector",
            "source": "And",
            "name": "and"
          },
          {
            "kind": "turn",
            "source": "Left4",
            "side": "left",
            "severity": 4
          },
          {
            "kind": "feature",
            "source": "OverCrest",
            "name": "over_crest"
          }
        ],
        "flags": {
          "groups": {
            "keep": null,
            "cut": null,
            "opening": null,
            "go": null
          },
          "bools": {
            "caution": false,
            "brake": false,
            "finish": false,
            "narrows": false,
            "tightens": false,
            "tightens_late": false,
            "late": false,
            "sudden": false
          },
          "linked_to_next": false,
          "turn": {
            "sides": [
              "left"
            ],
            "severity_max": 4,
            "severity_min": 4
          }
        },
        "ref_segment_index": 330,
        "ref_segment_t": 0.361092,
        "grp_keep": "",
        "grp_cut": "",
        "grp_opening": "",
        "grp_go": "",
        "flg_caution": false,
        "flg_brake": false,
        "flg_finish": false,
        "flg_narrows": false,
        "flg_tightens": false,
        "flg_tightens_late": false,
        "flg_late": false,
        "flg_sudden": false,
        "flg_linked_to_next": false,
        "turn_sides": "left",
        "flg_turn_left": true,
        "flg_turn_right": false,
        "turn_severity_min": 4,
        "turn_severity_max": 4
      }
    },
    {
      "type": "Feature",
      "geometry": {
        "type": "Point",
        "coordinates": [
          -1217.66,
          1786.048
        ]
      },
      "properties": {
        "kind": "pacenote",
        "stage": "Peïra Cava - La Bollène-Vésubie",
        "reference_track": "col_de_turini",
        "note_index": 23,
        "distance_m": 2141.0,
        "distance_lookup_m": 1971.746,
        "link_to_next": true,
        "notes": [
          "Pause0.1s_Reset",
          "And",
          "Right5",
          "Long"
        ],
        "notes_text": "Pause0.1s_Reset, And, Right5, Long",
        "atoms": [
          {
            "kind": "pause",
            "source": "Pause0.1s_Reset",
            "seconds": 0.1,
            "reset": true
          },
          {
            "kind": "connector",
            "source": "And",
            "name": "and"
          },
          {
            "kind": "turn",
            "source": "Right5",
            "side": "right",
            "severity": 5
          },
          {
            "kind": "length",
            "source": "Long",
            "name": "long"
          }
        ],
        "flags": {
          "groups": {
            "keep": null,
            "cut": null,
            "opening": null,
            "go": null
          },
          "bools": {
            "caution": false,
            "brake": false,
            "finish": false,
            "narrows": false,
            "tightens": false,
            "tightens_late": false,
            "late": false,
            "sudden": false
          },
          "linked_to_next": true,
          "turn": {
            "sides": [
              "right"
            ],
            "severity_max": 5,
            "severity_min": 5
          },
          "pause_seconds": [
            0.1
          ]
        },
        "ref_segment_index": 345,
        "ref_segment_t": 0.031589,
        "grp_keep": "",
        "grp_cut": "",
        "grp_opening": "",
        "grp_go": "",
        "flg_caution": false,
        "flg_brake": false,
        "flg_finish": false,
        "flg_narrows": false,
        "flg_tightens": false,
        "flg_tightens_late": false,
        "flg_late": false,
        "flg_sudden": false,
        "flg_linked_to_next": true,
        "turn_sides": "right",
        "flg_turn_left": false,
        "flg_turn_right": true,
        "turn_severity_min": 5,
        "turn_severity_max": 5,
        "pause_seconds": "0.1"
      }
    },
    {
      "type": "Feature",
      "geometry": {
        "type": "Point",
        "coordinates": [
          -1144.407,
          1896.598
        ]
      },
      "properties": {
        "kind": "pacenote",
        "stage": "Peïra Cava - La Bollène-Vésubie",
        "reference_track": "col_de_turini",
        "note_index": 24,
        "distance_m": 2280.0,
        "distance_lookup_m": 2110.746,
        "link_to_next": true,
        "notes": [
          "And",
          "Left5",
          "Short"
        ],
        "notes_text": "And, Left5, Short",
        "atoms": [
          {
            "kind": "connector",
            "source": "And",
            "name": "and"
          },
          {
            "kind": "turn",
            "source": "Left5",
            "side": "left",
            "severity": 5
          },
          {
            "kind": "length",
            "source": "Short",
            "name": "short"
          }
        ],
        "flags": {
          "groups": {
            "keep": null,
            "cut": null,
            "opening": null,
            "go": null
          },
          "bools": {
            "caution": false,
            "brake": false,
            "finish": false,
            "narrows": false,
            "tightens": false,
            "tightens_late": false,
            "late": false,
            "sudden": false
          },
          "linked_to_next": true,
          "turn": {
            "sides": [
              "left"
            ],
            "severity_max": 5,
            "severity_min": 5
          }
        },
        "ref_segment_index": 362,
        "ref_segment_t": 0.997714,
        "grp_keep": "",
        "grp_cut": "",
        "grp_opening": "",
        "grp_go": "",
        "flg_caution": false,
        "flg_brake": false,
        "flg_finish": false,
        "flg_narrows": false,
        "flg_tightens": false,
        "flg_tightens_late": false,
        "flg_late": false,
        "flg_sudden": false,
        "flg_linked_to_next": true,
        "turn_sides": "left",
        "flg_turn_left": true,
        "flg_turn_right": false,
        "turn_severity_min": 5,
        "turn_severity_max": 5
      }
    },
    {
      "type": "Feature",
      "geometry": {
        "type": "Point",
        "coordinates": [
          -1102.964,
          1919.071
        ]
      },
      "properties": {
        "kind": "pacenote",
        "stage": "Peïra Cava - La Bollène-Vésubie",
        "reference_track": "col_de_turini",
        "note_index": 25,
        "distance_m": 2328.0,
        "distance_lookup_m": 2158.746,
        "link_to_next": false,
        "notes": [
          "Dist150"
        ],
        "notes_text": "Dist150",
        "atoms": [
          {
            "kind": "distance",
            "source": "Dist150",
            "meters": 150
          }
        ],
        "flags": {
          "groups": {
            "keep": null,
            "cut": null,
            "opening": null,
            "go": null
          },
          "bools": {
            "caution": false,
            "brake": false,
            "finish": false,
            "narrows": false,
            "tightens": false,
            "tightens_late": false,
            "late": false,
            "sudden": false
          },
          "linked_to_next": false,
          "distance_calls_m": [
            150
          ]
        },
        "ref_segment_index": 367,
        "ref_segment_t": 0.581872,
        "grp_keep": "",
        "grp_cut": "",
        "grp_opening": "",
        "grp_go": "",
        "flg_caution": false,
        "flg_brake": false,
        "flg_finish": false,
        "flg_narrows": false,
        "flg_tightens": false,
        "flg_tightens_late": false,
        "flg_late": false,
        "flg_sudden": false,
        "flg_linked_to_next": false,
        "turn_sides": "",
        "flg_turn_left": false,
        "flg_turn_right": false,
        "distance_calls_m": "150"
      }
    },
    {
      "type": "Feature",
      "geometry": {
        "type": "Point",
        "coordinates": [
          -971.351,
          1982.26
        ]
      },
      "properties": {
        "kind": "pacenote",
        "stage": "Peïra Cava - La Bollène-Vésubie",
        "reference_track": "col_de_turini",
        "note_index": 26,
        "distance_m": 2476.0,
        "distance_lookup_m": 2306.746,
        "link_to_next": false,
        "notes": [
          "Left5"
        ],
        "notes_text": "Left5",
        "atoms": [
          {
            "kind": "turn",
            "source": "Left5",
            "side": "left",
            "severity": 5
          }
        ],
        "flags": {
          "groups": {
            "keep": null,
            "cut": null,
            "opening": null,
            "go": null
          },
          "bools": {
            "caution": false,
            "brake": false,
            "finish": false,
            "narrows": false,
            "tightens": false,
            "tightens_late": false,
            "late": false,
            "sudden": false
          },
          "linked_to_next": false,
          "turn": {
            "sides": [
              "left"
            ],
            "severity_max": 5,
            "severity_min": 5
          }
        },
        "ref_segment_index": 382,
        "ref_segment_t": 0.297846,
        "grp_keep": "",
        "grp_cut": "",
        "grp_opening": "",
        "grp_go": "",
        "flg_caution": false,
        "flg_brake": false,
        "flg_finish": false,
        "flg_narrows": false,
        "flg_tightens": false,
        "flg_tightens_late": false,
        "flg_late": false,
        "flg_sudden": false,
        "flg_linked_to_next": false,
        "turn_sides": "left",
        "flg_turn_left": true,
        "flg_turn_right": false,
        "turn_severity_min": 5,
        "turn_severity_max": 5
      }
    },
    {
      "type": "Feature",
      "geometry": {
        "type": "Point",
        "coordinates": [
          -924.469,
          1978.599
        ]
      },
      "properties": {
        "kind": "pacenote",
        "stage": "Peïra Cava - La Bollène-Vésubie",
        "reference_track": "col_de_turini",
        "note_index": 27,
        "distance_m": 2533.0,
        "distance_lookup_m": 2363.746,
        "link_to_next": false,
        "notes": [
          "Into",
          "Right5",
          "VeryLong",
          "TightensLate"
        ],
        "notes_text": "Into, Right5, VeryLong, TightensLate",
        "atoms": [
          {
            "kind": "connector",
            "source": "Into",
            "name": "into"
          },
          {
            "kind": "turn",
            "source": "Right5",
            "side": "right",
            "severity": 5
          },
          {
            "kind": "length",
            "source": "VeryLong",
            "name": "very_long"
          },
          {
            "kind": "modifier",
            "source": "TightensLate",
            "name": "tightens_late"
          }
        ],
        "flags": {
          "groups": {
            "keep": null,
            "cut": null,
            "opening": null,
            "go": null
          },
          "bools": {
            "caution": false,
            "brake": false,
            "finish": false,
            "narrows": false,
            "tightens": false,
            "tightens_late": true,
            "late": false,
            "sudden": false
          },
          "linked_to_next": false,
          "turn": {
            "sides": [
              "right"
            ],
            "severity_max": 5,
            "severity_min": 5
          }
        },
        "ref_segment_index": 393,
        "ref_segment_t": 0.295295,
        "grp_keep": "",
        "grp_cut": "",
        "grp_opening": "",
        "grp_go": "",
        "flg_caution": false,
        "flg_brake": false,
        "flg_finish": false,
        "flg_narrows": false,
        "flg_tightens": false,
        "flg_tightens_late": true,
        "flg_late": false,
        "flg_sudden": false,
        "flg_linked_to_next": false,
        "turn_sides": "right",
        "flg_turn_left": false,
        "flg_turn_right": true,
        "turn_severity_min": 5,
        "turn_severity_max": 5
      }
    },
    {
      "type": "Feature",
      "geometry": {
        "type": "Point",
        "coordinates": [
          -735.24,
          2034.173
        ]
      },
      "properties": {
        "kind": "pacenote",
        "stage": "Peïra Cava - La Bollène-Vésubie",
        "reference_track": "col_de_turini",
        "note_index": 28,
        "distance_m": 2752.0,
        "distance_lookup_m": 2582.746,
        "link_to_next": true,
        "notes": [
          "And",
          "Left5"
        ],
        "notes_text": "And, Left5",
        "atoms": [
          {
            "kind": "connector",
            "source": "And",
            "name": "and"
          },
          {
            "kind": "turn",
            "source": "Left5",
            "side": "left",
            "severity": 5
          }
        ],
        "flags": {
          "groups": {
            "keep": null,
            "cut": null,
            "opening": null,
            "go": null
          },
          "bools": {
            "caution": false,
            "brake": false,
            "finish": false,
            "narrows": false,
            "tightens": false,
            "tightens_late": false,
            "late": false,
            "sudden": false
          },
          "linked_to_next": true,
          "turn": {
            "sides": [
              "left"
            ],
            "severity_max": 5,
            "severity_min": 5
          }
        },
        "ref_segment_index": 426,
        "ref_segment_t": 0.208437,
        "grp_keep": "",
        "grp_cut": "",
        "grp_opening": "",
        "grp_go": "",
        "flg_caution": false,
        "flg_brake": false,
        "flg_finish": false,
        "flg_narrows": false,
        "flg_tightens": false,
        "flg_tightens_late": false,
        "flg_late": false,
        "flg_sudden": false,
        "flg_linked_to_next": true,
        "turn_sides": "left",
        "flg_turn_left": true,
        "flg_turn_right": false,
        "turn_severity_min": 5,
        "turn_severity_max": 5
      }
    },
    {
      "type": "Feature",
      "geometry": {
        "type": "Point",
        "coordinates": [
          -676.796,
          1982.657
        ]
      },
      "properties": {
        "kind": "pacenote",
        "stage": "Peïra Cava - La Bollène-Vésubie",
        "reference_track": "col_de_turini",
        "note_index": 29,
        "distance_m": 2842.0,
        "distance_lookup_m": 2672.746,
        "link_to_next": false,
        "notes": [
          "Dist50"
        ],
        "notes_text": "Dist50",
        "atoms": [
          {
            "kind": "distance",
            "source": "Dist50",
            "meters": 50
          }
        ],
        "flags": {
          "groups": {
            "keep": null,
            "cut": null,
            "opening": null,
            "go": null
          },
          "bools": {
            "caution": false,
            "brake": false,
            "finish": false,
            "narrows": false,
            "tightens": false,
            "tightens_late": false,
            "late": false,
            "sudden": false
          },
          "linked_to_next": false,
          "distance_calls_m": [
            50
          ]
        },
        "ref_segment_index": 440,
        "ref_segment_t": 0.942233,
        "grp_keep": "",
        "grp_cut": "",
        "grp_opening": "",
        "grp_go": "",
        "flg_caution": false,
        "flg_brake": false,
        "flg_finish": false,
        "flg_narrows": false,
        "flg_tightens": false,
        "flg_tightens_late": false,
        "flg_late": false,
        "flg_sudden": false,
        "flg_linked_to_next": false,
        "turn_sides": "",
        "flg_turn_left": false,
        "flg_turn_right": false,
        "distance_calls_m": "50"
      }
    },
    {
      "type": "Feature",
      "geometry": {
        "type": "Point",
        "coordinates": [
          -622.893,
          1980.466
        ]
      },
      "properties": {
        "kind": "pacenote",
        "stage": "Peïra Cava - La Bollène-Vésubie",
        "reference_track": "col_de_turini",
        "note_index": 30,
        "distance_m": 2897.0,
        "distance_lookup_m": 2727.746,
        "link_to_next": true,
        "notes": [
          "Left4"
        ],
        "notes_text": "Left4",
        "atoms": [
          {
            "kind": "turn",
            "source": "Left4",
            "side": "left",
            "severity": 4
          }
        ],
        "flags": {
          "groups": {
            "keep": null,
            "cut": null,
            "opening": null,
            "go": null
          },
          "bools": {
            "caution": false,
            "brake": false,
            "finish": false,
            "narrows": false,
            "tightens": false,
            "tightens_late": false,
            "late": false,
            "sudden": false
          },
          "linked_to_next": true,
          "turn": {
            "sides": [
              "left"
            ],
            "severity_max": 4,
            "severity_min": 4
          }
        },
        "ref_segment_index": 448,
        "ref_segment_t": 0.964078,
        "grp_keep": "",
        "grp_cut": "",
        "grp_opening": "",
        "grp_go": "",
        "flg_caution": false,
        "flg_brake": false,
        "flg_finish": false,
        "flg_narrows": false,
        "flg_tightens": false,
        "flg_tightens_late": false,
        "flg_late": false,
        "flg_sudden": false,
        "flg_linked_to_next": true,
        "turn_sides": "left",
        "flg_turn_left": true,
        "flg_turn_right": false,
        "turn_severity_min": 4,
        "turn_severity_max": 4
      }
    },
    {
      "type": "Feature",
      "geometry": {
        "type": "Point",
        "coordinates": [
          -564.819,
          2024.953
        ]
      },
      "properties": {
        "kind": "pacenote",
        "stage": "Peïra Cava - La Bollène-Vésubie",
        "reference_track": "col_de_turini",
        "note_index": 31,
        "distance_m": 2972.0,
        "distance_lookup_m": 2802.746,
        "link_to_next": false,
        "notes": [
          "Dist200"
        ],
        "notes_text": "Dist200",
        "atoms": [
          {
            "kind": "distance",
            "source": "Dist200",
            "meters": 200
          }
        ],
        "flags": {
          "groups": {
            "keep": null,
            "cut": null,
            "opening": null,
            "go": null
          },
          "bools": {
            "caution": false,
            "brake": false,
            "finish": false,
            "narrows": false,
            "tightens": false,
            "tightens_late": false,
            "late": false,
            "sudden": false
          },
          "linked_to_next": false,
          "distance_calls_m": [
            200
          ]
        },
        "ref_segment_index": 458,
        "ref_segment_t": 0.439479,
        "grp_keep": "",
        "grp_cut": "",
        "grp_opening": "",
        "grp_go": "",
        "flg_caution": false,
        "flg_brake": false,
        "flg_finish": false,
        "flg_narrows": false,
        "flg_tightens": false,
        "flg_tightens_late": false,
        "flg_late": false,
        "flg_sudden": false,
        "flg_linked_to_next": false,
        "turn_sides": "",
        "flg_turn_left": false,
        "flg_turn_right": false,
        "distance_calls_m": "200"
      }
    },
    {
      "type": "Feature",
      "geometry": {
        "type": "Point",
        "coordinates": [
          -409.561,
          2068.236
        ]
      },
      "properties": {
        "kind": "pacenote",
        "stage": "Peïra Cava - La Bollène-Vésubie",
        "reference_track": "col_de_turini",
        "note_index": 32,
        "distance_m": 3169.0,
        "distance_lookup_m": 2999.746,
        "link_to_next": true,
        "notes": [
          "OverCrest",
          "Into",
          "Right3",
          "Short"
        ],
        "notes_text": "OverCrest, Into, Right3, Short",
        "atoms": [
          {
            "kind": "feature",
            "source": "OverCrest",
            "name": "over_crest"
          },
          {
            "kind": "connector",
            "source": "Into",
            "name": "into"
          },
          {
            "kind": "turn",
            "source": "Right3",
            "side": "right",
            "severity": 3
          },
          {
            "kind": "length",
            "source": "Short",
            "name": "short"
          }
        ],
        "flags": {
          "groups": {
            "keep": null,
            "cut": null,
            "opening": null,
            "go": null
          },
          "bools": {
            "caution": false,
            "brake": false,
            "finish": false,
            "narrows": false,
            "tightens": false,
            "tightens_late": false,
            "late": false,
            "sudden": false
          },
          "linked_to_next": true,
          "turn": {
            "sides": [
              "right"
            ],
            "severity_max": 3,
            "severity_min": 3
          }
        },
        "ref_segment_index": 484,
        "ref_segment_t": 0.459756,
        "grp_keep": "",
        "grp_cut": "",
        "grp_opening": "",
        "grp_go": "",
        "flg_caution": false,
        "flg_brake": false,
        "flg_finish": false,
        "flg_narrows": false,
        "flg_tightens": false,
        "flg_tightens_late": false,
        "flg_late": false,
        "flg_sudden": false,
        "flg_linked_to_next": true,
        "turn_sides": "right",
        "flg_turn_left": false,
        "flg_turn_right": true,
        "turn_severity_min": 3,
        "turn_severity_max": 3
      }
    },
    {
      "type": "Feature",
      "geometry": {
        "type": "Point",
        "coordinates": [
          -382.11,
          2041.31
        ]
      },
      "properties": {
        "kind": "pacenote",
        "stage": "Peïra Cava - La Bollène-Vésubie",
        "reference_track": "col_de_turini",
        "note_index": 33,
        "distance_m": 3215.0,
        "distance_lookup_m": 3045.746,
        "link_to_next": false,
        "notes": [
          "Dist50"
        ],
        "notes_text": "Dist50",
        "atoms": [
          {
            "kind": "distance",
            "source": "Dist50",
            "meters": 50
          }
        ],
        "flags": {
          "groups": {
            "keep": null,
            "cut": null,
            "opening": null,
            "go": null
          },
          "bools": {
            "caution": false,
            "brake": false,
            "finish": false,
            "narrows": false,
            "tightens": false,
            "tightens_late": false,
            "late": false,
            "sudden": false
          },
          "linked_to_next": false,
          "distance_calls_m": [
            50
          ]
        },
        "ref_segment_index": 493,
        "ref_segment_t": 0.577646,
        "grp_keep": "",
        "grp_cut": "",
        "grp_opening": "",
        "grp_go": "",
        "flg_caution": false,
        "flg_brake": false,
        "flg_finish": false,
        "flg_narrows": false,
        "flg_tightens": false,
        "flg_tightens_late": false,
        "flg_late": false,
        "flg_sudden": false,
        "flg_linked_to_next": false,
        "turn_sides": "",
        "flg_turn_left": false,
        "flg_turn_right": false,
        "distance_calls_m": "50"
      }
    },
    {
      "type": "Feature",
      "geometry": {
        "type": "Point",
        "coordinates": [
          -332.157,
          2066.943
        ]
      },
      "properties": {
        "kind": "pacenote",
        "stage": "Peïra Cava - La Bollène-Vésubie",
        "reference_track": "col_de_turini",
        "note_index": 34,
        "distance_m": 3272.0,
        "distance_lookup_m": 3102.746,
        "link_to_next": false,
        "notes": [
          "Left2"
        ],
        "notes_text": "Left2",
        "atoms": [
          {
            "kind": "turn",
            "source": "Left2",
            "side": "left",
            "severity": 2
          }
        ],
        "flags": {
          "groups": {
            "keep": null,
            "cut": null,
            "opening": null,
            "go": null
          },
          "bools": {
            "caution": false,
            "brake": false,
            "finish": false,
            "narrows": false,
            "tightens": false,
            "tightens_late": false,
            "late": false,
            "sudden": false
          },
          "linked_to_next": false,
          "turn": {
            "sides": [
              "left"
            ],
            "severity_max": 2,
            "severity_min": 2
          }
        },
        "ref_segment_index": 502,
        "ref_segment_t": 0.104901,
        "grp_keep": "",
        "grp_cut": "",
        "grp_opening": "",
        "grp_go": "",
        "flg_caution": false,
        "flg_brake": false,
        "flg_finish": false,
        "flg_narrows": false,
        "flg_tightens": false,
        "flg_tightens_late": false,
        "flg_late": false,
        "flg_sudden": false,
        "flg_linked_to_next": false,
        "turn_sides": "left",
        "flg_turn_left": true,
        "flg_turn_right": false,
        "turn_severity_min": 2,
        "turn_severity_max": 2
      }
    },
    {
      "type": "Feature",
      "geometry": {
        "type": "Point",
        "coordinates": [
          -288.742,
          2077.901
        ]
      },
      "properties": {
        "kind": "pacenote",
        "stage": "Peïra Cava - La Bollène-Vésubie",
        "reference_track": "col_de_turini",
        "note_index": 35,
        "distance_m": 3317.0,
        "distance_lookup_m": 3147.746,
        "link_to_next": false,
        "notes": [
          "And",
          "Right3",
          "Long"
        ],
        "notes_text": "And, Right3, Long",
        "atoms": [
          {
            "kind": "connector",
            "source": "And",
            "name": "and"
          },
          {
            "kind": "turn",
            "source": "Right3",
            "side": "right",
            "severity": 3
          },
          {
            "kind": "length",
            "source": "Long",
            "name": "long"
          }
        ],
        "flags": {
          "groups": {
            "keep": null,
            "cut": null,
            "opening": null,
            "go": null
          },
          "bools": {
            "caution": false,
            "brake": false,
            "finish": false,
            "narrows": false,
            "tightens": false,
            "tightens_late": false,
            "late": false,
            "sudden": false
          },
          "linked_to_next": false,
          "turn": {
            "sides": [
              "right"
            ],
            "severity_max": 3,
            "severity_min": 3
          }
        },
        "ref_segment_index": 507,
        "ref_segment_t": 0.449172,
        "grp_keep": "",
        "grp_cut": "",
        "grp_opening": "",
        "grp_go": "",
        "flg_caution": false,
        "flg_brake": false,
        "flg_finish": false,
        "flg_narrows": false,
        "flg_tightens": false,
        "flg_tightens_late": false,
        "flg_late": false,
        "flg_sudden": false,
        "flg_linked_to_next": false,
        "turn_sides": "right",
        "flg_turn_left": false,
        "flg_turn_right": true,
        "turn_severity_min": 3,
        "turn_severity_max": 3
      }
    },
    {
      "type": "Feature",
      "geometry": {
        "type": "Point",
        "coordinates": [
          -176.024,
          2063.949
        ]
      },
      "properties": {
        "kind": "pacenote",
        "stage": "Peïra Cava - La Bollène-Vésubie",
        "reference_track": "col_de_turini",
        "note_index": 36,
        "distance_m": 3434.0,
        "distance_lookup_m": 3264.746,
        "link_to_next": true,
        "notes": [
          "Into",
          "Left2",
          "Tightens"
        ],
        "notes_text": "Into, Left2, Tightens",
        "atoms": [
          {
            "kind": "connector",
            "source": "Into",
            "name": "into"
          },
          {
            "kind": "turn",
            "source": "Left2",
            "side": "left",
            "severity": 2
          },
          {
            "kind": "modifier",
            "source": "Tightens",
            "name": "tightens"
          }
        ],
        "flags": {
          "groups": {
            "keep": null,
            "cut": null,
            "opening": null,
            "go": null
          },
          "bools": {
            "caution": false,
            "brake": false,
            "finish": false,
            "narrows": false,
            "tightens": true,
            "tightens_late": false,
            "late": false,
            "sudden": false
          },
          "linked_to_next": true,
          "turn": {
            "sides": [
              "left"
            ],
            "severity_max": 2,
            "severity_min": 2
          }
        },
        "ref_segment_index": 520,
        "ref_segment_t": 0.925628,
        "grp_keep": "",
        "grp_cut": "",
        "grp_opening": "",
        "grp_go": "",
        "flg_caution": false,
        "flg_brake": false,
        "flg_finish": false,
        "flg_narrows": false,
        "flg_tightens": true,
        "flg_tightens_late": false,
        "flg_late": false,
        "flg_sudden": false,
        "flg_linked_to_next": true,
        "turn_sides": "left",
        "flg_turn_left": true,
        "flg_turn_right": false,
        "turn_severity_min": 2,
        "turn_severity_max": 2
      }
    },
    {
      "type": "Feature",
      "geometry": {
        "type": "Point",
        "coordinates": [
          -128.175,
          2052.211
        ]
      },
      "properties": {
        "kind": "pacenote",
        "stage": "Peïra Cava - La Bollène-Vésubie",
        "reference_track": "col_de_turini",
        "note_index": 37,
        "distance_m": 3488.0,
        "distance_lookup_m": 3318.746,
        "link_to_next": false,
        "notes": [
          "Dist40"
        ],
        "notes_text": "Dist40",
        "atoms": [
          {
            "kind": "distance",
            "source": "Dist40",
            "meters": 40
          }
        ],
        "flags": {
          "groups": {
            "keep": null,
            "cut": null,
            "opening": null,
            "go": null
          },
          "bools": {
            "caution": false,
            "brake": false,
            "finish": false,
            "narrows": false,
            "tightens": false,
            "tightens_late": false,
            "late": false,
            "sudden": false
          },
          "linked_to_next": false,
          "distance_calls_m": [
            40
          ]
        },
        "ref_segment_index": 530,
        "ref_segment_t": 0.310888,
        "grp_keep": "",
        "grp_cut": "",
        "grp_opening": "",
        "grp_go": "",
        "flg_caution": false,
        "flg_brake": false,
        "flg_finish": false,
        "flg_narrows": false,
        "flg_tightens": false,
        "flg_tightens_late": false,
        "flg_late": false,
        "flg_sudden": false,
        "flg_linked_to_next": false,
        "turn_sides": "",
        "flg_turn_left": false,
        "flg_turn_right": false,
        "distance_calls_m": "40"
      }
    },
    {
      "type": "Feature",
      "geometry": {
        "type": "Point",
        "coordinates": [
          -104.889,
          2016.558
        ]
      },
      "properties": {
        "kind": "pacenote",
        "stage": "Peïra Cava - La Bollène-Vésubie",
        "reference_track": "col_de_turini",
        "note_index": 38,
        "distance_m": 3532.0,
        "distance_lookup_m": 3362.746,
        "link_to_next": false,
        "notes": [
          "Right2"
        ],
        "notes_text": "Right2",
        "atoms": [
          {
            "kind": "turn",
            "source": "Right2",
            "side": "right",
            "severity": 2
          }
        ],
        "flags": {
          "groups": {
            "keep": null,
            "cut": null,
            "opening": null,
            "go": null
          },
          "bools": {
            "caution": false,
            "brake": false,
            "finish": false,
            "narrows": false,
            "tightens": false,
            "tightens_late": false,
            "late": false,
            "sudden": false
          },
          "linked_to_next": false,
          "turn": {
            "sides": [
              "right"
            ],
            "severity_max": 2,
            "severity_min": 2
          }
        },
        "ref_segment_index": 538,
        "ref_segment_t": 0.808631,
        "grp_keep": "",
        "grp_cut": "",
        "grp_opening": "",
        "grp_go": "",
        "flg_caution": false,
        "flg_brake": false,
        "flg_finish": false,
        "flg_narrows": false,
        "flg_tightens": false,
        "flg_tightens_late": false,
        "flg_late": false,
        "flg_sudden": false,
        "flg_linked_to_next": false,
        "turn_sides": "right",
        "flg_turn_left": false,
        "flg_turn_right": true,
        "turn_severity_min": 2,
        "turn_severity_max": 2
      }
    },
    {
      "type": "Feature",
      "geometry": {
        "type": "Point",
        "coordinates": [
          -70.549,
          2005.819
        ]
      },
      "properties": {
        "kind": "pacenote",
        "stage": "Peïra Cava - La Bollène-Vésubie",
        "reference_track": "col_de_turini",
        "note_index": 39,
        "distance_m": 3582.0,
        "distance_lookup_m": 3412.746,
        "link_to_next": true,
        "notes": [
          "And",
          "Left2"
        ],
        "notes_text": "And, Left2",
        "atoms": [
          {
            "kind": "connector",
            "source": "And",
            "name": "and"
          },
          {
            "kind": "turn",
            "source": "Left2",
            "side": "left",
            "severity": 2
          }
        ],
        "flags": {
          "groups": {
            "keep": null,
            "cut": null,
            "opening": null,
            "go": null
          },
          "bools": {
            "caution": false,
            "brake": false,
            "finish": false,
            "narrows": false,
            "tightens": false,
            "tightens_late": false,
            "late": false,
            "sudden": false
          },
          "linked_to_next": true,
          "turn": {
            "sides": [
              "left"
            ],
            "severity_max": 2,
            "severity_min": 2
          }
        },
        "ref_segment_index": 552,
        "ref_segment_t": 0.180739,
        "grp_keep": "",
        "grp_cut": "",
        "grp_opening": "",
        "grp_go": "",
        "flg_caution": false,
        "flg_brake": false,
        "flg_finish": false,
        "flg_narrows": false,
        "flg_tightens": false,
        "flg_tightens_late": false,
        "flg_late": false,
        "flg_sudden": false,
        "flg_linked_to_next": true,
        "turn_sides": "left",
        "flg_turn_left": true,
        "flg_turn_right": false,
        "turn_severity_min": 2,
        "turn_severity_max": 2
      }
    },
    {
      "type": "Feature",
      "geometry": {
        "type": "Point",
        "coordinates": [
          -104.561,
          2031.024
        ]
      },
      "properties": {
        "kind": "pacenote",
        "stage": "Peïra Cava - La Bollène-Vésubie",
        "reference_track": "col_de_turini",
        "note_index": 40,
        "distance_m": 3626.0,
        "distance_lookup_m": 3456.746,
        "link_to_next": false,
        "notes": [
          "And",
          "Right4"
        ],
        "notes_text": "And, Right4",
        "atoms": [
          {
            "kind": "connector",
            "source": "And",
            "name": "and"
          },
          {
            "kind": "turn",
            "source": "Right4",
            "side": "right",
            "severity": 4
          }
        ],
        "flags": {
          "groups": {
            "keep": null,
            "cut": null,
            "opening": null,
            "go": null
          },
          "bools": {
            "caution": false,
            "brake": false,
            "finish": false,
            "narrows": false,
            "tightens": false,
            "tightens_late": false,
            "late": false,
            "sudden": false
          },
          "linked_to_next": false,
          "turn": {
            "sides": [
              "right"
            ],
            "severity_max": 4,
            "severity_min": 4
          }
        },
        "ref_segment_index": 562,
        "ref_segment_t": 0.965842,
        "grp_keep": "",
        "grp_cut": "",
        "grp_opening": "",
        "grp_go": "",
        "flg_caution": false,
        "flg_brake": false,
        "flg_finish": false,
        "flg_narrows": false,
        "flg_tightens": false,
        "flg_tightens_late": false,
        "flg_late": false,
        "flg_sudden": false,
        "flg_linked_to_next": false,
        "turn_sides": "right",
        "flg_turn_left": false,
        "flg_turn_right": true,
        "turn_severity_min": 4,
        "turn_severity_max": 4
      }
    },
    {
      "type": "Feature",
      "geometry": {
        "type": "Point",
        "coordinates": [
          -122.381,
          2075.115
        ]
      },
      "properties": {
        "kind": "pacenote",
        "stage": "Peïra Cava - La Bollène-Vésubie",
        "reference_track": "col_de_turini",
        "note_index": 41,
        "distance_m": 3675.0,
        "distance_lookup_m": 3505.746,
        "link_to_next": true,
        "notes": [
          "Into",
          "Left2"
        ],
        "notes_text": "Into, Left2",
        "atoms": [
          {
            "kind": "connector",
            "source": "Into",
            "name": "into"
          },
          {
            "kind": "turn",
            "source": "Left2",
            "side": "left",
            "severity": 2
          }
        ],
        "flags": {
          "groups": {
            "keep": null,
            "cut": null,
            "opening": null,
            "go": null
          },
          "bools": {
            "caution": false,
            "brake": false,
            "finish": false,
            "narrows": false,
            "tightens": false,
            "tightens_late": false,
            "late": false,
            "sudden": false
          },
          "linked_to_next": true,
          "turn": {
            "sides": [
              "left"
            ],
            "severity_max": 2,
            "severity_min": 2
          }
        },
        "ref_segment_index": 569,
        "ref_segment_t": 0.802565,
        "grp_keep": "",
        "grp_cut": "",
        "grp_opening": "",
        "grp_go": "",
        "flg_caution": false,
        "flg_brake": false,
        "flg_finish": false,
        "flg_narrows": false,
        "flg_tightens": false,
        "flg_tightens_late": false,
        "flg_late": false,
        "flg_sudden": false,
        "flg_linked_to_next": true,
        "turn_sides": "left",
        "flg_turn_left": true,
        "flg_turn_right": false,
        "turn_severity_min": 2,
        "turn_severity_max": 2
      }
    },
    {
      "type": "Feature",
      "geometry": {
        "type": "Point",
        "coordinates": [
          -147.929,
          2099.89
        ]
      },
      "properties": {
        "kind": "pacenote",
        "stage": "Peïra Cava - La Bollène-Vésubie",
        "reference_track": "col_de_turini",
        "note_index": 42,
        "distance_m": 3714.0,
        "distance_lookup_m": 3544.746,
        "link_to_next": true,
        "notes": [
          "And",
          "Right4"
        ],
        "notes_text": "And, Right4",
        "atoms": [
          {
            "kind": "connector",
            "source": "And",
            "name": "and"
          },
          {
            "kind": "turn",
            "source": "Right4",
            "side": "right",
            "severity": 4
          }
        ],
        "flags": {
          "groups": {
            "keep": null,
            "cut": null,
            "opening": null,
            "go": null
          },
          "bools": {
            "caution": false,
            "brake": false,
            "finish": false,
            "narrows": false,
            "tightens": false,
            "tightens_late": false,
            "late": false,
            "sudden": false
          },
          "linked_to_next": true,
          "turn": {
            "sides": [
              "right"
            ],
            "severity_max": 4,
            "severity_min": 4
          }
        },
        "ref_segment_index": 576,
        "ref_segment_t": 0.234596,
        "grp_keep": "",
        "grp_cut": "",
        "grp_opening": "",
        "grp_go": "",
        "flg_caution": false,
        "flg_brake": false,
        "flg_finish": false,
        "flg_narrows": false,
        "flg_tightens": false,
        "flg_tightens_late": false,
        "flg_late": false,
        "flg_sudden": false,
        "flg_linked_to_next": true,
        "turn_sides": "right",
        "flg_turn_left": false,
        "flg_turn_right": true,
        "turn_severity_min": 4,
        "turn_severity_max": 4
      }
    },
    {
      "type": "Feature",
      "geometry": {
        "type": "Point",
        "coordinates": [
          -174.702,
          2092.29
        ]
      },
      "properties": {
        "kind": "pacenote",
        "stage": "Peïra Cava - La Bollène-Vésubie",
        "reference_track": "col_de_turini",
        "note_index": 43,
        "distance_m": 3742.0,
        "distance_lookup_m": 3572.746,
        "link_to_next": true,
        "notes": [
          "Pause0.1s_Reset",
          "Into",
          "Left2",
          "Tightens"
        ],
        "notes_text": "Pause0.1s_Reset, Into, Left2, Tightens",
        "atoms": [
          {
            "kind": "pause",
            "source": "Pause0.1s_Reset",
            "seconds": 0.1,
            "reset": true
          },
          {
            "kind": "connector",
            "source": "Into",
            "name": "into"
          },
          {
            "kind": "turn",
            "source": "Left2",
            "side": "left",
            "severity": 2
          },
          {
            "kind": "modifier",
            "source": "Tightens",
            "name": "tightens"
          }
        ],
        "flags": {
          "groups": {
            "keep": null,
            "cut": null,
            "opening": null,
            "go": null
          },
          "bools": {
            "caution": false,
            "brake": false,
            "finish": false,
            "narrows": false,
            "tightens": true,
            "tightens_late": false,
            "late": false,
            "sudden": false
          },
          "linked_to_next": true,
          "turn": {
            "sides": [
              "left"
            ],
            "severity_max": 2,
            "severity_min": 2
          },
          "pause_seconds": [
            0.1
          ]
        },
        "ref_segment_index": 581,
        "ref_segment_t": 0.368351,
        "grp_keep": "",
        "grp_cut": "",
        "grp_opening": "",
        "grp_go": "",
        "flg_caution": false,
        "flg_brake": false,
        "flg_finish": false,
        "flg_narrows": false,
        "flg_tightens": true,
        "flg_tightens_late": false,
        "flg_late": false,
        "flg_sudden": false,
        "flg_linked_to_next": true,
        "turn_sides": "left",
        "flg_turn_left": true,
        "flg_turn_right": false,
        "turn_severity_min": 2,
        "turn_severity_max": 2,
        "pause_seconds": "0.1"
      }
    },
    {
      "type": "Feature",
      "geometry": {
        "type": "Point",
        "coordinates": [
          -210.025,
          2107.079
        ]
      },
      "properties": {
        "kind": "pacenote",
        "stage": "Peïra Cava - La Bollène-Vésubie",
        "reference_track": "col_de_turini",
        "note_index": 44,
        "distance_m": 3785.0,
        "distance_lookup_m": 3615.746,
        "link_to_next": false,
        "notes": [
          "Dist40"
        ],
        "notes_text": "Dist40",
        "atoms": [
          {
            "kind": "distance",
            "source": "Dist40",
            "meters": 40
          }
        ],
        "flags": {
          "groups": {
            "keep": null,
            "cut": null,
            "opening": null,
            "go": null
          },
          "bools": {
            "caution": false,
            "brake": false,
            "finish": false,
            "narrows": false,
            "tightens": false,
            "tightens_late": false,
            "late": false,
            "sudden": false
          },
          "linked_to_next": false,
          "distance_calls_m": [
            40
          ]
        },
        "ref_segment_index": 589,
        "ref_segment_t": 0.022434,
        "grp_keep": "",
        "grp_cut": "",
        "grp_opening": "",
        "grp_go": "",
        "flg_caution": false,
        "flg_brake": false,
        "flg_finish": false,
        "flg_narrows": false,
        "flg_tightens": false,
        "flg_tightens_late": false,
        "flg_late": false,
        "flg_sudden": false,
        "flg_linked_to_next": false,
        "turn_sides": "",
        "flg_turn_left": false,
        "flg_turn_right": false,
        "distance_calls_m": "40"
      }
    },
    {
      "type": "Feature",
      "geometry": {
        "type": "Point",
        "coordinates": [
          -240.858,
          2135.62
        ]
      },
      "properties": {
        "kind": "pacenote",
        "stage": "Peïra Cava - La Bollène-Vésubie",
        "reference_track": "col_de_turini",
        "note_index": 45,
        "distance_m": 3829.0,
        "distance_lookup_m": 3659.746,
        "link_to_next": true,
        "notes": [
          "Right4",
          "Long",
          "Tighten1",
          "Late"
        ],
        "notes_text": "Right4, Long, Tighten1, Late",
        "atoms": [
          {
            "kind": "turn",
            "source": "Right4",
            "side": "right",
            "severity": 4
          },
          {
            "kind": "length",
            "source": "Long",
            "name": "long"
          },
          {
            "kind": "modifier",
            "source": "Tighten1",
            "name": "tighten",
            "level": 1
          },
          {
            "kind": "modifier",
            "source": "Late",
            "name": "late"
          }
        ],
        "flags": {
          "groups": {
            "keep": null,
            "cut": null,
            "opening": null,
            "go": null
          },
          "bools": {
            "caution": false,
            "brake": false,
            "finish": false,
            "narrows": false,
            "tightens": false,
            "tightens_late": false,
            "late": true,
            "sudden": false
          },
          "linked_to_next": true,
          "turn": {
            "sides": [
              "right"
            ],
            "severity_max": 4,
            "severity_min": 4
          }
        },
        "ref_segment_index": 595,
        "ref_segment_t": 0.65897,
        "grp_keep": "",
        "grp_cut": "",
        "grp_opening": "",
        "grp_go": "",
        "flg_caution": false,
        "flg_brake": false,
        "flg_finish": false,
        "flg_narrows": false,
        "flg_tightens": false,
        "flg_tightens_late": false,
        "flg_late": true,
        "flg_sudden": false,
        "flg_linked_to_next": true,
        "turn_sides": "right",
        "flg_turn_left": false,
        "flg_turn_right": true,
        "turn_severity_min": 4,
        "turn_severity_max": 4
      }
    },
    {
      "type": "Feature",
      "geometry": {
        "type": "Point",
        "coordinates": [
          -328.32,
          2139.835
        ]
      },
      "properties": {
        "kind": "pacenote",
        "stage": "Peïra Cava - La Bollène-Vésubie",
        "reference_track": "col_de_turini",
        "note_index": 46,
        "distance_m": 3918.0,
        "distance_lookup_m": 3748.746,
        "link_to_next": false,
        "notes": [
          "Dist40"
        ],
        "notes_text": "Dist40",
        "atoms": [
          {
            "kind": "distance",
            "source": "Dist40",
            "meters": 40
          }
        ],
        "flags": {
          "groups": {
            "keep": null,
            "cut": null,
            "opening": null,
            "go": null
          },
          "bools": {
            "caution": false,
            "brake": false,
            "finish": false,
            "narrows": false,
            "tightens": false,
            "tightens_late": false,
            "late": false,
            "sudden": false
          },
          "linked_to_next": false,
          "distance_calls_m": [
            40
          ]
        },
        "ref_segment_index": 606,
        "ref_segment_t": 0.497572,
        "grp_keep": "",
        "grp_cut": "",
        "grp_opening": "",
        "grp_go": "",
        "flg_caution": false,
        "flg_brake": false,
        "flg_finish": false,
        "flg_narrows": false,
        "flg_tightens": false,
        "flg_tightens_late": false,
        "flg_late": false,
        "flg_sudden": false,
        "flg_linked_to_next": false,
        "turn_sides": "",
        "flg_turn_left": false,
        "flg_turn_right": false,
        "distance_calls_m": "40"
      }
    },
    {
      "type": "Feature",
      "geometry": {
        "type": "Point",
        "coordinates": [
          -335.046,
          2159.716
        ]
      },
      "properties": {
        "kind": "pacenote",
        "stage": "Peïra Cava - La Bollène-Vésubie",
        "reference_track": "col_de_turini",
        "note_index": 47,
        "distance_m": 3962.0,
        "distance_lookup_m": 3792.746,
        "link_to_next": true,
        "notes": [
          "Left2",
          "Tightens"
        ],
        "notes_text": "Left2, Tightens",
        "atoms": [
          {
            "kind": "turn",
            "source": "Left2",
            "side": "left",
            "severity": 2
          },
          {
            "kind": "modifier",
            "source": "Tightens",
            "name": "tightens"
          }
        ],
        "flags": {
          "groups": {
            "keep": null,
            "cut": null,
            "opening": null,
            "go": null
          },
          "bools": {
            "caution": false,
            "brake": false,
            "finish": false,
            "narrows": false,
            "tightens": true,
            "tightens_late": false,
            "late": false,
            "sudden": false
          },
          "linked_to_next": true,
          "turn": {
            "sides": [
              "left"
            ],
            "severity_max": 2,
            "severity_min": 2
          }
        },
        "ref_segment_index": 619,
        "ref_segment_t": 0.237412,
        "grp_keep": "",
        "grp_cut": "",
        "grp_opening": "",
        "grp_go": "",
        "flg_caution": false,
        "flg_brake": false,
        "flg_finish": false,
        "flg_narrows": false,
        "flg_tightens": true,
        "flg_tightens_late": false,
        "flg_late": false,
        "flg_sudden": false,
        "flg_linked_to_next": true,
        "turn_sides": "left",
        "flg_turn_left": true,
        "flg_turn_right": false,
        "turn_severity_min": 2,
        "turn_severity_max": 2
      }
    },
    {
      "type": "Feature",
      "geometry": {
        "type": "Point",
        "coordinates": [
          -297.937,
          2150.601
        ]
      },
      "properties": {
        "kind": "pacenote",
        "stage": "Peïra Cava - La Bollène-Vésubie",
        "reference_track": "col_de_turini",
        "note_index": 48,
        "distance_m": 4002.0,
        "distance_lookup_m": 3832.746,
        "link_to_next": false,
        "notes": [
          "Dist40"
        ],
        "notes_text": "Dist40",
        "atoms": [
          {
            "kind": "distance",
            "source": "Dist40",
            "meters": 40
          }
        ],
        "flags": {
          "groups": {
            "keep": null,
            "cut": null,
            "opening": null,
            "go": null
          },
          "bools": {
            "caution": false,
            "brake": false,
            "finish": false,
            "narrows": false,
            "tightens": false,
            "tightens_late": false,
            "late": false,
            "sudden": false
          },
          "linked_to_next": false,
          "distance_calls_m": [
            40
          ]
        },
        "ref_segment_index": 626,
        "ref_segment_t": 0.666896,
        "grp_keep": "",
        "grp_cut": "",
        "grp_opening": "",
        "grp_go": "",
        "flg_caution": false,
        "flg_brake": false,
        "flg_finish": false,
        "flg_narrows": false,
        "flg_tightens": false,
        "flg_tightens_late": false,
        "flg_late": false,
        "flg_sudden": false,
        "flg_linked_to_next": false,
        "turn_sides": "",
        "flg_turn_left": false,
        "flg_turn_right": false,
        "distance_calls_m": "40"
      }
    },
    {
      "type": "Feature",
      "geometry": {
        "type": "Point",
        "coordinates": [
          -260.767,
          2161.916
        ]
      },
      "properties": {
        "kind": "pacenote",
        "stage": "Peïra Cava - La Bollène-Vésubie",
        "reference_track": "col_de_turini",
        "note_index": 49,
        "distance_m": 4041.0,
        "distance_lookup_m": 3871.746,
        "link_to_next": false,
        "notes": [
          "RightOpenHP"
        ],
        "notes_text": "RightOpenHP",
        "atoms": [
          {
            "kind": "turn",
            "source": "RightOpenHP",
            "side": "right",
            "style": "openhp"
          }
        ],
        "flags": {
          "groups": {
            "keep": null,
            "cut": null,
            "opening": null,
            "go": null
          },
          "bools": {
            "caution": false,
            "brake": false,
            "finish": false,
            "narrows": false,
            "tightens": false,
            "tightens_late": false,
            "late": false,
            "sudden": false
          },
          "linked_to_next": false,
          "turn": {
            "sides": [
              "right"
            ]
          }
        },
        "ref_segment_index": 632,
        "ref_segment_t": 0.199576,
        "grp_keep": "",
        "grp_cut": "",
        "grp_opening": "",
        "grp_go": "",
        "flg_caution": false,
        "flg_brake": false,
        "flg_finish": false,
        "flg_narrows": false,
        "flg_tightens": false,
        "flg_tightens_late": false,
        "flg_late": false,
        "flg_sudden": false,
        "flg_linked_to_next": false,
        "turn_sides": "right",
        "flg_turn_left": false,
        "flg_turn_right": true
      }
    },
    {
      "type": "Feature",
      "geometry": {
        "type": "Point",
        "coordinates": [
          -176.269,
          2145.156
        ]
      },
      "properties": {
        "kind": "pacenote",
        "stage": "Peïra Cava - La Bollène-Vésubie",
        "reference_track": "col_de_turini",
        "note_index": 50,
        "distance_m": 4132.0,
        "distance_lookup_m": 3962.746,
        "link_to_next": false,
        "notes": [
          "Left3",
          "Short"
        ],
        "notes_text": "Left3, Short",
        "atoms": [
          {
            "kind": "turn",
            "source": "Left3",
            "side": "left",
            "severity": 3
          },
          {
            "kind": "length",
            "source": "Short",
            "name": "short"
          }
        ],
        "flags": {
          "groups": {
            "keep": null,
            "cut": null,
            "opening": null,
            "go": null
          },
          "bools": {
            "caution": false,
            "brake": false,
            "finish": false,
            "narrows": false,
            "tightens": false,
            "tightens_late": false,
            "late": false,
            "sudden": false
          },
          "linked_to_next": false,
          "turn": {
            "sides": [
              "left"
            ],
            "severity_max": 3,
            "severity_min": 3
          }
        },
        "ref_segment_index": 646,
        "ref_segment_t": 0.298379,
        "grp_keep": "",
        "grp_cut": "",
        "grp_opening": "",
        "grp_go": "",
        "flg_caution": false,
        "flg_brake": false,
        "flg_finish": false,
        "flg_narrows": false,
        "flg_tightens": false,
        "flg_tightens_late": false,
        "flg_late": false,
        "flg_sudden": false,
        "flg_linked_to_next": false,
        "turn_sides": "left",
        "flg_turn_left": true,
        "flg_turn_right": false,
        "turn_severity_min": 3,
        "turn_severity_max": 3
      }
    },
    {
      "type": "Feature",
      "geometry": {
        "type": "Point",
        "coordinates": [
          -132.663,
          2175.237
        ]
      },
      "properties": {
        "kind": "pacenote",
        "stage": "Peïra Cava - La Bollène-Vésubie",
        "reference_track": "col_de_turini",
        "note_index": 51,
        "distance_m": 4187.0,
        "distance_lookup_m": 4017.746,
        "link_to_next": false,
        "notes": [
          "Right2"
        ],
        "notes_text": "Right2",
        "atoms": [
          {
            "kind": "turn",
            "source": "Right2",
            "side": "right",
            "severity": 2
          }
        ],
        "flags": {
          "groups": {
            "keep": null,
            "cut": null,
            "opening": null,
            "go": null
          },
          "bools": {
            "caution": false,
            "brake": false,
            "finish": false,
            "narrows": false,
            "tightens": false,
            "tightens_late": false,
            "late": false,
            "sudden": false
          },
          "linked_to_next": false,
          "turn": {
            "sides": [
              "right"
            ],
            "severity_max": 2,
            "severity_min": 2
          }
        },
        "ref_segment_index": 655,
        "ref_segment_t": 0.035009,
        "grp_keep": "",
        "grp_cut": "",
        "grp_opening": "",
        "grp_go": "",
        "flg_caution": false,
        "flg_brake": false,
        "flg_finish": false,
        "flg_narrows": false,
        "flg_tightens": false,
        "flg_tightens_late": false,
        "flg_late": false,
        "flg_sudden": false,
        "flg_linked_to_next": false,
        "turn_sides": "right",
        "flg_turn_left": false,
        "flg_turn_right": true,
        "turn_severity_min": 2,
        "turn_severity_max": 2
      }
    },
    {
      "type": "Feature",
      "geometry": {
        "type": "Point",
        "coordinates": [
          -93.388,
          2161.702
        ]
      },
      "properties": {
        "kind": "pacenote",
        "stage": "Peïra Cava - La Bollène-Vésubie",
        "reference_track": "col_de_turini",
        "note_index": 52,
        "distance_m": 4230.0,
        "distance_lookup_m": 4060.746,
        "link_to_next": false,
        "notes": [
          "Into",
          "Left2",
          "Tightens",
          "DontCut"
        ],
        "notes_text": "Into, Left2, Tightens, DontCut",
        "atoms": [
          {
            "kind": "connector",
            "source": "Into",
            "name": "into"
          },
          {
            "kind": "turn",
            "source": "Left2",
            "side": "left",
            "severity": 2
          },
          {
            "kind": "modifier",
            "source": "Tightens",
            "name": "tightens"
          },
          {
            "kind": "modifier",
            "source": "DontCut",
            "name": "dont_cut"
          }
        ],
        "flags": {
          "groups": {
            "keep": null,
            "cut": "dont_cut",
            "opening": null,
            "go": null
          },
          "bools": {
            "caution": false,
            "brake": false,
            "finish": false,
            "narrows": false,
            "tightens": true,
            "tightens_late": false,
            "late": false,
            "sudden": false
          },
          "linked_to_next": false,
          "turn": {
            "sides": [
              "left"
            ],
            "severity_max": 2,
            "severity_min": 2
          }
        },
        "ref_segment_index": 660,
        "ref_segment_t": 0.94677,
        "grp_keep": "",
        "grp_cut": "dont_cut",
        "grp_opening": "",
        "grp_go": "",
        "flg_caution": false,
        "flg_brake": false,
        "flg_finish": false,
        "flg_narrows": false,
        "flg_tightens": true,
        "flg_tightens_late": false,
        "flg_late": false,
        "flg_sudden": false,
        "flg_linked_to_next": false,
        "turn_sides": "left",
        "flg_turn_left": true,
        "flg_turn_right": false,
        "turn_severity_min": 2,
        "turn_severity_max": 2
      }
    },
    {
      "type": "Feature",
      "geometry": {
        "type": "Point",
        "coordinates": [
          -31.935,
          2180.371
        ]
      },
      "properties": {
        "kind": "pacenote",
        "stage": "Peïra Cava - La Bollène-Vésubie",
        "reference_track": "col_de_turini",
        "note_index": 53,
        "distance_m": 4298.0,
        "distance_lookup_m": 4128.746,
        "link_to_next": false,
        "notes": [
          "And",
          "Right2",
          "Long",
          "Opens"
        ],
        "notes_text": "And, Right2, Long, Opens",
        "atoms": [
          {
            "kind": "connector",
            "source": "And",
            "name": "and"
          },
          {
            "kind": "turn",
            "source": "Right2",
            "side": "right",
            "severity": 2
          },
          {
            "kind": "length",
            "source": "Long",
            "name": "long"
          },
          {
            "kind": "opening",
            "source": "Opens",
            "name": "opens"
          }
        ],
        "flags": {
          "groups": {
            "keep": null,
            "cut": null,
            "opening": "opens",
            "go": null
          },
          "bools": {
            "caution": false,
            "brake": false,
            "finish": false,
            "narrows": false,
            "tightens": false,
            "tightens_late": false,
            "late": false,
            "sudden": false
          },
          "linked_to_next": false,
          "turn": {
            "sides": [
              "right"
            ],
            "severity_max": 2,
            "severity_min": 2
          }
        },
        "ref_segment_index": 671,
        "ref_segment_t": 0.738909,
        "grp_keep": "",
        "grp_cut": "",
        "grp_opening": "opens",
        "grp_go": "",
        "flg_caution": false,
        "flg_brake": false,
        "flg_finish": false,
        "flg_narrows": false,
        "flg_tightens": false,
        "flg_tightens_late": false,
        "flg_late": false,
        "flg_sudden": false,
        "flg_linked_to_next": false,
        "turn_sides": "right",
        "flg_turn_left": false,
        "flg_turn_right": true,
        "turn_severity_min": 2,
        "turn_severity_max": 2
      }
    },
    {
      "type": "Feature",
      "geometry": {
        "type": "Point",
        "coordinates": [
          -96.156,
          2195.05
        ]
      },
      "properties": {
        "kind": "pacenote",
        "stage": "Peïra Cava - La Bollène-Vésubie",
        "reference_track": "col_de_turini",
        "note_index": 54,
        "distance_m": 4411.0,
        "distance_lookup_m": 4241.746,
        "link_to_next": false,
        "notes": [
          "Into",
          "Left2",
          "Tightens"
        ],
        "notes_text": "Into, Left2, Tightens",
        "atoms": [
          {
            "kind": "connector",
            "source": "Into",
            "name": "into"
          },
          {
            "kind": "turn",
            "source": "Left2",
            "side": "left",
            "severity": 2
          },
          {
            "kind": "modifier",
            "source": "Tightens",
            "name": "tightens"
          }
        ],
        "flags": {
          "groups": {
            "keep": null,
            "cut": null,
            "opening": null,
            "go": null
          },
          "bools": {
            "caution": false,
            "brake": false,
            "finish": false,
            "narrows": false,
            "tightens": true,
            "tightens_late": false,
            "late": false,
            "sudden": false
          },
          "linked_to_next": false,
          "turn": {
            "sides": [
              "left"
            ],
            "severity_max": 2,
            "severity_min": 2
          }
        },
        "ref_segment_index": 698,
        "ref_segment_t": 0.483069,
        "grp_keep": "",
        "grp_cut": "",
        "grp_opening": "",
        "grp_go": "",
        "flg_caution": false,
        "flg_brake": false,
        "flg_finish": false,
        "flg_narrows": false,
        "flg_tightens": true,
        "flg_tightens_late": false,
        "flg_late": false,
        "flg_sudden": false,
        "flg_linked_to_next": false,
        "turn_sides": "left",
        "flg_turn_left": true,
        "flg_turn_right": false,
        "turn_severity_min": 2,
        "turn_severity_max": 2
      }
    },
    {
      "type": "Feature",
      "geometry": {
        "type": "Point",
        "coordinates": [
          -166.2,
          2201.912
        ]
      },
      "properties": {
        "kind": "pacenote",
        "stage": "Peïra Cava - La Bollène-Vésubie",
        "reference_track": "col_de_turini",
        "note_index": 55,
        "distance_m": 4491.0,
        "distance_lookup_m": 4321.746,
        "link_to_next": true,
        "notes": [
          "And",
          "Right3"
        ],
        "notes_text": "And, Right3",
        "atoms": [
          {
            "kind": "connector",
            "source": "And",
            "name": "and"
          },
          {
            "kind": "turn",
            "source": "Right3",
            "side": "right",
            "severity": 3
          }
        ],
        "flags": {
          "groups": {
            "keep": null,
            "cut": null,
            "opening": null,
            "go": null
          },
          "bools": {
            "caution": false,
            "brake": false,
            "finish": false,
            "narrows": false,
            "tightens": false,
            "tightens_late": false,
            "late": false,
            "sudden": false
          },
          "linked_to_next": true,
          "turn": {
            "sides": [
              "right"
            ],
            "severity_max": 3,
            "severity_min": 3
          }
        },
        "ref_segment_index": 708,
        "ref_segment_t": 0.924932,
        "grp_keep": "",
        "grp_cut": "",
        "grp_opening": "",
        "grp_go": "",
        "flg_caution": false,
        "flg_brake": false,
        "flg_finish": false,
        "flg_narrows": false,
        "flg_tightens": false,
        "flg_tightens_late": false,
        "flg_late": false,
        "flg_sudden": false,
        "flg_linked_to_next": true,
        "turn_sides": "right",
        "flg_turn_left": false,
        "flg_turn_right": true,
        "turn_severity_min": 3,
        "turn_severity_max": 3
      }
    },
    {
      "type": "Feature",
      "geometry": {
        "type": "Point",
        "coordinates": [
          -178.879,
          2208.33
        ]
      },
      "properties": {
        "kind": "pacenote",
        "stage": "Peïra Cava - La Bollène-Vésubie",
        "reference_track": "col_de_turini",
        "note_index": 56,
        "distance_m": 4558.0,
        "distance_lookup_m": 4388.746,
        "link_to_next": false,
        "notes": [
          "Dist50"
        ],
        "notes_text": "Dist50",
        "atoms": [
          {
            "kind": "distance",
            "source": "Dist50",
            "meters": 50
          }
        ],
        "flags": {
          "groups": {
            "keep": null,
            "cut": null,
            "opening": null,
            "go": null
          },
          "bools": {
            "caution": false,
            "brake": false,
            "finish": false,
            "narrows": false,
            "tightens": false,
            "tightens_late": false,
            "late": false,
            "sudden": false
          },
          "linked_to_next": false,
          "distance_calls_m": [
            50
          ]
        },
        "ref_segment_index": 725,
        "ref_segment_t": 0.468268,
        "grp_keep": "",
        "grp_cut": "",
        "grp_opening": "",
        "grp_go": "",
        "flg_caution": false,
        "flg_brake": false,
        "flg_finish": false,
        "flg_narrows": false,
        "flg_tightens": false,
        "flg_tightens_late": false,
        "flg_late": false,
        "flg_sudden": false,
        "flg_linked_to_next": false,
        "turn_sides": "",
        "flg_turn_left": false,
        "flg_turn_right": false,
        "distance_calls_m": "50"
      }
    },
    {
      "type": "Feature",
      "geometry": {
        "type": "Point",
        "coordinates": [
          -132.213,
          2232.473
        ]
      },
      "properties": {
        "kind": "pacenote",
        "stage": "Peïra Cava - La Bollène-Vésubie",
        "reference_track": "col_de_turini",
        "note_index": 57,
        "distance_m": 4611.0,
        "distance_lookup_m": 4441.746,
        "link_to_next": false,
        "notes": [
          "Left1"
        ],
        "notes_text": "Left1",
        "atoms": [
          {
            "kind": "turn",
            "source": "Left1",
            "side": "left",
            "severity": 1
          }
        ],
        "flags": {
          "groups": {
            "keep": null,
            "cut": null,
            "opening": null,
            "go": null
          },
          "bools": {
            "caution": false,
            "brake": false,
            "finish": false,
            "narrows": false,
            "tightens": false,
            "tightens_late": false,
            "late": false,
            "sudden": false
          },
          "linked_to_next": false,
          "turn": {
            "sides": [
              "left"
            ],
            "severity_max": 1,
            "severity_min": 1
          }
        },
        "ref_segment_index": 733,
        "ref_segment_t": 0.615577,
        "grp_keep": "",
        "grp_cut": "",
        "grp_opening": "",
        "grp_go": "",
        "flg_caution": false,
        "flg_brake": false,
        "flg_finish": false,
        "flg_narrows": false,
        "flg_tightens": false,
        "flg_tightens_late": false,
        "flg_late": false,
        "flg_sudden": false,
        "flg_linked_to_next": false,
        "turn_sides": "left",
        "flg_turn_left": true,
        "flg_turn_right": false,
        "turn_severity_min": 1,
        "turn_severity_max": 1
      }
    },
    {
      "type": "Feature",
      "geometry": {
        "type": "Point",
        "coordinates": [
          -92.197,
          2219.252
        ]
      },
      "properties": {
        "kind": "pacenote",
        "stage": "Peïra Cava - La Bollène-Vésubie",
        "reference_track": "col_de_turini",
        "note_index": 58,
        "distance_m": 4655.0,
        "distance_lookup_m": 4485.746,
        "link_to_next": true,
        "notes": [
          "And",
          "Right2"
        ],
        "notes_text": "And, Right2",
        "atoms": [
          {
            "kind": "connector",
            "source": "And",
            "name": "and"
          },
          {
            "kind": "turn",
            "source": "Right2",
            "side": "right",
            "severity": 2
          }
        ],
        "flags": {
          "groups": {
            "keep": null,
            "cut": null,
            "opening": null,
            "go": null
          },
          "bools": {
            "caution": false,
            "brake": false,
            "finish": false,
            "narrows": false,
            "tightens": false,
            "tightens_late": false,
            "late": false,
            "sudden": false
          },
          "linked_to_next": true,
          "turn": {
            "sides": [
              "right"
            ],
            "severity_max": 2,
            "severity_min": 2
          }
        },
        "ref_segment_index": 739,
        "ref_segment_t": 0.895215,
        "grp_keep": "",
        "grp_cut": "",
        "grp_opening": "",
        "grp_go": "",
        "flg_caution": false,
        "flg_brake": false,
        "flg_finish": false,
        "flg_narrows": false,
        "flg_tightens": false,
        "flg_tightens_late": false,
        "flg_late": false,
        "flg_sudden": false,
        "flg_linked_to_next": true,
        "turn_sides": "right",
        "flg_turn_left": false,
        "flg_turn_right": true,
        "turn_severity_min": 2,
        "turn_severity_max": 2
      }
    },
    {
      "type": "Feature",
      "geometry": {
        "type": "Point",
        "coordinates": [
          -61.242,
          2219.527
        ]
      },
      "properties": {
        "kind": "pacenote",
        "stage": "Peïra Cava - La Bollène-Vésubie",
        "reference_track": "col_de_turini",
        "note_index": 59,
        "distance_m": 4689.0,
        "distance_lookup_m": 4519.746,
        "link_to_next": false,
        "notes": [
          "Into",
          "Left1"
        ],
        "notes_text": "Into, Left1",
        "atoms": [
          {
            "kind": "connector",
            "source": "Into",
            "name": "into"
          },
          {
            "kind": "turn",
            "source": "Left1",
            "side": "left",
            "severity": 1
          }
        ],
        "flags": {
          "groups": {
            "keep": null,
            "cut": null,
            "opening": null,
            "go": null
          },
          "bools": {
            "caution": false,
            "brake": false,
            "finish": false,
            "narrows": false,
            "tightens": false,
            "tightens_late": false,
            "late": false,
            "sudden": false
          },
          "linked_to_next": false,
          "turn": {
            "sides": [
              "left"
            ],
            "severity_max": 1,
            "severity_min": 1
          }
        },
        "ref_segment_index": 746,
        "ref_segment_t": 0.24906,
        "grp_keep": "",
        "grp_cut": "",
        "grp_opening": "",
        "grp_go": "",
        "flg_caution": false,
        "flg_brake": false,
        "flg_finish": false,
        "flg_narrows": false,
        "flg_tightens": false,
        "flg_tightens_late": false,
        "flg_late": false,
        "flg_sudden": false,
        "flg_linked_to_next": false,
        "turn_sides": "left",
        "flg_turn_left": true,
        "flg_turn_right": false,
        "turn_severity_min": 1,
        "turn_severity_max": 1
      }
    },
    {
      "type": "Feature",
      "geometry": {
        "type": "Point",
        "coordinates": [
          -4.955,
          2265.26
        ]
      },
      "properties": {
        "kind": "pacenote",
        "stage": "Peïra Cava - La Bollène-Vésubie",
        "reference_track": "col_de_turini",
        "note_index": 60,
        "distance_m": 4762.0,
        "distance_lookup_m": 4592.746,
        "link_to_next": true,
        "notes": [
          "Right5",
          "Short"
        ],
        "notes_text": "Right5, Short",
        "atoms": [
          {
            "kind": "turn",
            "source": "Right5",
            "side": "right",
            "severity": 5
          },
          {
            "kind": "length",
            "source": "Short",
            "name": "short"
          }
        ],
        "flags": {
          "groups": {
            "keep": null,
            "cut": null,
            "opening": null,
            "go": null
          },
          "bools": {
            "caution": false,
            "brake": false,
            "finish": false,
            "narrows": false,
            "tightens": false,
            "tightens_late": false,
            "late": false,
            "sudden": false
          },
          "linked_to_next": true,
          "turn": {
            "sides": [
              "right"
            ],
            "severity_max": 5,
            "severity_min": 5
          }
        },
        "ref_segment_index": 756,
        "ref_segment_t": 0.299691,
        "grp_keep": "",
        "grp_cut": "",
        "grp_opening": "",
        "grp_go": "",
        "flg_caution": false,
        "flg_brake": false,
        "flg_finish": false,
        "flg_narrows": false,
        "flg_tightens": false,
        "flg_tightens_late": false,
        "flg_late": false,
        "flg_sudden": false,
        "flg_linked_to_next": true,
        "turn_sides": "right",
        "flg_turn_left": false,
        "flg_turn_right": true,
        "turn_severity_min": 5,
        "turn_severity_max": 5
      }
    },
    {
      "type": "Feature",
      "geometry": {
        "type": "Point",
        "coordinates": [
          5.637,
          2295.237
        ]
      },
      "properties": {
        "kind": "pacenote",
        "stage": "Peïra Cava - La Bollène-Vésubie",
        "reference_track": "col_de_turini",
        "note_index": 61,
        "distance_m": 4794.0,
        "distance_lookup_m": 4624.746,
        "link_to_next": false,
        "notes": [
          "Dist40"
        ],
        "notes_text": "Dist40",
        "atoms": [
          {
            "kind": "distance",
            "source": "Dist40",
            "meters": 40
          }
        ],
        "flags": {
          "groups": {
            "keep": null,
            "cut": null,
            "opening": null,
            "go": null
          },
          "bools": {
            "caution": false,
            "brake": false,
            "finish": false,
            "narrows": false,
            "tightens": false,
            "tightens_late": false,
            "late": false,
            "sudden": false
          },
          "linked_to_next": false,
          "distance_calls_m": [
            40
          ]
        },
        "ref_segment_index": 760,
        "ref_segment_t": 0.733428,
        "grp_keep": "",
        "grp_cut": "",
        "grp_opening": "",
        "grp_go": "",
        "flg_caution": false,
        "flg_brake": false,
        "flg_finish": false,
        "flg_narrows": false,
        "flg_tightens": false,
        "flg_tightens_late": false,
        "flg_late": false,
        "flg_sudden": false,
        "flg_linked_to_next": false,
        "turn_sides": "",
        "flg_turn_left": false,
        "flg_turn_right": false,
        "distance_calls_m": "40"
      }
    },
    {
      "type": "Feature",
      "geometry": {
        "type": "Point",
        "coordinates": [
          27.071,
          2326.89
        ]
      },
      "properties": {
        "kind": "pacenote",
        "stage": "Peïra Cava - La Bollène-Vésubie",
        "reference_track": "col_de_turini",
        "note_index": 62,
        "distance_m": 4833.0,
        "distance_lookup_m": 4663.746,
        "link_to_next": false,
        "notes": [
          "Right2",
          "Tightens"
        ],
        "notes_text": "Right2, Tightens",
        "atoms": [
          {
            "kind": "turn",
            "source": "Right2",
            "side": "right",
            "severity": 2
          },
          {
            "kind": "modifier",
            "source": "Tightens",
            "name": "tightens"
          }
        ],
        "flags": {
          "groups": {
            "keep": null,
            "cut": null,
            "opening": null,
            "go": null
          },
          "bools": {
            "caution": false,
            "brake": false,
            "finish": false,
            "narrows": false,
            "tightens": true,
            "tightens_late": false,
            "late": false,
            "sudden": false
          },
          "linked_to_next": false,
          "turn": {
            "sides": [
              "right"
            ],
            "severity_max": 2,
            "severity_min": 2
          }
        },
        "ref_segment_index": 765,
        "ref_segment_t": 0.2912,
        "grp_keep": "",
        "grp_cut": "",
        "grp_opening": "",
        "grp_go": "",
        "flg_caution": false,
        "flg_brake": false,
        "flg_finish": false,
        "flg_narrows": false,
        "flg_tightens": true,
        "flg_tightens_late": false,
        "flg_late": false,
        "flg_sudden": false,
        "flg_linked_to_next": false,
        "turn_sides": "right",
        "flg_turn_left": false,
        "flg_turn_right": true,
        "turn_severity_min": 2,
        "turn_severity_max": 2
      }
    },
    {
      "type": "Feature",
      "geometry": {
        "type": "Point",
        "coordinates": [
          72.045,
          2387.091
        ]
      },
      "properties": {
        "kind": "pacenote",
        "stage": "Peïra Cava - La Bollène-Vésubie",
        "reference_track": "col_de_turini",
        "note_index": 63,
        "distance_m": 4910.0,
        "distance_lookup_m": 4740.746,
        "link_to_next": false,
        "notes": [
          "And",
          "Left2",
          "Tightens"
        ],
        "notes_text": "And, Left2, Tightens",
        "atoms": [
          {
            "kind": "connector",
            "source": "And",
            "name": "and"
          },
          {
            "kind": "turn",
            "source": "Left2",
            "side": "left",
            "severity": 2
          },
          {
            "kind": "modifier",
            "source": "Tightens",
            "name": "tightens"
          }
        ],
        "flags": {
          "groups": {
            "keep": null,
            "cut": null,
            "opening": null,
            "go": null
          },
          "bools": {
            "caution": false,
            "brake": false,
            "finish": false,
            "narrows": false,
            "tightens": true,
            "tightens_late": false,
            "late": false,
            "sudden": false
          },
          "linked_to_next": false,
          "turn": {
            "sides": [
              "left"
            ],
            "severity_max": 2,
            "severity_min": 2
          }
        },
        "ref_segment_index": 776,
        "ref_segment_t": 0.425667,
        "grp_keep": "",
        "grp_cut": "",
        "grp_opening": "",
        "grp_go": "",
        "flg_caution": false,
        "flg_brake": false,
        "flg_finish": false,
        "flg_narrows": false,
        "flg_tightens": true,
        "flg_tightens_late": false,
        "flg_late": false,
        "flg_sudden": false,
        "flg_linked_to_next": false,
        "turn_sides": "left",
        "flg_turn_left": true,
        "flg_turn_right": false,
        "turn_severity_min": 2,
        "turn_severity_max": 2
      }
    },
    {
      "type": "Feature",
      "geometry": {
        "type": "Point",
        "coordinates": [
          147.876,
          2399.48
        ]
      },
      "properties": {
        "kind": "pacenote",
        "stage": "Peïra Cava - La Bollène-Vésubie",
        "reference_track": "col_de_turini",
        "note_index": 64,
        "distance_m": 4991.0,
        "distance_lookup_m": 4821.746,
        "link_to_next": false,
        "notes": [
          "Into",
          "RightOpenHP"
        ],
        "notes_text": "Into, RightOpenHP",
        "atoms": [
          {
            "kind": "connector",
            "source": "Into",
            "name": "into"
          },
          {
            "kind": "turn",
            "source": "RightOpenHP",
            "side": "right",
            "style": "openhp"
          }
        ],
        "flags": {
          "groups": {
            "keep": null,
            "cut": null,
            "opening": null,
            "go": null
          },
          "bools": {
            "caution": false,
            "brake": false,
            "finish": false,
            "narrows": false,
            "tightens": false,
            "tightens_late": false,
            "late": false,
            "sudden": false
          },
          "linked_to_next": false,
          "turn": {
            "sides": [
              "right"
            ]
          }
        },
        "ref_segment_index": 789,
        "ref_segment_t": 0.231894,
        "grp_keep": "",
        "grp_cut": "",
        "grp_opening": "",
        "grp_go": "",
        "flg_caution": false,
        "flg_brake": false,
        "flg_finish": false,
        "flg_narrows": false,
        "flg_tightens": false,
        "flg_tightens_late": false,
        "flg_late": false,
        "flg_sudden": false,
        "flg_linked_to_next": false,
        "turn_sides": "right",
        "flg_turn_left": false,
        "flg_turn_right": true
      }
    },
    {
      "type": "Feature",
      "geometry": {
        "type": "Point",
        "coordinates": [
          203.169,
          2402.36
        ]
      },
      "properties": {
        "kind": "pacenote",
        "stage": "Peïra Cava - La Bollène-Vésubie",
        "reference_track": "col_de_turini",
        "note_index": 65,
        "distance_m": 5047.0,
        "distance_lookup_m": 4877.746,
        "link_to_next": true,
        "notes": [
          "Pause1s",
          "Left5"
        ],
        "notes_text": "Pause1s, Left5",
        "atoms": [
          {
            "kind": "pause",
            "source": "Pause1s",
            "seconds": 1.0,
            "reset": false
          },
          {
            "kind": "turn",
            "source": "Left5",
            "side": "left",
            "severity": 5
          }
        ],
        "flags": {
          "groups": {
            "keep": null,
            "cut": null,
            "opening": null,
            "go": null
          },
          "bools": {
            "caution": false,
            "brake": false,
            "finish": false,
            "narrows": false,
            "tightens": false,
            "tightens_late": false,
            "late": false,
            "sudden": false
          },
          "linked_to_next": true,
          "turn": {
            "sides": [
              "left"
            ],
            "severity_max": 5,
            "severity_min": 5
          },
          "pause_seconds": [
            1.0
          ]
        },
        "ref_segment_index": 796,
        "ref_segment_t": 0.955822,
        "grp_keep": "",
        "grp_cut": "",
        "grp_opening": "",
        "grp_go": "",
        "flg_caution": false,
        "flg_brake": false,
        "flg_finish": false,
        "flg_narrows": false,
        "flg_tightens": false,
        "flg_tightens_late": false,
        "flg_late": false,
        "flg_sudden": false,
        "flg_linked_to_next": true,
        "turn_sides": "left",
        "flg_turn_left": true,
        "flg_turn_right": false,
        "turn_severity_min": 5,
        "turn_severity_max": 5,
        "pause_seconds": "1.0"
      }
    },
    {
      "type": "Feature",
      "geometry": {
        "type": "Point",
        "coordinates": [
          245.313,
          2395.34
        ]
      },
      "properties": {
        "kind": "pacenote",
        "stage": "Peïra Cava - La Bollène-Vésubie",
        "reference_track": "col_de_turini",
        "note_index": 66,
        "distance_m": 5090.0,
        "distance_lookup_m": 4920.746,
        "link_to_next": false,
        "notes": [
          "Dist40"
        ],
        "notes_text": "Dist40",
        "atoms": [
          {
            "kind": "distance",
            "source": "Dist40",
            "meters": 40
          }
        ],
        "flags": {
          "groups": {
            "keep": null,
            "cut": null,
            "opening": null,
            "go": null
          },
          "bools": {
            "caution": false,
            "brake": false,
            "finish": false,
            "narrows": false,
            "tightens": false,
            "tightens_late": false,
            "late": false,
            "sudden": false
          },
          "linked_to_next": false,
          "distance_calls_m": [
            40
          ]
        },
        "ref_segment_index": 802,
        "ref_segment_t": 0.783496,
        "grp_keep": "",
        "grp_cut": "",
        "grp_opening": "",
        "grp_go": "",
        "flg_caution": false,
        "flg_brake": false,
        "flg_finish": false,
        "flg_narrows": false,
        "flg_tightens": false,
        "flg_tightens_late": false,
        "flg_late": false,
        "flg_sudden": false,
        "flg_linked_to_next": false,
        "turn_sides": "",
        "flg_turn_left": false,
        "flg_turn_right": false,
        "distance_calls_m": "40"
      }
    },
    {
      "type": "Feature",
      "geometry": {
        "type": "Point",
        "coordinates": [
          262.53,
          2365.518
        ]
      },
      "properties": {
        "kind": "pacenote",
        "stage": "Peïra Cava - La Bollène-Vésubie",
        "reference_track": "col_de_turini",
        "note_index": 67,
        "distance_m": 5131.0,
        "distance_lookup_m": 4961.746,
        "link_to_next": true,
        "notes": [
          "Left4",
          "Short"
        ],
        "notes_text": "Left4, Short",
        "atoms": [
          {
            "kind": "turn",
            "source": "Left4",
            "side": "left",
            "severity": 4
          },
          {
            "kind": "length",
            "source": "Short",
            "name": "short"
          }
        ],
        "flags": {
          "groups": {
            "keep": null,
            "cut": null,
            "opening": null,
            "go": null
          },
          "bools": {
            "caution": false,
            "brake": false,
            "finish": false,
            "narrows": false,
            "tightens": false,
            "tightens_late": false,
            "late": false,
            "sudden": false
          },
          "linked_to_next": true,
          "turn": {
            "sides": [
              "left"
            ],
            "severity_max": 4,
            "severity_min": 4
          }
        },
        "ref_segment_index": 810,
        "ref_segment_t": 0.144467,
        "grp_keep": "",
        "grp_cut": "",
        "grp_opening": "",
        "grp_go": "",
        "flg_caution": false,
        "flg_brake": false,
        "flg_finish": false,
        "flg_narrows": false,
        "flg_tightens": false,
        "flg_tightens_late": false,
        "flg_late": false,
        "flg_sudden": false,
        "flg_linked_to_next": true,
        "turn_sides": "left",
        "flg_turn_left": true,
        "flg_turn_right": false,
        "turn_severity_min": 4,
        "turn_severity_max": 4
      }
    },
    {
      "type": "Feature",
      "geometry": {
        "type": "Point",
        "coordinates": [
          244.012,
          2347.795
        ]
      },
      "properties": {
        "kind": "pacenote",
        "stage": "Peïra Cava - La Bollène-Vésubie",
        "reference_track": "col_de_turini",
        "note_index": 68,
        "distance_m": 5158.0,
        "distance_lookup_m": 4988.746,
        "link_to_next": true,
        "notes": [
          "Into",
          "Right3"
        ],
        "notes_text": "Into, Right3",
        "atoms": [
          {
            "kind": "connector",
            "source": "Into",
            "name": "into"
          },
          {
            "kind": "turn",
            "source": "Right3",
            "side": "right",
            "severity": 3
          }
        ],
        "flags": {
          "groups": {
            "keep": null,
            "cut": null,
            "opening": null,
            "go": null
          },
          "bools": {
            "caution": false,
            "brake": false,
            "finish": false,
            "narrows": false,
            "tightens": false,
            "tightens_late": false,
            "late": false,
            "sudden": false
          },
          "linked_to_next": true,
          "turn": {
            "sides": [
              "right"
            ],
            "severity_max": 3,
            "severity_min": 3
          }
        },
        "ref_segment_index": 814,
        "ref_segment_t": 0.852823,
        "grp_keep": "",
        "grp_cut": "",
        "grp_opening": "",
        "grp_go": "",
        "flg_caution": false,
        "flg_brake": false,
        "flg_finish": false,
        "flg_narrows": false,
        "flg_tightens": false,
        "flg_tightens_late": false,
        "flg_late": false,
        "flg_sudden": false,
        "flg_linked_to_next": true,
        "turn_sides": "right",
        "flg_turn_left": false,
        "flg_turn_right": true,
        "turn_severity_min": 3,
        "turn_severity_max": 3
      }
    },
    {
      "type": "Feature",
      "geometry": {
        "type": "Point",
        "coordinates": [
          203.784,
          2333.501
        ]
      },
      "properties": {
        "kind": "pacenote",
        "stage": "Peïra Cava - La Bollène-Vésubie",
        "reference_track": "col_de_turini",
        "note_index": 69,
        "distance_m": 5201.0,
        "distance_lookup_m": 5031.746,
        "link_to_next": false,
        "notes": [
          "Dist60"
        ],
        "notes_text": "Dist60",
        "atoms": [
          {
            "kind": "distance",
            "source": "Dist60",
            "meters": 60
          }
        ],
        "flags": {
          "groups": {
            "keep": null,
            "cut": null,
            "opening": null,
            "go": null
          },
          "bools": {
            "caution": false,
            "brake": false,
            "finish": false,
            "narrows": false,
            "tightens": false,
            "tightens_late": false,
            "late": false,
            "sudden": false
          },
          "linked_to_next": false,
          "distance_calls_m": [
            60
          ]
        },
        "ref_segment_index": 820,
        "ref_segment_t": 0.926022,
        "grp_keep": "",
        "grp_cut": "",
        "grp_opening": "",
        "grp_go": "",
        "flg_caution": false,
        "flg_brake": false,
        "flg_finish": false,
        "flg_narrows": false,
        "flg_tightens": false,
        "flg_tightens_late": false,
        "flg_late": false,
        "flg_sudden": false,
        "flg_linked_to_next": false,
        "turn_sides": "",
        "flg_turn_left": false,
        "flg_turn_right": false,
        "distance_calls_m": "60"
      }
    },
    {
      "type": "Feature",
      "geometry": {
        "type": "Point",
        "coordinates": [
          164.106,
          2292.125
        ]
      },
      "properties": {
        "kind": "pacenote",
        "stage": "Peïra Cava - La Bollène-Vésubie",
        "reference_track": "col_de_turini",
        "note_index": 70,
        "distance_m": 5259.0,
        "distance_lookup_m": 5089.746,
        "link_to_next": true,
        "notes": [
          "Right4"
        ],
        "notes_text": "Right4",
        "atoms": [
          {
            "kind": "turn",
            "source": "Right4",
            "side": "right",
            "severity": 4
          }
        ],
        "flags": {
          "groups": {
            "keep": null,
            "cut": null,
            "opening": null,
            "go": null
          },
          "bools": {
            "caution": false,
            "brake": false,
            "finish": false,
            "narrows": false,
            "tightens": false,
            "tightens_late": false,
            "late": false,
            "sudden": false
          },
          "linked_to_next": true,
          "turn": {
            "sides": [
              "right"
            ],
            "severity_max": 4,
            "severity_min": 4
          }
        },
        "ref_segment_index": 829,
        "ref_segment_t": 0.138885,
        "grp_keep": "",
        "grp_cut": "",
        "grp_opening": "",
        "grp_go": "",
        "flg_caution": false,
        "flg_brake": false,
        "flg_finish": false,
        "flg_narrows": false,
        "flg_tightens": false,
        "flg_tightens_late": false,
        "flg_late": false,
        "flg_sudden": false,
        "flg_linked_to_next": true,
        "turn_sides": "right",
        "flg_turn_left": false,
        "flg_turn_right": true,
        "turn_severity_min": 4,
        "turn_severity_max": 4
      }
    },
    {
      "type": "Feature",
      "geometry": {
        "type": "Point",
        "coordinates": [
          156.977,
          2251.996
        ]
      },
      "properties": {
        "kind": "pacenote",
        "stage": "Peïra Cava - La Bollène-Vésubie",
        "reference_track": "col_de_turini",
        "note_index": 71,
        "distance_m": 5301.0,
        "distance_lookup_m": 5131.746,
        "link_to_next": false,
        "notes": [
          "Brake",
          "Into",
          "Left2"
        ],
        "notes_text": "Brake, Into, Left2",
        "atoms": [
          {
            "kind": "hazard",
            "source": "Brake",
            "name": "brake"
          },
          {
            "kind": "connector",
            "source": "Into",
            "name": "into"
          },
          {
            "kind": "turn",
            "source": "Left2",
            "side": "left",
            "severity": 2
          }
        ],
        "flags": {
          "groups": {
            "keep": null,
            "cut": null,
            "opening": null,
            "go": null
          },
          "bools": {
            "caution": false,
            "brake": true,
            "finish": false,
            "narrows": false,
            "tightens": false,
            "tightens_late": false,
            "late": false,
            "sudden": false
          },
          "linked_to_next": false,
          "turn": {
            "sides": [
              "left"
            ],
            "severity_max": 2,
            "severity_min": 2
          }
        },
        "ref_segment_index": 835,
        "ref_segment_t": 0.594182,
        "grp_keep": "",
        "grp_cut": "",
        "grp_opening": "",
        "grp_go": "",
        "flg_caution": false,
        "flg_brake": true,
        "flg_finish": false,
        "flg_narrows": false,
        "flg_tightens": false,
        "flg_tightens_late": false,
        "flg_late": false,
        "flg_sudden": false,
        "flg_linked_to_next": false,
        "turn_sides": "left",
        "flg_turn_left": true,
        "flg_turn_right": false,
        "turn_severity_min": 2,
        "turn_severity_max": 2
      }
    },
    {
      "type": "Feature",
      "geometry": {
        "type": "Point",
        "coordinates": [
          139.038,
          2198.817
        ]
      },
      "properties": {
        "kind": "pacenote",
        "stage": "Peïra Cava - La Bollène-Vésubie",
        "reference_track": "col_de_turini",
        "note_index": 72,
        "distance_m": 5358.0,
        "distance_lookup_m": 5188.746,
        "link_to_next": true,
        "notes": [
          "And",
          "Right2",
          "Tightens"
        ],
        "notes_text": "And, Right2, Tightens",
        "atoms": [
          {
            "kind": "connector",
            "source": "And",
            "name": "and"
          },
          {
            "kind": "turn",
            "source": "Right2",
            "side": "right",
            "severity": 2
          },
          {
            "kind": "modifier",
            "source": "Tightens",
            "name": "tightens"
          }
        ],
        "flags": {
          "groups": {
            "keep": null,
            "cut": null,
            "opening": null,
            "go": null
          },
          "bools": {
            "caution": false,
            "brake": false,
            "finish": false,
            "narrows": false,
            "tightens": true,
            "tightens_late": false,
            "late": false,
            "sudden": false
          },
          "linked_to_next": true,
          "turn": {
            "sides": [
              "right"
            ],
            "severity_max": 2,
            "severity_min": 2
          }
        },
        "ref_segment_index": 842,
        "ref_segment_t": 0.751061,
        "grp_keep": "",
        "grp_cut": "",
        "grp_opening": "",
        "grp_go": "",
        "flg_caution": false,
        "flg_brake": false,
        "flg_finish": false,
        "flg_narrows": false,
        "flg_tightens": true,
        "flg_tightens_late": false,
        "flg_late": false,
        "flg_sudden": false,
        "flg_linked_to_next": true,
        "turn_sides": "right",
        "flg_turn_left": false,
        "flg_turn_right": true,
        "turn_severity_min": 2,
        "turn_severity_max": 2
      }
    },
    {
      "type": "Feature",
      "geometry": {
        "type": "Point",
        "coordinates": [
          129.465,
          2145.854
        ]
      },
      "properties": {
        "kind": "pacenote",
        "stage": "Peïra Cava - La Bollène-Vésubie",
        "reference_track": "col_de_turini",
        "note_index": 73,
        "distance_m": 5412.0,
        "distance_lookup_m": 5242.746,
        "link_to_next": false,
        "notes": [
          "Dist60"
        ],
        "notes_text": "Dist60",
        "atoms": [
          {
            "kind": "distance",
            "source": "Dist60",
            "meters": 60
          }
        ],
        "flags": {
          "groups": {
            "keep": null,
            "cut": null,
            "opening": null,
            "go": null
          },
          "bools": {
            "caution": false,
            "brake": false,
            "finish": false,
            "narrows": false,
            "tightens": false,
            "tightens_late": false,
            "late": false,
            "sudden": false
          },
          "linked_to_next": false,
          "distance_calls_m": [
            60
          ]
        },
        "ref_segment_index": 848,
        "ref_segment_t": 0.313306,
        "grp_keep": "",
        "grp_cut": "",
        "grp_opening": "",
        "grp_go": "",
        "flg_caution": false,
        "flg_brake": false,
        "flg_finish": false,
        "flg_narrows": false,
        "flg_tightens": false,
        "flg_tightens_late": false,
        "flg_late": false,
        "flg_sudden": false,
        "flg_linked_to_next": false,
        "turn_sides": "",
        "flg_turn_left": false,
        "flg_turn_right": false,
        "distance_calls_m": "60"
      }
    },
    {
      "type": "Feature",
      "geometry": {
        "type": "Point",
        "coordinates": [
          130.97,
          2083.616
        ]
      },
      "properties": {
        "kind": "pacenote",
        "stage": "Peïra Cava - La Bollène-Vésubie",
        "reference_track": "col_de_turini",
        "note_index": 74,
        "distance_m": 5475.0,
        "distance_lookup_m": 5305.746,
        "link_to_next": false,
        "notes": [
          "Left2"
        ],
        "notes_text": "Left2",
        "atoms": [
          {
            "kind": "turn",
            "source": "Left2",
            "side": "left",
            "severity": 2
          }
        ],
        "flags": {
          "groups": {
            "keep": null,
            "cut": null,
            "opening": null,
            "go": null
          },
          "bools": {
            "caution": false,
            "brake": false,
            "finish": false,
            "narrows": false,
            "tightens": false,
            "tightens_late": false,
            "late": false,
            "sudden": false
          },
          "linked_to_next": false,
          "turn": {
            "sides": [
              "left"
            ],
            "severity_max": 2,
            "severity_min": 2
          }
        },
        "ref_segment_index": 854,
        "ref_segment_t": 0.339708,
        "grp_keep": "",
        "grp_cut": "",
        "grp_opening": "",
        "grp_go": "",
        "flg_caution": false,
        "flg_brake": false,
        "flg_finish": false,
        "flg_narrows": false,
        "flg_tightens": false,
        "flg_tightens_late": false,
        "flg_late": false,
        "flg_sudden": false,
        "flg_linked_to_next": false,
        "turn_sides": "left",
        "flg_turn_left": true,
        "flg_turn_right": false,
        "turn_severity_min": 2,
        "turn_severity_max": 2
      }
    },
    {
      "type": "Feature",
      "geometry": {
        "type": "Point",
        "coordinates": [
          141.209,
          2038.008
        ]
      },
      "properties": {
        "kind": "pacenote",
        "stage": "Peïra Cava - La Bollène-Vésubie",
        "reference_track": "col_de_turini",
        "note_index": 75,
        "distance_m": 5523.0,
        "distance_lookup_m": 5353.746,
        "link_to_next": true,
        "notes": [
          "And",
          "Right4"
        ],
        "notes_text": "And, Right4",
        "atoms": [
          {
            "kind": "connector",
            "source": "And",
            "name": "and"
          },
          {
            "kind": "turn",
            "source": "Right4",
            "side": "right",
            "severity": 4
          }
        ],
        "flags": {
          "groups": {
            "keep": null,
            "cut": null,
            "opening": null,
            "go": null
          },
          "bools": {
            "caution": false,
            "brake": false,
            "finish": false,
            "narrows": false,
            "tightens": false,
            "tightens_late": false,
            "late": false,
            "sudden": false
          },
          "linked_to_next": true,
          "turn": {
            "sides": [
              "right"
            ],
            "severity_max": 4,
            "severity_min": 4
          }
        },
        "ref_segment_index": 861,
        "ref_segment_t": 0.665708,
        "grp_keep": "",
        "grp_cut": "",
        "grp_opening": "",
        "grp_go": "",
        "flg_caution": false,
        "flg_brake": false,
        "flg_finish": false,
        "flg_narrows": false,
        "flg_tightens": false,
        "flg_tightens_late": false,
        "flg_late": false,
        "flg_sudden": false,
        "flg_linked_to_next": true,
        "turn_sides": "right",
        "flg_turn_left": false,
        "flg_turn_right": true,
        "turn_severity_min": 4,
        "turn_severity_max": 4
      }
    },
    {
      "type": "Feature",
      "geometry": {
        "type": "Point",
        "coordinates": [
          174.822,
          2021.697
        ]
      },
      "properties": {
        "kind": "pacenote",
        "stage": "Peïra Cava - La Bollène-Vésubie",
        "reference_track": "col_de_turini",
        "note_index": 76,
        "distance_m": 5561.0,
        "distance_lookup_m": 5391.746,
        "link_to_next": false,
        "notes": [
          "And",
          "Left4"
        ],
        "notes_text": "And, Left4",
        "atoms": [
          {
            "kind": "connector",
            "source": "And",
            "name": "and"
          },
          {
            "kind": "turn",
            "source": "Left4",
            "side": "left",
            "severity": 4
          }
        ],
        "flags": {
          "groups": {
            "keep": null,
            "cut": null,
            "opening": null,
            "go": null
          },
          "bools": {
            "caution": false,
            "brake": false,
            "finish": false,
            "narrows": false,
            "tightens": false,
            "tightens_late": false,
            "late": false,
            "sudden": false
          },
          "linked_to_next": false,
          "turn": {
            "sides": [
              "left"
            ],
            "severity_max": 4,
            "severity_min": 4
          }
        },
        "ref_segment_index": 867,
        "ref_segment_t": 0.039767,
        "grp_keep": "",
        "grp_cut": "",
        "grp_opening": "",
        "grp_go": "",
        "flg_caution": false,
        "flg_brake": false,
        "flg_finish": false,
        "flg_narrows": false,
        "flg_tightens": false,
        "flg_tightens_late": false,
        "flg_late": false,
        "flg_sudden": false,
        "flg_linked_to_next": false,
        "turn_sides": "left",
        "flg_turn_left": true,
        "flg_turn_right": false,
        "turn_severity_min": 4,
        "turn_severity_max": 4
      }
    },
    {
      "type": "Feature",
      "geometry": {
        "type": "Point",
        "coordinates": [
          222.211,
          2023.467
        ]
      },
      "properties": {
        "kind": "pacenote",
        "stage": "Peïra Cava - La Bollène-Vésubie",
        "reference_track": "col_de_turini",
        "note_index": 77,
        "distance_m": 5609.0,
        "distance_lookup_m": 5439.746,
        "link_to_next": false,
        "notes": [
          "Caution",
          "Right5",
          "Long",
          "Tighten3",
          "Late"
        ],
        "notes_text": "Caution, Right5, Long, Tighten3, Late",
        "atoms": [
          {
            "kind": "hazard",
            "source": "Caution",
            "name": "caution"
          },
          {
            "kind": "turn",
            "source": "Right5",
            "side": "right",
            "severity": 5
          },
          {
            "kind": "length",
            "source": "Long",
            "name": "long"
          },
          {
            "kind": "modifier",
            "source": "Tighten3",
            "name": "tighten",
            "level": 3
          },
          {
            "kind": "modifier",
            "source": "Late",
            "name": "late"
          }
        ],
        "flags": {
          "groups": {
            "keep": null,
            "cut": null,
            "opening": null,
            "go": null
          },
          "bools": {
            "caution": true,
            "brake": false,
            "finish": false,
            "narrows": false,
            "tightens": false,
            "tightens_late": false,
            "late": true,
            "sudden": false
          },
          "linked_to_next": false,
          "turn": {
            "sides": [
              "right"
            ],
            "severity_max": 5,
            "severity_min": 5
          }
        },
        "ref_segment_index": 872,
        "ref_segment_t": 0.768178,
        "grp_keep": "",
        "grp_cut": "",
        "grp_opening": "",
        "grp_go": "",
        "flg_caution": true,
        "flg_brake": false,
        "flg_finish": false,
        "flg_narrows": false,
        "flg_tightens": false,
        "flg_tightens_late": false,
        "flg_late": true,
        "flg_sudden": false,
        "flg_linked_to_next": false,
        "turn_sides": "right",
        "flg_turn_left": false,
        "flg_turn_right": true,
        "turn_severity_min": 5,
        "turn_severity_max": 5
      }
    },
    {
      "type": "Feature",
      "geometry": {
        "type": "Point",
        "coordinates": [
          403.37,
          2063.025
        ]
      },
      "properties": {
        "kind": "pacenote",
        "stage": "Peïra Cava - La Bollène-Vésubie",
        "reference_track": "col_de_turini",
        "note_index": 78,
        "distance_m": 5797.0,
        "distance_lookup_m": 5627.746,
        "link_to_next": true,
        "notes": [
          "And",
          "Left3",
          "TightensLate"
        ],
        "notes_text": "And, Left3, TightensLate",
        "atoms": [
          {
            "kind": "connector",
            "source": "And",
            "name": "and"
          },
          {
            "kind": "turn",
            "source": "Left3",
            "side": "left",
            "severity": 3
          },
          {
            "kind": "modifier",
            "source": "TightensLate",
            "name": "tightens_late"
          }
        ],
        "flags": {
          "groups": {
            "keep": null,
            "cut": null,
            "opening": null,
            "go": null
          },
          "bools": {
            "caution": false,
            "brake": false,
            "finish": false,
            "narrows": false,
            "tightens": false,
            "tightens_late": true,
            "late": false,
            "sudden": false
          },
          "linked_to_next": true,
          "turn": {
            "sides": [
              "left"
            ],
            "severity_max": 3,
            "severity_min": 3
          }
        },
        "ref_segment_index": 891,
        "ref_segment_t": 0.091428,
        "grp_keep": "",
        "grp_cut": "",
        "grp_opening": "",
        "grp_go": "",
        "flg_caution": false,
        "flg_brake": false,
        "flg_finish": false,
        "flg_narrows": false,
        "flg_tightens": false,
        "flg_tightens_late": true,
        "flg_late": false,
        "flg_sudden": false,
        "flg_linked_to_next": true,
        "turn_sides": "left",
        "flg_turn_left": true,
        "flg_turn_right": false,
        "turn_severity_min": 3,
        "turn_severity_max": 3
      }
    },
    {
      "type": "Feature",
      "geometry": {
        "type": "Point",
        "coordinates": [
          477.915,
          2084.229
        ]
      },
      "properties": {
        "kind": "pacenote",
        "stage": "Peïra Cava - La Bollène-Vésubie",
        "reference_track": "col_de_turini",
        "note_index": 79,
        "distance_m": 5875.0,
        "distance_lookup_m": 5705.746,
        "link_to_next": false,
        "notes": [
          "Dist100"
        ],
        "notes_text": "Dist100",
        "atoms": [
          {
            "kind": "distance",
            "source": "Dist100",
            "meters": 100
          }
        ],
        "flags": {
          "groups": {
            "keep": null,
            "cut": null,
            "opening": null,
            "go": null
          },
          "bools": {
            "caution": false,
            "brake": false,
            "finish": false,
            "narrows": false,
            "tightens": false,
            "tightens_late": false,
            "late": false,
            "sudden": false
          },
          "linked_to_next": false,
          "distance_calls_m": [
            100
          ]
        },
        "ref_segment_index": 899,
        "ref_segment_t": 0.132657,
        "grp_keep": "",
        "grp_cut": "",
        "grp_opening": "",
        "grp_go": "",
        "flg_caution": false,
        "flg_brake": false,
        "flg_finish": false,
        "flg_narrows": false,
        "flg_tightens": false,
        "flg_tightens_late": false,
        "flg_late": false,
        "flg_sudden": false,
        "flg_linked_to_next": false,
        "turn_sides": "",
        "flg_turn_left": false,
        "flg_turn_right": false,
        "distance_calls_m": "100"
      }
    },
    {
      "type": "Feature",
      "geometry": {
        "type": "Point",
        "coordinates": [
          511.199,
          2092.906
        ]
      },
      "properties": {
        "kind": "pacenote",
        "stage": "Peïra Cava - La Bollène-Vésubie",
        "reference_track": "col_de_turini",
        "note_index": 80,
        "distance_m": 5982.0,
        "distance_lookup_m": 5812.746,
        "link_to_next": false,
        "notes": [
          "Right4",
          "Short"
        ],
        "notes_text": "Right4, Short",
        "atoms": [
          {
            "kind": "turn",
            "source": "Right4",
            "side": "right",
            "severity": 4
          },
          {
            "kind": "length",
            "source": "Short",
            "name": "short"
          }
        ],
        "flags": {
          "groups": {
            "keep": null,
            "cut": null,
            "opening": null,
            "go": null
          },
          "bools": {
            "caution": false,
            "brake": false,
            "finish": false,
            "narrows": false,
            "tightens": false,
            "tightens_late": false,
            "late": false,
            "sudden": false
          },
          "linked_to_next": false,
          "turn": {
            "sides": [
              "right"
            ],
            "severity_max": 4,
            "severity_min": 4
          }
        },
        "ref_segment_index": 922,
        "ref_segment_t": 0.486694,
        "grp_keep": "",
        "grp_cut": "",
        "grp_opening": "",
        "grp_go": "",
        "flg_caution": false,
        "flg_brake": false,
        "flg_finish": false,
        "flg_narrows": false,
        "flg_tightens": false,
        "flg_tightens_late": false,
        "flg_late": false,
        "flg_sudden": false,
        "flg_linked_to_next": false,
        "turn_sides": "right",
        "flg_turn_left": false,
        "flg_turn_right": true,
        "turn_severity_min": 4,
        "turn_severity_max": 4
      }
    },
    {
      "type": "Feature",
      "geometry": {
        "type": "Point",
        "coordinates": [
          468.472,
          2107.496
        ]
      },
      "properties": {
        "kind": "pacenote",
        "stage": "Peïra Cava - La Bollène-Vésubie",
        "reference_track": "col_de_turini",
        "note_index": 81,
        "distance_m": 6028.0,
        "distance_lookup_m": 5858.746,
        "link_to_next": true,
        "notes": [
          "And",
          "Left5"
        ],
        "notes_text": "And, Left5",
        "atoms": [
          {
            "kind": "connector",
            "source": "And",
            "name": "and"
          },
          {
            "kind": "turn",
            "source": "Left5",
            "side": "left",
            "severity": 5
          }
        ],
        "flags": {
          "groups": {
            "keep": null,
            "cut": null,
            "opening": null,
            "go": null
          },
          "bools": {
            "caution": false,
            "brake": false,
            "finish": false,
            "narrows": false,
            "tightens": false,
            "tightens_late": false,
            "late": false,
            "sudden": false
          },
          "linked_to_next": true,
          "turn": {
            "sides": [
              "left"
            ],
            "severity_max": 5,
            "severity_min": 5
          }
        },
        "ref_segment_index": 930,
        "ref_segment_t": 0.780895,
        "grp_keep": "",
        "grp_cut": "",
        "grp_opening": "",
        "grp_go": "",
        "flg_caution": false,
        "flg_brake": false,
        "flg_finish": false,
        "flg_narrows": false,
        "flg_tightens": false,
        "flg_tightens_late": false,
        "flg_late": false,
        "flg_sudden": false,
        "flg_linked_to_next": true,
        "turn_sides": "left",
        "flg_turn_left": true,
        "flg_turn_right": false,
        "turn_severity_min": 5,
        "turn_severity_max": 5
      }
    },
    {
      "type": "Feature",
      "geometry": {
        "type": "Point",
        "coordinates": [
          424.917,
          2104.844
        ]
      },
      "properties": {
        "kind": "pacenote",
        "stage": "Peïra Cava - La Bollène-Vésubie",
        "reference_track": "col_de_turini",
        "note_index": 82,
        "distance_m": 6072.0,
        "distance_lookup_m": 5902.746,
        "link_to_next": true,
        "notes": [
          "Into",
          "Right4"
        ],
        "notes_text": "Into, Right4",
        "atoms": [
          {
            "kind": "connector",
            "source": "Into",
            "name": "into"
          },
          {
            "kind": "turn",
            "source": "Right4",
            "side": "right",
            "severity": 4
          }
        ],
        "flags": {
          "groups": {
            "keep": null,
            "cut": null,
            "opening": null,
            "go": null
          },
          "bools": {
            "caution": false,
            "brake": false,
            "finish": false,
            "narrows": false,
            "tightens": false,
            "tightens_late": false,
            "late": false,
            "sudden": false
          },
          "linked_to_next": true,
          "turn": {
            "sides": [
              "right"
            ],
            "severity_max": 4,
            "severity_min": 4
          }
        },
        "ref_segment_index": 936,
        "ref_segment_t": 0.509892,
        "grp_keep": "",
        "grp_cut": "",
        "grp_opening": "",
        "grp_go": "",
        "flg_caution": false,
        "flg_brake": false,
        "flg_finish": false,
        "flg_narrows": false,
        "flg_tightens": false,
        "flg_tightens_late": false,
        "flg_late": false,
        "flg_sudden": false,
        "flg_linked_to_next": true,
        "turn_sides": "right",
        "flg_turn_left": false,
        "flg_turn_right": true,
        "turn_severity_min": 4,
        "turn_severity_max": 4
      }
    },
    {
      "type": "Feature",
      "geometry": {
        "type": "Point",
        "coordinates": [
          385.055,
          2112.799
        ]
      },
      "properties": {
        "kind": "pacenote",
        "stage": "Peïra Cava - La Bollène-Vésubie",
        "reference_track": "col_de_turini",
        "note_index": 83,
        "distance_m": 6113.0,
        "distance_lookup_m": 5943.746,
        "link_to_next": true,
        "notes": [
          "Pause0.1s_Reset",
          "And",
          "Left5"
        ],
        "notes_text": "Pause0.1s_Reset, And, Left5",
        "atoms": [
          {
            "kind": "pause",
            "source": "Pause0.1s_Reset",
            "seconds": 0.1,
            "reset": true
          },
          {
            "kind": "connector",
            "source": "And",
            "name": "and"
          },
          {
            "kind": "turn",
            "source": "Left5",
            "side": "left",
            "severity": 5
          }
        ],
        "flags": {
          "groups": {
            "keep": null,
            "cut": null,
            "opening": null,
            "go": null
          },
          "bools": {
            "caution": false,
            "brake": false,
            "finish": false,
            "narrows": false,
            "tightens": false,
            "tightens_late": false,
            "late": false,
            "sudden": false
          },
          "linked_to_next": true,
          "turn": {
            "sides": [
              "left"
            ],
            "severity_max": 5,
            "severity_min": 5
          },
          "pause_seconds": [
            0.1
          ]
        },
        "ref_segment_index": 941,
        "ref_segment_t": 0.22331,
        "grp_keep": "",
        "grp_cut": "",
        "grp_opening": "",
        "grp_go": "",
        "flg_caution": false,
        "flg_brake": false,
        "flg_finish": false,
        "flg_narrows": false,
        "flg_tightens": false,
        "flg_tightens_late": false,
        "flg_late": false,
        "flg_sudden": false,
        "flg_linked_to_next": true,
        "turn_sides": "left",
        "flg_turn_left": true,
        "flg_turn_right": false,
        "turn_severity_min": 5,
        "turn_severity_max": 5,
        "pause_seconds": "0.1"
      }
    },
    {
      "type": "Feature",
      "geometry": {
        "type": "Point",
        "coordinates": [
          344.231,
          2125.961
        ]
      },
      "properties": {
        "kind": "pacenote",
        "stage": "Peïra Cava - La Bollène-Vésubie",
        "reference_track": "col_de_turini",
        "note_index": 84,
        "distance_m": 6156.0,
        "distance_lookup_m": 5986.746,
        "link_to_next": true,
        "notes": [
          "Pause0.1s_Reset",
          "Into",
          "Right4",
          "Opens"
        ],
        "notes_text": "Pause0.1s_Reset, Into, Right4, Opens",
        "atoms": [
          {
            "kind": "pause",
            "source": "Pause0.1s_Reset",
            "seconds": 0.1,
            "reset": true
          },
          {
            "kind": "connector",
            "source": "Into",
            "name": "into"
          },
          {
            "kind": "turn",
            "source": "Right4",
            "side": "right",
            "severity": 4
          },
          {
            "kind": "opening",
            "source": "Opens",
            "name": "opens"
          }
        ],
        "flags": {
          "groups": {
            "keep": null,
            "cut": null,
            "opening": "opens",
            "go": null
          },
          "bools": {
            "caution": false,
            "brake": false,
            "finish": false,
            "narrows": false,
            "tightens": false,
            "tightens_late": false,
            "late": false,
            "sudden": false
          },
          "linked_to_next": true,
          "turn": {
            "sides": [
              "right"
            ],
            "severity_max": 4,
            "severity_min": 4
          },
          "pause_seconds": [
            0.1
          ]
        },
        "ref_segment_index": 945,
        "ref_segment_t": 0.512319,
        "grp_keep": "",
        "grp_cut": "",
        "grp_opening": "opens",
        "grp_go": "",
        "flg_caution": false,
        "flg_brake": false,
        "flg_finish": false,
        "flg_narrows": false,
        "flg_tightens": false,
        "flg_tightens_late": false,
        "flg_late": false,
        "flg_sudden": false,
        "flg_linked_to_next": true,
        "turn_sides": "right",
        "flg_turn_left": false,
        "flg_turn_right": true,
        "turn_severity_min": 4,
        "turn_severity_max": 4,
        "pause_seconds": "0.1"
      }
    },
    {
      "type": "Feature",
      "geometry": {
        "type": "Point",
        "coordinates": [
          264.864,
          2149.211
        ]
      },
      "properties": {
        "kind": "pacenote",
        "stage": "Peïra Cava - La Bollène-Vésubie",
        "reference_track": "col_de_turini",
        "note_index": 85,
        "distance_m": 6239.0,
        "distance_lookup_m": 6069.746,
        "link_to_next": false,
        "notes": [
          "Dist70"
        ],
        "notes_text": "Dist70",
        "atoms": [
          {
            "kind": "distance",
            "source": "Dist70",
            "meters": 70
          }
        ],
        "flags": {
          "groups": {
            "keep": null,
            "cut": null,
            "opening": null,
            "go": null
          },
          "bools": {
            "caution": false,
            "brake": false,
            "finish": false,
            "narrows": false,
            "tightens": false,
            "tightens_late": false,
            "late": false,
            "sudden": false
          },
          "linked_to_next": false,
          "distance_calls_m": [
            70
          ]
        },
        "ref_segment_index": 952,
        "ref_segment_t": 0.882635,
        "grp_keep": "",
        "grp_cut": "",
        "grp_opening": "",
        "grp_go": "",
        "flg_caution": false,
        "flg_brake": false,
        "flg_finish": false,
        "flg_narrows": false,
        "flg_tightens": false,
        "flg_tightens_late": false,
        "flg_late": false,
        "flg_sudden": false,
        "flg_linked_to_next": false,
        "turn_sides": "",
        "flg_turn_left": false,
        "flg_turn_right": false,
        "distance_calls_m": "70"
      }
    },
    {
      "type": "Feature",
      "geometry": {
        "type": "Point",
        "coordinates": [
          229.738,
          2177.506
        ]
      },
      "properties": {
        "kind": "pacenote",
        "stage": "Peïra Cava - La Bollène-Vésubie",
        "reference_track": "col_de_turini",
        "note_index": 86,
        "distance_m": 6315.0,
        "distance_lookup_m": 6145.746,
        "link_to_next": true,
        "notes": [
          "Left1",
          "Tightens"
        ],
        "notes_text": "Left1, Tightens",
        "atoms": [
          {
            "kind": "turn",
            "source": "Left1",
            "side": "left",
            "severity": 1
          },
          {
            "kind": "modifier",
            "source": "Tightens",
            "name": "tightens"
          }
        ],
        "flags": {
          "groups": {
            "keep": null,
            "cut": null,
            "opening": null,
            "go": null
          },
          "bools": {
            "caution": false,
            "brake": false,
            "finish": false,
            "narrows": false,
            "tightens": true,
            "tightens_late": false,
            "late": false,
            "sudden": false
          },
          "linked_to_next": true,
          "turn": {
            "sides": [
              "left"
            ],
            "severity_max": 1,
            "severity_min": 1
          }
        },
        "ref_segment_index": 967,
        "ref_segment_t": 0.545276,
        "grp_keep": "",
        "grp_cut": "",
        "grp_opening": "",
        "grp_go": "",
        "flg_caution": false,
        "flg_brake": false,
        "flg_finish": false,
        "flg_narrows": false,
        "flg_tightens": true,
        "flg_tightens_late": false,
        "flg_late": false,
        "flg_sudden": false,
        "flg_linked_to_next": true,
        "turn_sides": "left",
        "flg_turn_left": true,
        "flg_turn_right": false,
        "turn_severity_min": 1,
        "turn_severity_max": 1
      }
    },
    {
      "type": "Feature",
      "geometry": {
        "type": "Point",
        "coordinates": [
          297.956,
          2164.012
        ]
      },
      "properties": {
        "kind": "pacenote",
        "stage": "Peïra Cava - La Bollène-Vésubie",
        "reference_track": "col_de_turini",
        "note_index": 87,
        "distance_m": 6386.0,
        "distance_lookup_m": 6216.746,
        "link_to_next": false,
        "notes": [
          "Dist50"
        ],
        "notes_text": "Dist50",
        "atoms": [
          {
            "kind": "distance",
            "source": "Dist50",
            "meters": 50
          }
        ],
        "flags": {
          "groups": {
            "keep": null,
            "cut": null,
            "opening": null,
            "go": null
          },
          "bools": {
            "caution": false,
            "brake": false,
            "finish": false,
            "narrows": false,
            "tightens": false,
            "tightens_late": false,
            "late": false,
            "sudden": false
          },
          "linked_to_next": false,
          "distance_calls_m": [
            50
          ]
        },
        "ref_segment_index": 978,
        "ref_segment_t": 0.524692,
        "grp_keep": "",
        "grp_cut": "",
        "grp_opening": "",
        "grp_go": "",
        "flg_caution": false,
        "flg_brake": false,
        "flg_finish": false,
        "flg_narrows": false,
        "flg_tightens": false,
        "flg_tightens_late": false,
        "flg_late": false,
        "flg_sudden": false,
        "flg_linked_to_next": false,
        "turn_sides": "",
        "flg_turn_left": false,
        "flg_turn_right": false,
        "distance_calls_m": "50"
      }
    },
    {
      "type": "Feature",
      "geometry": {
        "type": "Point",
        "coordinates": [
          349.808,
          2163.659
        ]
      },
      "properties": {
        "kind": "pacenote",
        "stage": "Peïra Cava - La Bollène-Vésubie",
        "reference_track": "col_de_turini",
        "note_index": 88,
        "distance_m": 6438.0,
        "distance_lookup_m": 6268.746,
        "link_to_next": true,
        "notes": [
          "Right1",
          "Long",
          "TightensLate"
        ],
        "notes_text": "Right1, Long, TightensLate",
        "atoms": [
          {
            "kind": "turn",
            "source": "Right1",
            "side": "right",
            "severity": 1
          },
          {
            "kind": "length",
            "source": "Long",
            "name": "long"
          },
          {
            "kind": "modifier",
            "source": "TightensLate",
            "name": "tightens_late"
          }
        ],
        "flags": {
          "groups": {
            "keep": null,
            "cut": null,
            "opening": null,
            "go": null
          },
          "bools": {
            "caution": false,
            "brake": false,
            "finish": false,
            "narrows": false,
            "tightens": false,
            "tightens_late": true,
            "late": false,
            "sudden": false
          },
          "linked_to_next": true,
          "turn": {
            "sides": [
              "right"
            ],
            "severity_max": 1,
            "severity_min": 1
          }
        },
        "ref_segment_index": 984,
        "ref_segment_t": 0.292315,
        "grp_keep": "",
        "grp_cut": "",
        "grp_opening": "",
        "grp_go": "",
        "flg_caution": false,
        "flg_brake": false,
        "flg_finish": false,
        "flg_narrows": false,
        "flg_tightens": false,
        "flg_tightens_late": true,
        "flg_late": false,
        "flg_sudden": false,
        "flg_linked_to_next": true,
        "turn_sides": "right",
        "flg_turn_left": false,
        "flg_turn_right": true,
        "turn_severity_min": 1,
        "turn_severity_max": 1
      }
    },
    {
      "type": "Feature",
      "geometry": {
        "type": "Point",
        "coordinates": [
          417.902,
          2170.819
        ]
      },
      "properties": {
        "kind": "pacenote",
        "stage": "Peïra Cava - La Bollène-Vésubie",
        "reference_track": "col_de_turini",
        "note_index": 89,
        "distance_m": 6507.0,
        "distance_lookup_m": 6337.746,
        "link_to_next": false,
        "notes": [
          "Dist60"
        ],
        "notes_text": "Dist60",
        "atoms": [
          {
            "kind": "distance",
            "source": "Dist60",
            "meters": 60
          }
        ],
        "flags": {
          "groups": {
            "keep": null,
            "cut": null,
            "opening": null,
            "go": null
          },
          "bools": {
            "caution": false,
            "brake": false,
            "finish": false,
            "narrows": false,
            "tightens": false,
            "tightens_late": false,
            "late": false,
            "sudden": false
          },
          "linked_to_next": false,
          "distance_calls_m": [
            60
          ]
        },
        "ref_segment_index": 990,
        "ref_segment_t": 0.74019,
        "grp_keep": "",
        "grp_cut": "",
        "grp_opening": "",
        "grp_go": "",
        "flg_caution": false,
        "flg_brake": false,
        "flg_finish": false,
        "flg_narrows": false,
        "flg_tightens": false,
        "flg_tightens_late": false,
        "flg_late": false,
        "flg_sudden": false,
        "flg_linked_to_next": false,
        "turn_sides": "",
        "flg_turn_left": false,
        "flg_turn_right": false,
        "distance_calls_m": "60"
      }
    },
    {
      "type": "Feature",
      "geometry": {
        "type": "Point",
        "coordinates": [
          477.992,
          2175.392
        ]
      },
      "properties": {
        "kind": "pacenote",
        "stage": "Peïra Cava - La Bollène-Vésubie",
        "reference_track": "col_de_turini",
        "note_index": 90,
        "distance_m": 6568.0,
        "distance_lookup_m": 6398.746,
        "link_to_next": false,
        "notes": [
          "Left3",
          "Long",
          "Widens",
          "And",
          "TightensLate"
        ],
        "notes_text": "Left3, Long, Widens, And, TightensLate",
        "atoms": [
          {
            "kind": "turn",
            "source": "Left3",
            "side": "left",
            "severity": 3
          },
          {
            "kind": "length",
            "source": "Long",
            "name": "long"
          },
          {
            "kind": "opening",
            "source": "Widens",
            "name": "widens"
          },
          {
            "kind": "connector",
            "source": "And",
            "name": "and"
          },
          {
            "kind": "modifier",
            "source": "TightensLate",
            "name": "tightens_late"
          }
        ],
        "flags": {
          "groups": {
            "keep": null,
            "cut": null,
            "opening": "widens",
            "go": null
          },
          "bools": {
            "caution": false,
            "brake": false,
            "finish": false,
            "narrows": false,
            "tightens": false,
            "tightens_late": true,
            "late": false,
            "sudden": false
          },
          "linked_to_next": false,
          "turn": {
            "sides": [
              "left"
            ],
            "severity_max": 3,
            "severity_min": 3
          }
        },
        "ref_segment_index": 996,
        "ref_segment_t": 0.611359,
        "grp_keep": "",
        "grp_cut": "",
        "grp_opening": "widens",
        "grp_go": "",
        "flg_caution": false,
        "flg_brake": false,
        "flg_finish": false,
        "flg_narrows": false,
        "flg_tightens": false,
        "flg_tightens_late": true,
        "flg_late": false,
        "flg_sudden": false,
        "flg_linked_to_next": false,
        "turn_sides": "left",
        "flg_turn_left": true,
        "flg_turn_right": false,
        "turn_severity_min": 3,
        "turn_severity_max": 3
      }
    },
    {
      "type": "Feature",
      "geometry": {
        "type": "Point",
        "coordinates": [
          587.515,
          2182.377
        ]
      },
      "properties": {
        "kind": "pacenote",
        "stage": "Peïra Cava - La Bollène-Vésubie",
        "reference_track": "col_de_turini",
        "note_index": 91,
        "distance_m": 6683.0,
        "distance_lookup_m": 6513.746,
        "link_to_next": true,
        "notes": [
          "Caution",
          "Left3",
          "AtJunction",
          "Narrows",
          "OverCrest"
        ],
        "notes_text": "Caution, Left3, AtJunction, Narrows, OverCrest",
        "atoms": [
          {
            "kind": "hazard",
            "source": "Caution",
            "name": "caution"
          },
          {
            "kind": "turn",
            "source": "Left3",
            "side": "left",
            "severity": 3
          },
          {
            "kind": "other",
            "source": "AtJunction",
            "name": "AtJunction"
          },
          {
            "kind": "modifier",
            "source": "Narrows",
            "name": "narrows"
          },
          {
            "kind": "feature",
            "source": "OverCrest",
            "name": "over_crest"
          }
        ],
        "flags": {
          "groups": {
            "keep": null,
            "cut": null,
            "opening": null,
            "go": null
          },
          "bools": {
            "caution": true,
            "brake": false,
            "finish": false,
            "narrows": true,
            "tightens": false,
            "tightens_late": false,
            "late": false,
            "sudden": false
          },
          "linked_to_next": true,
          "turn": {
            "sides": [
              "left"
            ],
            "severity_max": 3,
            "severity_min": 3
          }
        },
        "ref_segment_index": 1010,
        "ref_segment_t": 0.574904,
        "grp_keep": "",
        "grp_cut": "",
        "grp_opening": "",
        "grp_go": "",
        "flg_caution": true,
        "flg_brake": false,
        "flg_finish": false,
        "flg_narrows": true,
        "flg_tightens": false,
        "flg_tightens_late": false,
        "flg_late": false,
        "flg_sudden": false,
        "flg_linked_to_next": true,
        "turn_sides": "left",
        "flg_turn_left": true,
        "flg_turn_right": false,
        "turn_severity_min": 3,
        "turn_severity_max": 3
      }
    },
    {
      "type": "Feature",
      "geometry": {
        "type": "Point",
        "coordinates": [
          630.997,
          2189.4
        ]
      },
      "properties": {
        "kind": "pacenote",
        "stage": "Peïra Cava - La Bollène-Vésubie",
        "reference_track": "col_de_turini",
        "note_index": 92,
        "distance_m": 6728.0,
        "distance_lookup_m": 6558.746,
        "link_to_next": false,
        "notes": [
          "Dist70"
        ],
        "notes_text": "Dist70",
        "atoms": [
          {
            "kind": "distance",
            "source": "Dist70",
            "meters": 70
          }
        ],
        "flags": {
          "groups": {
            "keep": null,
            "cut": null,
            "opening": null,
            "go": null
          },
          "bools": {
            "caution": false,
            "brake": false,
            "finish": false,
            "narrows": false,
            "tightens": false,
            "tightens_late": false,
            "late": false,
            "sudden": false
          },
          "linked_to_next": false,
          "distance_calls_m": [
            70
          ]
        },
        "ref_segment_index": 1015,
        "ref_segment_t": 0.478987,
        "grp_keep": "",
        "grp_cut": "",
        "grp_opening": "",
        "grp_go": "",
        "flg_caution": false,
        "flg_brake": false,
        "flg_finish": false,
        "flg_narrows": false,
        "flg_tightens": false,
        "flg_tightens_late": false,
        "flg_late": false,
        "flg_sudden": false,
        "flg_linked_to_next": false,
        "turn_sides": "",
        "flg_turn_left": false,
        "flg_turn_right": false,
        "distance_calls_m": "70"
      }
    },
    {
      "type": "Feature",
      "geometry": {
        "type": "Point",
        "coordinates": [
          702.557,
          2185.414
        ]
      },
      "properties": {
        "kind": "pacenote",
        "stage": "Peïra Cava - La Bollène-Vésubie",
        "reference_track": "col_de_turini",
        "note_index": 93,
        "distance_m": 6800.0,
        "distance_lookup_m": 6630.746,
        "link_to_next": true,
        "notes": [
          "Right3",
          "Tightens"
        ],
        "notes_text": "Right3, Tightens",
        "atoms": [
          {
            "kind": "turn",
            "source": "Right3",
            "side": "right",
            "severity": 3
          },
          {
            "kind": "modifier",
            "source": "Tightens",
            "name": "tightens"
          }
        ],
        "flags": {
          "groups": {
            "keep": null,
            "cut": null,
            "opening": null,
            "go": null
          },
          "bools": {
            "caution": false,
            "brake": false,
            "finish": false,
            "narrows": false,
            "tightens": true,
            "tightens_late": false,
            "late": false,
            "sudden": false
          },
          "linked_to_next": true,
          "turn": {
            "sides": [
              "right"
            ],
            "severity_max": 3,
            "severity_min": 3
          }
        },
        "ref_segment_index": 1022,
        "ref_segment_t": 0.414317,
        "grp_keep": "",
        "grp_cut": "",
        "grp_opening": "",
        "grp_go": "",
        "flg_caution": false,
        "flg_brake": false,
        "flg_finish": false,
        "flg_narrows": false,
        "flg_tightens": true,
        "flg_tightens_late": false,
        "flg_late": false,
        "flg_sudden": false,
        "flg_linked_to_next": true,
        "turn_sides": "right",
        "flg_turn_left": false,
        "flg_turn_right": true,
        "turn_severity_min": 3,
        "turn_severity_max": 3
      }
    },
    {
      "type": "Feature",
      "geometry": {
        "type": "Point",
        "coordinates": [
          736.702,
          2158.994
        ]
      },
      "properties": {
        "kind": "pacenote",
        "stage": "Peïra Cava - La Bollène-Vésubie",
        "reference_track": "col_de_turini",
        "note_index": 94,
        "distance_m": 6849.0,
        "distance_lookup_m": 6679.746,
        "link_to_next": false,
        "notes": [
          "Into",
          "Left2",
          "Tightens"
        ],
        "notes_text": "Into, Left2, Tightens",
        "atoms": [
          {
            "kind": "connector",
            "source": "Into",
            "name": "into"
          },
          {
            "kind": "turn",
            "source": "Left2",
            "side": "left",
            "severity": 2
          },
          {
            "kind": "modifier",
            "source": "Tightens",
            "name": "tightens"
          }
        ],
        "flags": {
          "groups": {
            "keep": null,
            "cut": null,
            "opening": null,
            "go": null
          },
          "bools": {
            "caution": false,
            "brake": false,
            "finish": false,
            "narrows": false,
            "tightens": true,
            "tightens_late": false,
            "late": false,
            "sudden": false
          },
          "linked_to_next": false,
          "turn": {
            "sides": [
              "left"
            ],
            "severity_max": 2,
            "severity_min": 2
          }
        },
        "ref_segment_index": 1030,
        "ref_segment_t": 0.189106,
        "grp_keep": "",
        "grp_cut": "",
        "grp_opening": "",
        "grp_go": "",
        "flg_caution": false,
        "flg_brake": false,
        "flg_finish": false,
        "flg_narrows": false,
        "flg_tightens": true,
        "flg_tightens_late": false,
        "flg_late": false,
        "flg_sudden": false,
        "flg_linked_to_next": false,
        "turn_sides": "left",
        "flg_turn_left": true,
        "flg_turn_right": false,
        "turn_severity_min": 2,
        "turn_severity_max": 2
      }
    },
    {
      "type": "Feature",
      "geometry": {
        "type": "Point",
        "coordinates": [
          705.057,
          2120.531
        ]
      },
      "properties": {
        "kind": "pacenote",
        "stage": "Peïra Cava - La Bollène-Vésubie",
        "reference_track": "col_de_turini",
        "note_index": 95,
        "distance_m": 6902.0,
        "distance_lookup_m": 6732.746,
        "link_to_next": true,
        "notes": [
          "And",
          "Left3"
        ],
        "notes_text": "And, Left3",
        "atoms": [
          {
            "kind": "connector",
            "source": "And",
            "name": "and"
          },
          {
            "kind": "turn",
            "source": "Left3",
            "side": "left",
            "severity": 3
          }
        ],
        "flags": {
          "groups": {
            "keep": null,
            "cut": null,
            "opening": null,
            "go": null
          },
          "bools": {
            "caution": false,
            "brake": false,
            "finish": false,
            "narrows": false,
            "tightens": false,
            "tightens_late": false,
            "late": false,
            "sudden": false
          },
          "linked_to_next": true,
          "turn": {
            "sides": [
              "left"
            ],
            "severity_max": 3,
            "severity_min": 3
          }
        },
        "ref_segment_index": 1038,
        "ref_segment_t": 0.561588,
        "grp_keep": "",
        "grp_cut": "",
        "grp_opening": "",
        "grp_go": "",
        "flg_caution": false,
        "flg_brake": false,
        "flg_finish": false,
        "flg_narrows": false,
        "flg_tightens": false,
        "flg_tightens_late": false,
        "flg_late": false,
        "flg_sudden": false,
        "flg_linked_to_next": true,
        "turn_sides": "left",
        "flg_turn_left": true,
        "flg_turn_right": false,
        "turn_severity_min": 3,
        "turn_severity_max": 3
      }
    },
    {
      "type": "Feature",
      "geometry": {
        "type": "Point",
        "coordinates": [
          682.581,
          2096.915
        ]
      },
      "properties": {
        "kind": "pacenote",
        "stage": "Peïra Cava - La Bollène-Vésubie",
        "reference_track": "col_de_turini",
        "note_index": 96,
        "distance_m": 6935.0,
        "distance_lookup_m": 6765.746,
        "link_to_next": true,
        "notes": [
          "Into",
          "Right2"
        ],
        "notes_text": "Into, Right2",
        "atoms": [
          {
            "kind": "connector",
            "source": "Into",
            "name": "into"
          },
          {
            "kind": "turn",
            "source": "Right2",
            "side": "right",
            "severity": 2
          }
        ],
        "flags": {
          "groups": {
            "keep": null,
            "cut": null,
            "opening": null,
            "go": null
          },
          "bools": {
            "caution": false,
            "brake": false,
            "finish": false,
            "narrows": false,
            "tightens": false,
            "tightens_late": false,
            "late": false,
            "sudden": false
          },
          "linked_to_next": true,
          "turn": {
            "sides": [
              "right"
            ],
            "severity_max": 2,
            "severity_min": 2
          }
        },
        "ref_segment_index": 1042,
        "ref_segment_t": 0.643369,
        "grp_keep": "",
        "grp_cut": "",
        "grp_opening": "",
        "grp_go": "",
        "flg_caution": false,
        "flg_brake": false,
        "flg_finish": false,
        "flg_narrows": false,
        "flg_tightens": false,
        "flg_tightens_late": false,
        "flg_late": false,
        "flg_sudden": false,
        "flg_linked_to_next": true,
        "turn_sides": "right",
        "flg_turn_left": false,
        "flg_turn_right": true,
        "turn_severity_min": 2,
        "turn_severity_max": 2
      }
    },
    {
      "type": "Feature",
      "geometry": {
        "type": "Point",
        "coordinates": [
          658.171,
          2064.121
        ]
      },
      "properties": {
        "kind": "pacenote",
        "stage": "Peïra Cava - La Bollène-Vésubie",
        "reference_track": "col_de_turini",
        "note_index": 97,
        "distance_m": 6976.0,
        "distance_lookup_m": 6806.746,
        "link_to_next": false,
        "notes": [
          "Into",
          "Left1"
        ],
        "notes_text": "Into, Left1",
        "atoms": [
          {
            "kind": "connector",
            "source": "Into",
            "name": "into"
          },
          {
            "kind": "turn",
            "source": "Left1",
            "side": "left",
            "severity": 1
          }
        ],
        "flags": {
          "groups": {
            "keep": null,
            "cut": null,
            "opening": null,
            "go": null
          },
          "bools": {
            "caution": false,
            "brake": false,
            "finish": false,
            "narrows": false,
            "tightens": false,
            "tightens_late": false,
            "late": false,
            "sudden": false
          },
          "linked_to_next": false,
          "turn": {
            "sides": [
              "left"
            ],
            "severity_max": 1,
            "severity_min": 1
          }
        },
        "ref_segment_index": 1047,
        "ref_segment_t": 0.06563,
        "grp_keep": "",
        "grp_cut": "",
        "grp_opening": "",
        "grp_go": "",
        "flg_caution": false,
        "flg_brake": false,
        "flg_finish": false,
        "flg_narrows": false,
        "flg_tightens": false,
        "flg_tightens_late": false,
        "flg_late": false,
        "flg_sudden": false,
        "flg_linked_to_next": false,
        "turn_sides": "left",
        "flg_turn_left": true,
        "flg_turn_right": false,
        "turn_severity_min": 1,
        "turn_severity_max": 1
      }
    },
    {
      "type": "Feature",
      "geometry": {
        "type": "Point",
        "coordinates": [
          634.492,
          1999.859
        ]
      },
      "properties": {
        "kind": "pacenote",
        "stage": "Peïra Cava - La Bollène-Vésubie",
        "reference_track": "col_de_turini",
        "note_index": 98,
        "distance_m": 7046.0,
        "distance_lookup_m": 6876.746,
        "link_to_next": true,
        "notes": [
          "And",
          "Right3"
        ],
        "notes_text": "And, Right3",
        "atoms": [
          {
            "kind": "connector",
            "source": "And",
            "name": "and"
          },
          {
            "kind": "turn",
            "source": "Right3",
            "side": "right",
            "severity": 3
          }
        ],
        "flags": {
          "groups": {
            "keep": null,
            "cut": null,
            "opening": null,
            "go": null
          },
          "bools": {
            "caution": false,
            "brake": false,
            "finish": false,
            "narrows": false,
            "tightens": false,
            "tightens_late": false,
            "late": false,
            "sudden": false
          },
          "linked_to_next": true,
          "turn": {
            "sides": [
              "right"
            ],
            "severity_max": 3,
            "severity_min": 3
          }
        },
        "ref_segment_index": 1056,
        "ref_segment_t": 0.174669,
        "grp_keep": "",
        "grp_cut": "",
        "grp_opening": "",
        "grp_go": "",
        "flg_caution": false,
        "flg_brake": false,
        "flg_finish": false,
        "flg_narrows": false,
        "flg_tightens": false,
        "flg_tightens_late": false,
        "flg_late": false,
        "flg_sudden": false,
        "flg_linked_to_next": true,
        "turn_sides": "right",
        "flg_turn_left": false,
        "flg_turn_right": true,
        "turn_severity_min": 3,
        "turn_severity_max": 3
      }
    },
    {
      "type": "Feature",
      "geometry": {
        "type": "Point",
        "coordinates": [
          602.553,
          1959.771
        ]
      },
      "properties": {
        "kind": "pacenote",
        "stage": "Peïra Cava - La Bollène-Vésubie",
        "reference_track": "col_de_turini",
        "note_index": 99,
        "distance_m": 7100.0,
        "distance_lookup_m": 6930.746,
        "link_to_next": false,
        "notes": [
          "Dist40"
        ],
        "notes_text": "Dist40",
        "atoms": [
          {
            "kind": "distance",
            "source": "Dist40",
            "meters": 40
          }
        ],
        "flags": {
          "groups": {
            "keep": null,
            "cut": null,
            "opening": null,
            "go": null
          },
          "bools": {
            "caution": false,
            "brake": false,
            "finish": false,
            "narrows": false,
            "tightens": false,
            "tightens_late": false,
            "late": false,
            "sudden": false
          },
          "linked_to_next": false,
          "distance_calls_m": [
            40
          ]
        },
        "ref_segment_index": 1065,
        "ref_segment_t": 0.817556,
        "grp_keep": "",
        "grp_cut": "",
        "grp_opening": "",
        "grp_go": "",
        "flg_caution": false,
        "flg_brake": false,
        "flg_finish": false,
        "flg_narrows": false,
        "flg_tightens": false,
        "flg_tightens_late": false,
        "flg_late": false,
        "flg_sudden": false,
        "flg_linked_to_next": false,
        "turn_sides": "",
        "flg_turn_left": false,
        "flg_turn_right": false,
        "distance_calls_m": "40"
      }
    },
    {
      "type": "Feature",
      "geometry": {
        "type": "Point",
        "coordinates": [
          588.845,
          1922.682
        ]
      },
      "properties": {
        "kind": "pacenote",
        "stage": "Peïra Cava - La Bollène-Vésubie",
        "reference_track": "col_de_turini",
        "note_index": 100,
        "distance_m": 7140.0,
        "distance_lookup_m": 6970.746,
        "link_to_next": false,
        "notes": [
          "RightOpenHP"
        ],
        "notes_text": "RightOpenHP",
        "atoms": [
          {
            "kind": "turn",
            "source": "RightOpenHP",
            "side": "right",
            "style": "openhp"
          }
        ],
        "flags": {
          "groups": {
            "keep": null,
            "cut": null,
            "opening": null,
            "go": null
          },
          "bools": {
            "caution": false,
            "brake": false,
            "finish": false,
            "narrows": false,
            "tightens": false,
            "tightens_late": false,
            "late": false,
            "sudden": false
          },
          "linked_to_next": false,
          "turn": {
            "sides": [
              "right"
            ]
          }
        },
        "ref_segment_index": 1071,
        "ref_segment_t": 0.776558,
        "grp_keep": "",
        "grp_cut": "",
        "grp_opening": "",
        "grp_go": "",
        "flg_caution": false,
        "flg_brake": false,
        "flg_finish": false,
        "flg_narrows": false,
        "flg_tightens": false,
        "flg_tightens_late": false,
        "flg_late": false,
        "flg_sudden": false,
        "flg_linked_to_next": false,
        "turn_sides": "right",
        "flg_turn_left": false,
        "flg_turn_right": true
      }
    },
    {
      "type": "Feature",
      "geometry": {
        "type": "Point",
        "coordinates": [
          566.766,
          1854.967
        ]
      },
      "properties": {
        "kind": "pacenote",
        "stage": "Peïra Cava - La Bollène-Vésubie",
        "reference_track": "col_de_turini",
        "note_index": 101,
        "distance_m": 7214.0,
        "distance_lookup_m": 7044.746,
        "link_to_next": false,
        "notes": [
          "Left4",
          "Long",
          "DontCut"
        ],
        "notes_text": "Left4, Long, DontCut",
        "atoms": [
          {
            "kind": "turn",
            "source": "Left4",
            "side": "left",
            "severity": 4
          },
          {
            "kind": "length",
            "source": "Long",
            "name": "long"
          },
          {
            "kind": "modifier",
            "source": "DontCut",
            "name": "dont_cut"
          }
        ],
        "flags": {
          "groups": {
            "keep": null,
            "cut": "dont_cut",
            "opening": null,
            "go": null
          },
          "bools": {
            "caution": false,
            "brake": false,
            "finish": false,
            "narrows": false,
            "tightens": false,
            "tightens_late": false,
            "late": false,
            "sudden": false
          },
          "linked_to_next": false,
          "turn": {
            "sides": [
              "left"
            ],
            "severity_max": 4,
            "severity_min": 4
          }
        },
        "ref_segment_index": 1081,
        "ref_segment_t": 0.519857,
        "grp_keep": "",
        "grp_cut": "dont_cut",
        "grp_opening": "",
        "grp_go": "",
        "flg_caution": false,
        "flg_brake": false,
        "flg_finish": false,
        "flg_narrows": false,
        "flg_tightens": false,
        "flg_tightens_late": false,
        "flg_late": false,
        "flg_sudden": false,
        "flg_linked_to_next": false,
        "turn_sides": "left",
        "flg_turn_left": true,
        "flg_turn_right": false,
        "turn_severity_min": 4,
        "turn_severity_max": 4
      }
    },
    {
      "type": "Feature",
      "geometry": {
        "type": "Point",
        "coordinates": [
          554.462,
          1799.049
        ]
      },
      "properties": {
        "kind": "pacenote",
        "stage": "Peïra Cava - La Bollène-Vésubie",
        "reference_track": "col_de_turini",
        "note_index": 102,
        "distance_m": 7288.0,
        "distance_lookup_m": 7118.746,
        "link_to_next": true,
        "notes": [
          "Brake",
          "Into",
          "Right3"
        ],
        "notes_text": "Brake, Into, Right3",
        "atoms": [
          {
            "kind": "hazard",
            "source": "Brake",
            "name": "brake"
          },
          {
            "kind": "connector",
            "source": "Into",
            "name": "into"
          },
          {
            "kind": "turn",
            "source": "Right3",
            "side": "right",
            "severity": 3
          }
        ],
        "flags": {
          "groups": {
            "keep": null,
            "cut": null,
            "opening": null,
            "go": null
          },
          "bools": {
            "caution": false,
            "brake": true,
            "finish": false,
            "narrows": false,
            "tightens": false,
            "tightens_late": false,
            "late": false,
            "sudden": false
          },
          "linked_to_next": true,
          "turn": {
            "sides": [
              "right"
            ],
            "severity_max": 3,
            "severity_min": 3
          }
        },
        "ref_segment_index": 1094,
        "ref_segment_t": 0.536568,
        "grp_keep": "",
        "grp_cut": "",
        "grp_opening": "",
        "grp_go": "",
        "flg_caution": false,
        "flg_brake": true,
        "flg_finish": false,
        "flg_narrows": false,
        "flg_tightens": false,
        "flg_tightens_late": false,
        "flg_late": false,
        "flg_sudden": false,
        "flg_linked_to_next": true,
        "turn_sides": "right",
        "flg_turn_left": false,
        "flg_turn_right": true,
        "turn_severity_min": 3,
        "turn_severity_max": 3
      }
    },
    {
      "type": "Feature",
      "geometry": {
        "type": "Point",
        "coordinates": [
          582.709,
          1781.159
        ]
      },
      "properties": {
        "kind": "pacenote",
        "stage": "Peïra Cava - La Bollène-Vésubie",
        "reference_track": "col_de_turini",
        "note_index": 103,
        "distance_m": 7322.0,
        "distance_lookup_m": 7152.746,
        "link_to_next": false,
        "notes": [
          "Into",
          "Left2",
          "Tightens"
        ],
        "notes_text": "Into, Left2, Tightens",
        "atoms": [
          {
            "kind": "connector",
            "source": "Into",
            "name": "into"
          },
          {
            "kind": "turn",
            "source": "Left2",
            "side": "left",
            "severity": 2
          },
          {
            "kind": "modifier",
            "source": "Tightens",
            "name": "tightens"
          }
        ],
        "flags": {
          "groups": {
            "keep": null,
            "cut": null,
            "opening": null,
            "go": null
          },
          "bools": {
            "caution": false,
            "brake": false,
            "finish": false,
            "narrows": false,
            "tightens": true,
            "tightens_late": false,
            "late": false,
            "sudden": false
          },
          "linked_to_next": false,
          "turn": {
            "sides": [
              "left"
            ],
            "severity_max": 2,
            "severity_min": 2
          }
        },
        "ref_segment_index": 1100,
        "ref_segment_t": 0.027501,
        "grp_keep": "",
        "grp_cut": "",
        "grp_opening": "",
        "grp_go": "",
        "flg_caution": false,
        "flg_brake": false,
        "flg_finish": false,
        "flg_narrows": false,
        "flg_tightens": true,
        "flg_tightens_late": false,
        "flg_late": false,
        "flg_sudden": false,
        "flg_linked_to_next": false,
        "turn_sides": "left",
        "flg_turn_left": true,
        "flg_turn_right": false,
        "turn_severity_min": 2,
        "turn_severity_max": 2
      }
    },
    {
      "type": "Feature",
      "geometry": {
        "type": "Point",
        "coordinates": [
          626.358,
          1734.487
        ]
      },
      "properties": {
        "kind": "pacenote",
        "stage": "Peïra Cava - La Bollène-Vésubie",
        "reference_track": "col_de_turini",
        "note_index": 104,
        "distance_m": 7386.0,
        "distance_lookup_m": 7216.746,
        "link_to_next": true,
        "notes": [
          "And",
          "Left2",
          "Tightens"
        ],
        "notes_text": "And, Left2, Tightens",
        "atoms": [
          {
            "kind": "connector",
            "source": "And",
            "name": "and"
          },
          {
            "kind": "turn",
            "source": "Left2",
            "side": "left",
            "severity": 2
          },
          {
            "kind": "modifier",
            "source": "Tightens",
            "name": "tightens"
          }
        ],
        "flags": {
          "groups": {
            "keep": null,
            "cut": null,
            "opening": null,
            "go": null
          },
          "bools": {
            "caution": false,
            "brake": false,
            "finish": false,
            "narrows": false,
            "tightens": true,
            "tightens_late": false,
            "late": false,
            "sudden": false
          },
          "linked_to_next": true,
          "turn": {
            "sides": [
              "left"
            ],
            "severity_max": 2,
            "severity_min": 2
          }
        },
        "ref_segment_index": 1107,
        "ref_segment_t": 0.923838,
        "grp_keep": "",
        "grp_cut": "",
        "grp_opening": "",
        "grp_go": "",
        "flg_caution": false,
        "flg_brake": false,
        "flg_finish": false,
        "flg_narrows": false,
        "flg_tightens": true,
        "flg_tightens_late": false,
        "flg_late": false,
        "flg_sudden": false,
        "flg_linked_to_next": true,
        "turn_sides": "left",
        "flg_turn_left": true,
        "flg_turn_right": false,
        "turn_severity_min": 2,
        "turn_severity_max": 2
      }
    },
    {
      "type": "Feature",
      "geometry": {
        "type": "Point",
        "coordinates": [
          659.064,
          1699.473
        ]
      },
      "properties": {
        "kind": "pacenote",
        "stage": "Peïra Cava - La Bollène-Vésubie",
        "reference_track": "col_de_turini",
        "note_index": 105,
        "distance_m": 7434.0,
        "distance_lookup_m": 7264.746,
        "link_to_next": false,
        "notes": [
          "Dist60"
        ],
        "notes_text": "Dist60",
        "atoms": [
          {
            "kind": "distance",
            "source": "Dist60",
            "meters": 60
          }
        ],
        "flags": {
          "groups": {
            "keep": null,
            "cut": null,
            "opening": null,
            "go": null
          },
          "bools": {
            "caution": false,
            "brake": false,
            "finish": false,
            "narrows": false,
            "tightens": false,
            "tightens_late": false,
            "late": false,
            "sudden": false
          },
          "linked_to_next": false,
          "distance_calls_m": [
            60
          ]
        },
        "ref_segment_index": 1112,
        "ref_segment_t": 0.699714,
        "grp_keep": "",
        "grp_cut": "",
        "grp_opening": "",
        "grp_go": "",
        "flg_caution": false,
        "flg_brake": false,
        "flg_finish": false,
        "flg_narrows": false,
        "flg_tightens": false,
        "flg_tightens_late": false,
        "flg_late": false,
        "flg_sudden": false,
        "flg_linked_to_next": false,
        "turn_sides": "",
        "flg_turn_left": false,
        "flg_turn_right": false,
        "distance_calls_m": "60"
      }
    },
    {
      "type": "Feature",
      "geometry": {
        "type": "Point",
        "coordinates": [
          699.302,
          1653.925
        ]
      },
      "properties": {
        "kind": "pacenote",
        "stage": "Peïra Cava - La Bollène-Vésubie",
        "reference_track": "col_de_turini",
        "note_index": 106,
        "distance_m": 7495.0,
        "distance_lookup_m": 7325.746,
        "link_to_next": true,
        "notes": [
          "Right3",
          "Long",
          "TightensLate"
        ],
        "notes_text": "Right3, Long, TightensLate",
        "atoms": [
          {
            "kind": "turn",
            "source": "Right3",
            "side": "right",
            "severity": 3
          },
          {
            "kind": "length",
            "source": "Long",
            "name": "long"
          },
          {
            "kind": "modifier",
            "source": "TightensLate",
            "name": "tightens_late"
          }
        ],
        "flags": {
          "groups": {
            "keep": null,
            "cut": null,
            "opening": null,
            "go": null
          },
          "bools": {
            "caution": false,
            "brake": false,
            "finish": false,
            "narrows": false,
            "tightens": false,
            "tightens_late": true,
            "late": false,
            "sudden": false
          },
          "linked_to_next": true,
          "turn": {
            "sides": [
              "right"
            ],
            "severity_max": 3,
            "severity_min": 3
          }
        },
        "ref_segment_index": 1120,
        "ref_segment_t": 0.728225,
        "grp_keep": "",
        "grp_cut": "",
        "grp_opening": "",
        "grp_go": "",
        "flg_caution": false,
        "flg_brake": false,
        "flg_finish": false,
        "flg_narrows": false,
        "flg_tightens": false,
        "flg_tightens_late": true,
        "flg_late": false,
        "flg_sudden": false,
        "flg_linked_to_next": true,
        "turn_sides": "right",
        "flg_turn_left": false,
        "flg_turn_right": true,
        "turn_severity_min": 3,
        "turn_severity_max": 3
      }
    },
    {
      "type": "Feature",
      "geometry": {
        "type": "Point",
        "coordinates": [
          654.603,
          1725.535
        ]
      },
      "properties": {
        "kind": "pacenote",
        "stage": "Peïra Cava - La Bollène-Vésubie",
        "reference_track": "col_de_turini",
        "note_index": 107,
        "distance_m": 7607.0,
        "distance_lookup_m": 7437.746,
        "link_to_next": false,
        "notes": [
          "Dist40"
        ],
        "notes_text": "Dist40",
        "atoms": [
          {
            "kind": "distance",
            "source": "Dist40",
            "meters": 40
          }
        ],
        "flags": {
          "groups": {
            "keep": null,
            "cut": null,
            "opening": null,
            "go": null
          },
          "bools": {
            "caution": false,
            "brake": false,
            "finish": false,
            "narrows": false,
            "tightens": false,
            "tightens_late": false,
            "late": false,
            "sudden": false
          },
          "linked_to_next": false,
          "distance_calls_m": [
            40
          ]
        },
        "ref_segment_index": 1142,
        "ref_segment_t": 0.913418,
        "grp_keep": "",
        "grp_cut": "",
        "grp_opening": "",
        "grp_go": "",
        "flg_caution": false,
        "flg_brake": false,
        "flg_finish": false,
        "flg_narrows": false,
        "flg_tightens": false,
        "flg_tightens_late": false,
        "flg_late": false,
        "flg_sudden": false,
        "flg_linked_to_next": false,
        "turn_sides": "",
        "flg_turn_left": false,
        "flg_turn_right": false,
        "distance_calls_m": "40"
      }
    },
    {
      "type": "Feature",
      "geometry": {
        "type": "Point",
        "coordinates": [
          633.674,
          1764.147
        ]
      },
      "properties": {
        "kind": "pacenote",
        "stage": "Peïra Cava - La Bollène-Vésubie",
        "reference_track": "col_de_turini",
        "note_index": 108,
        "distance_m": 7651.0,
        "distance_lookup_m": 7481.746,
        "link_to_next": false,
        "notes": [
          "Left2",
          "Tightens"
        ],
        "notes_text": "Left2, Tightens",
        "atoms": [
          {
            "kind": "turn",
            "source": "Left2",
            "side": "left",
            "severity": 2
          },
          {
            "kind": "modifier",
            "source": "Tightens",
            "name": "tightens"
          }
        ],
        "flags": {
          "groups": {
            "keep": null,
            "cut": null,
            "opening": null,
            "go": null
          },
          "bools": {
            "caution": false,
            "brake": false,
            "finish": false,
            "narrows": false,
            "tightens": true,
            "tightens_late": false,
            "late": false,
            "sudden": false
          },
          "linked_to_next": false,
          "turn": {
            "sides": [
              "left"
            ],
            "severity_max": 2,
            "severity_min": 2
          }
        },
        "ref_segment_index": 1147,
        "ref_segment_t": 0.769014,
        "grp_keep": "",
        "grp_cut": "",
        "grp_opening": "",
        "grp_go": "",
        "flg_caution": false,
        "flg_brake": false,
        "flg_finish": false,
        "flg_narrows": false,
        "flg_tightens": true,
        "flg_tightens_late": false,
        "flg_late": false,
        "flg_sudden": false,
        "flg_linked_to_next": false,
        "turn_sides": "left",
        "flg_turn_left": true,
        "flg_turn_right": false,
        "turn_severity_min": 2,
        "turn_severity_max": 2
      }
    },
    {
      "type": "Feature",
      "geometry": {
        "type": "Point",
        "coordinates": [
          600.289,
          1823.477
        ]
      },
      "properties": {
        "kind": "pacenote",
        "stage": "Peïra Cava - La Bollène-Vésubie",
        "reference_track": "col_de_turini",
        "note_index": 109,
        "distance_m": 7720.0,
        "distance_lookup_m": 7550.746,
        "link_to_next": true,
        "notes": [
          "And",
          "Right3",
          "Tighten2",
          "Late"
        ],
        "notes_text": "And, Right3, Tighten2, Late",
        "atoms": [
          {
            "kind": "connector",
            "source": "And",
            "name": "and"
          },
          {
            "kind": "turn",
            "source": "Right3",
            "side": "right",
            "severity": 3
          },
          {
            "kind": "modifier",
            "source": "Tighten2",
            "name": "tighten",
            "level": 2
          },
          {
            "kind": "modifier",
            "source": "Late",
            "name": "late"
          }
        ],
        "flags": {
          "groups": {
            "keep": null,
            "cut": null,
            "opening": null,
            "go": null
          },
          "bools": {
            "caution": false,
            "brake": false,
            "finish": false,
            "narrows": false,
            "tightens": false,
            "tightens_late": false,
            "late": true,
            "sudden": false
          },
          "linked_to_next": true,
          "turn": {
            "sides": [
              "right"
            ],
            "severity_max": 3,
            "severity_min": 3
          }
        },
        "ref_segment_index": 1158,
        "ref_segment_t": 0.205179,
        "grp_keep": "",
        "grp_cut": "",
        "grp_opening": "",
        "grp_go": "",
        "flg_caution": false,
        "flg_brake": false,
        "flg_finish": false,
        "flg_narrows": false,
        "flg_tightens": false,
        "flg_tightens_late": false,
        "flg_late": true,
        "flg_sudden": false,
        "flg_linked_to_next": true,
        "turn_sides": "right",
        "flg_turn_left": false,
        "flg_turn_right": true,
        "turn_severity_min": 3,
        "turn_severity_max": 3
      }
    },
    {
      "type": "Feature",
      "geometry": {
        "type": "Point",
        "coordinates": [
          643.592,
          1774.131
        ]
      },
      "properties": {
        "kind": "pacenote",
        "stage": "Peïra Cava - La Bollène-Vésubie",
        "reference_track": "col_de_turini",
        "note_index": 110,
        "distance_m": 7813.0,
        "distance_lookup_m": 7643.746,
        "link_to_next": false,
        "notes": [
          "Dist50"
        ],
        "notes_text": "Dist50",
        "atoms": [
          {
            "kind": "distance",
            "source": "Dist50",
            "meters": 50
          }
        ],
        "flags": {
          "groups": {
            "keep": null,
            "cut": null,
            "opening": null,
            "go": null
          },
          "bools": {
            "caution": false,
            "brake": false,
            "finish": false,
            "narrows": false,
            "tightens": false,
            "tightens_late": false,
            "late": false,
            "sudden": false
          },
          "linked_to_next": false,
          "distance_calls_m": [
            50
          ]
        },
        "ref_segment_index": 1179,
        "ref_segment_t": 0.033214,
        "grp_keep": "",
        "grp_cut": "",
        "grp_opening": "",
        "grp_go": "",
        "flg_caution": false,
        "flg_brake": false,
        "flg_finish": false,
        "flg_narrows": false,
        "flg_tightens": false,
        "flg_tightens_late": false,
        "flg_late": false,
        "flg_sudden": false,
        "flg_linked_to_next": false,
        "turn_sides": "",
        "flg_turn_left": false,
        "flg_turn_right": false,
        "distance_calls_m": "50"
      }
    },
    {
      "type": "Feature",
      "geometry": {
        "type": "Point",
        "coordinates": [
          679.289,
          1736.599
        ]
      },
      "properties": {
        "kind": "pacenote",
        "stage": "Peïra Cava - La Bollène-Vésubie",
        "reference_track": "col_de_turini",
        "note_index": 111,
        "distance_m": 7865.0,
        "distance_lookup_m": 7695.746,
        "link_to_next": true,
        "notes": [
          "Right3"
        ],
        "notes_text": "Right3",
        "atoms": [
          {
            "kind": "turn",
            "source": "Right3",
            "side": "right",
            "severity": 3
          }
        ],
        "flags": {
          "groups": {
            "keep": null,
            "cut": null,
            "opening": null,
            "go": null
          },
          "bools": {
            "caution": false,
            "brake": false,
            "finish": false,
            "narrows": false,
            "tightens": false,
            "tightens_late": false,
            "late": false,
            "sudden": false
          },
          "linked_to_next": true,
          "turn": {
            "sides": [
              "right"
            ],
            "severity_max": 3,
            "severity_min": 3
          }
        },
        "ref_segment_index": 1185,
        "ref_segment_t": 0.273093,
        "grp_keep": "",
        "grp_cut": "",
        "grp_opening": "",
        "grp_go": "",
        "flg_caution": false,
        "flg_brake": false,
        "flg_finish": false,
        "flg_narrows": false,
        "flg_tightens": false,
        "flg_tightens_late": false,
        "flg_late": false,
        "flg_sudden": false,
        "flg_linked_to_next": true,
        "turn_sides": "right",
        "flg_turn_left": false,
        "flg_turn_right": true,
        "turn_severity_min": 3,
        "turn_severity_max": 3
      }
    },
    {
      "type": "Feature",
      "geometry": {
        "type": "Point",
        "coordinates": [
          709.231,
          1714.104
        ]
      },
      "properties": {
        "kind": "pacenote",
        "stage": "Peïra Cava - La Bollène-Vésubie",
        "reference_track": "col_de_turini",
        "note_index": 112,
        "distance_m": 7903.0,
        "distance_lookup_m": 7733.746,
        "link_to_next": false,
        "notes": [
          "Into",
          "Left1",
          "Long"
        ],
        "notes_text": "Into, Left1, Long",
        "atoms": [
          {
            "kind": "connector",
            "source": "Into",
            "name": "into"
          },
          {
            "kind": "turn",
            "source": "Left1",
            "side": "left",
            "severity": 1
          },
          {
            "kind": "length",
            "source": "Long",
            "name": "long"
          }
        ],
        "flags": {
          "groups": {
            "keep": null,
            "cut": null,
            "opening": null,
            "go": null
          },
          "bools": {
            "caution": false,
            "brake": false,
            "finish": false,
            "narrows": false,
            "tightens": false,
            "tightens_late": false,
            "late": false,
            "sudden": false
          },
          "linked_to_next": false,
          "turn": {
            "sides": [
              "left"
            ],
            "severity_max": 1,
            "severity_min": 1
          }
        },
        "ref_segment_index": 1189,
        "ref_segment_t": 0.735921,
        "grp_keep": "",
        "grp_cut": "",
        "grp_opening": "",
        "grp_go": "",
        "flg_caution": false,
        "flg_brake": false,
        "flg_finish": false,
        "flg_narrows": false,
        "flg_tightens": false,
        "flg_tightens_late": false,
        "flg_late": false,
        "flg_sudden": false,
        "flg_linked_to_next": false,
        "turn_sides": "left",
        "flg_turn_left": true,
        "flg_turn_right": false,
        "turn_severity_min": 1,
        "turn_severity_max": 1
      }
    },
    {
      "type": "Feature",
      "geometry": {
        "type": "Point",
        "coordinates": [
          775.717,
          1706.139
        ]
      },
      "properties": {
        "kind": "pacenote",
        "stage": "Peïra Cava - La Bollène-Vésubie",
        "reference_track": "col_de_turini",
        "note_index": 113,
        "distance_m": 7971.0,
        "distance_lookup_m": 7801.746,
        "link_to_next": false,
        "notes": [
          "And",
          "Right2",
          "Long"
        ],
        "notes_text": "And, Right2, Long",
        "atoms": [
          {
            "kind": "connector",
            "source": "And",
            "name": "and"
          },
          {
            "kind": "turn",
            "source": "Right2",
            "side": "right",
            "severity": 2
          },
          {
            "kind": "length",
            "source": "Long",
            "name": "long"
          }
        ],
        "flags": {
          "groups": {
            "keep": null,
            "cut": null,
            "opening": null,
            "go": null
          },
          "bools": {
            "caution": false,
            "brake": false,
            "finish": false,
            "narrows": false,
            "tightens": false,
            "tightens_late": false,
            "late": false,
            "sudden": false
          },
          "linked_to_next": false,
          "turn": {
            "sides": [
              "right"
            ],
            "severity_max": 2,
            "severity_min": 2
          }
        },
        "ref_segment_index": 1197,
        "ref_segment_t": 0.523834,
        "grp_keep": "",
        "grp_cut": "",
        "grp_opening": "",
        "grp_go": "",
        "flg_caution": false,
        "flg_brake": false,
        "flg_finish": false,
        "flg_narrows": false,
        "flg_tightens": false,
        "flg_tightens_late": false,
        "flg_late": false,
        "flg_sudden": false,
        "flg_linked_to_next": false,
        "turn_sides": "right",
        "flg_turn_left": false,
        "flg_turn_right": true,
        "turn_severity_min": 2,
        "turn_severity_max": 2
      }
    },
    {
      "type": "Feature",
      "geometry": {
        "type": "Point",
        "coordinates": [
          830.646,
          1679.503
        ]
      },
      "properties": {
        "kind": "pacenote",
        "stage": "Peïra Cava - La Bollène-Vésubie",
        "reference_track": "col_de_turini",
        "note_index": 114,
        "distance_m": 8037.0,
        "distance_lookup_m": 7867.746,
        "link_to_next": false,
        "notes": [
          "Into",
          "Left1",
          "Long",
          "DontCut"
        ],
        "notes_text": "Into, Left1, Long, DontCut",
        "atoms": [
          {
            "kind": "connector",
            "source": "Into",
            "name": "into"
          },
          {
            "kind": "turn",
            "source": "Left1",
            "side": "left",
            "severity": 1
          },
          {
            "kind": "length",
            "source": "Long",
            "name": "long"
          },
          {
            "kind": "modifier",
            "source": "DontCut",
            "name": "dont_cut"
          }
        ],
        "flags": {
          "groups": {
            "keep": null,
            "cut": "dont_cut",
            "opening": null,
            "go": null
          },
          "bools": {
            "caution": false,
            "brake": false,
            "finish": false,
            "narrows": false,
            "tightens": false,
            "tightens_late": false,
            "late": false,
            "sudden": false
          },
          "linked_to_next": false,
          "turn": {
            "sides": [
              "left"
            ],
            "severity_max": 1,
            "severity_min": 1
          }
        },
        "ref_segment_index": 1206,
        "ref_segment_t": 0.105932,
        "grp_keep": "",
        "grp_cut": "dont_cut",
        "grp_opening": "",
        "grp_go": "",
        "flg_caution": false,
        "flg_brake": false,
        "flg_finish": false,
        "flg_narrows": false,
        "flg_tightens": false,
        "flg_tightens_late": false,
        "flg_late": false,
        "flg_sudden": false,
        "flg_linked_to_next": false,
        "turn_sides": "left",
        "flg_turn_left": true,
        "flg_turn_right": false,
        "turn_severity_min": 1,
        "turn_severity_max": 1
      }
    },
    {
      "type": "Feature",
      "geometry": {
        "type": "Point",
        "coordinates": [
          851.198,
          1622.369
        ]
      },
      "properties": {
        "kind": "pacenote",
        "stage": "Peïra Cava - La Bollène-Vésubie",
        "reference_track": "col_de_turini",
        "note_index": 115,
        "distance_m": 8106.0,
        "distance_lookup_m": 7936.746,
        "link_to_next": true,
        "notes": [
          "Right5"
        ],
        "notes_text": "Right5",
        "atoms": [
          {
            "kind": "turn",
            "source": "Right5",
            "side": "right",
            "severity": 5
          }
        ],
        "flags": {
          "groups": {
            "keep": null,
            "cut": null,
            "opening": null,
            "go": null
          },
          "bools": {
            "caution": false,
            "brake": false,
            "finish": false,
            "narrows": false,
            "tightens": false,
            "tightens_late": false,
            "late": false,
            "sudden": false
          },
          "linked_to_next": true,
          "turn": {
            "sides": [
              "right"
            ],
            "severity_max": 5,
            "severity_min": 5
          }
        },
        "ref_segment_index": 1219,
        "ref_segment_t": 0.034568,
        "grp_keep": "",
        "grp_cut": "",
        "grp_opening": "",
        "grp_go": "",
        "flg_caution": false,
        "flg_brake": false,
        "flg_finish": false,
        "flg_narrows": false,
        "flg_tightens": false,
        "flg_tightens_late": false,
        "flg_late": false,
        "flg_sudden": false,
        "flg_linked_to_next": true,
        "turn_sides": "right",
        "flg_turn_left": false,
        "flg_turn_right": true,
        "turn_severity_min": 5,
        "turn_severity_max": 5
      }
    },
    {
      "type": "Feature",
      "geometry": {
        "type": "Point",
        "coordinates": [
          876.118,
          1609.791
        ]
      },
      "properties": {
        "kind": "pacenote",
        "stage": "Peïra Cava - La Bollène-Vésubie",
        "reference_track": "col_de_turini",
        "note_index": 116,
        "distance_m": 8134.0,
        "distance_lookup_m": 7964.746,
        "link_to_next": false,
        "notes": [
          "Dist40"
        ],
        "notes_text": "Dist40",
        "atoms": [
          {
            "kind": "distance",
            "source": "Dist40",
            "meters": 40
          }
        ],
        "flags": {
          "groups": {
            "keep": null,
            "cut": null,
            "opening": null,
            "go": null
          },
          "bools": {
            "caution": false,
            "brake": false,
            "finish": false,
            "narrows": false,
            "tightens": false,
            "tightens_late": false,
            "late": false,
            "sudden": false
          },
          "linked_to_next": false,
          "distance_calls_m": [
            40
          ]
        },
        "ref_segment_index": 1223,
        "ref_segment_t": 0.046669,
        "grp_keep": "",
        "grp_cut": "",
        "grp_opening": "",
        "grp_go": "",
        "flg_caution": false,
        "flg_brake": false,
        "flg_finish": false,
        "flg_narrows": false,
        "flg_tightens": false,
        "flg_tightens_late": false,
        "flg_late": false,
        "flg_sudden": false,
        "flg_linked_to_next": false,
        "turn_sides": "",
        "flg_turn_left": false,
        "flg_turn_right": false,
        "distance_calls_m": "40"
      }
    },
    {
      "type": "Feature",
      "geometry": {
        "type": "Point",
        "coordinates": [
          903.166,
          1587.016
        ]
      },
      "properties": {
        "kind": "pacenote",
        "stage": "Peïra Cava - La Bollène-Vésubie",
        "reference_track": "col_de_turini",
        "note_index": 117,
        "distance_m": 8171.0,
        "distance_lookup_m": 8001.746,
        "link_to_next": false,
        "notes": [
          "Right2",
          "Long"
        ],
        "notes_text": "Right2, Long",
        "atoms": [
          {
            "kind": "turn",
            "source": "Right2",
            "side": "right",
            "severity": 2
          },
          {
            "kind": "length",
            "source": "Long",
            "name": "long"
          }
        ],
        "flags": {
          "groups": {
            "keep": null,
            "cut": null,
            "opening": null,
            "go": null
          },
          "bools": {
            "caution": false,
            "brake": false,
            "finish": false,
            "narrows": false,
            "tightens": false,
            "tightens_late": false,
            "late": false,
            "sudden": false
          },
          "linked_to_next": false,
          "turn": {
            "sides": [
              "right"
            ],
            "severity_max": 2,
            "severity_min": 2
          }
        },
        "ref_segment_index": 1228,
        "ref_segment_t": 0.908335,
        "grp_keep": "",
        "grp_cut": "",
        "grp_opening": "",
        "grp_go": "",
        "flg_caution": false,
        "flg_brake": false,
        "flg_finish": false,
        "flg_narrows": false,
        "flg_tightens": false,
        "flg_tightens_late": false,
        "flg_late": false,
        "flg_sudden": false,
        "flg_linked_to_next": false,
        "turn_sides": "right",
        "flg_turn_left": false,
        "flg_turn_right": true,
        "turn_severity_min": 2,
        "turn_severity_max": 2
      }
    },
    {
      "type": "Feature",
      "geometry": {
        "type": "Point",
        "coordinates": [
          873.234,
          1528.875
        ]
      },
      "properties": {
        "kind": "pacenote",
        "stage": "Peïra Cava - La Bollène-Vésubie",
        "reference_track": "col_de_turini",
        "note_index": 118,
        "distance_m": 8240.0,
        "distance_lookup_m": 8070.746,
        "link_to_next": false,
        "notes": [
          "Into",
          "Left1",
          "Long",
          "DontCut"
        ],
        "notes_text": "Into, Left1, Long, DontCut",
        "atoms": [
          {
            "kind": "connector",
            "source": "Into",
            "name": "into"
          },
          {
            "kind": "turn",
            "source": "Left1",
            "side": "left",
            "severity": 1
          },
          {
            "kind": "length",
            "source": "Long",
            "name": "long"
          },
          {
            "kind": "modifier",
            "source": "DontCut",
            "name": "dont_cut"
          }
        ],
        "flags": {
          "groups": {
            "keep": null,
            "cut": "dont_cut",
            "opening": null,
            "go": null
          },
          "bools": {
            "caution": false,
            "brake": false,
            "finish": false,
            "narrows": false,
            "tightens": false,
            "tightens_late": false,
            "late": false,
            "sudden": false
          },
          "linked_to_next": false,
          "turn": {
            "sides": [
              "left"
            ],
            "severity_max": 1,
            "severity_min": 1
          }
        },
        "ref_segment_index": 1240,
        "ref_segment_t": 0.530008,
        "grp_keep": "",
        "grp_cut": "dont_cut",
        "grp_opening": "",
        "grp_go": "",
        "flg_caution": false,
        "flg_brake": false,
        "flg_finish": false,
        "flg_narrows": false,
        "flg_tightens": false,
        "flg_tightens_late": false,
        "flg_late": false,
        "flg_sudden": false,
        "flg_linked_to_next": false,
        "turn_sides": "left",
        "flg_turn_left": true,
        "flg_turn_right": false,
        "turn_severity_min": 1,
        "turn_severity_max": 1
      }
    },
    {
      "type": "Feature",
      "geometry": {
        "type": "Point",
        "coordinates": [
          841.142,
          1466.08
        ]
      },
      "properties": {
        "kind": "pacenote",
        "stage": "Peïra Cava - La Bollène-Vésubie",
        "reference_track": "col_de_turini",
        "note_index": 119,
        "distance_m": 8320.0,
        "distance_lookup_m": 8150.746,
        "link_to_next": false,
        "notes": [
          "And",
          "Right2",
          "Long",
          "Opens"
        ],
        "notes_text": "And, Right2, Long, Opens",
        "atoms": [
          {
            "kind": "connector",
            "source": "And",
            "name": "and"
          },
          {
            "kind": "turn",
            "source": "Right2",
            "side": "right",
            "severity": 2
          },
          {
            "kind": "length",
            "source": "Long",
            "name": "long"
          },
          {
            "kind": "opening",
            "source": "Opens",
            "name": "opens"
          }
        ],
        "flags": {
          "groups": {
            "keep": null,
            "cut": null,
            "opening": "opens",
            "go": null
          },
          "bools": {
            "caution": false,
            "brake": false,
            "finish": false,
            "narrows": false,
            "tightens": false,
            "tightens_late": false,
            "late": false,
            "sudden": false
          },
          "linked_to_next": false,
          "turn": {
            "sides": [
              "right"
            ],
            "severity_max": 2,
            "severity_min": 2
          }
        },
        "ref_segment_index": 1256,
        "ref_segment_t": 0.423567,
        "grp_keep": "",
        "grp_cut": "",
        "grp_opening": "opens",
        "grp_go": "",
        "flg_caution": false,
        "flg_brake": false,
        "flg_finish": false,
        "flg_narrows": false,
        "flg_tightens": false,
        "flg_tightens_late": false,
        "flg_late": false,
        "flg_sudden": false,
        "flg_linked_to_next": false,
        "turn_sides": "right",
        "flg_turn_left": false,
        "flg_turn_right": true,
        "turn_severity_min": 2,
        "turn_severity_max": 2
      }
    },
    {
      "type": "Feature",
      "geometry": {
        "type": "Point",
        "coordinates": [
          841.389,
          1388.312
        ]
      },
      "properties": {
        "kind": "pacenote",
        "stage": "Peïra Cava - La Bollène-Vésubie",
        "reference_track": "col_de_turini",
        "note_index": 120,
        "distance_m": 8403.0,
        "distance_lookup_m": 8233.746,
        "link_to_next": false,
        "notes": [
          "Into",
          "Left2"
        ],
        "notes_text": "Into, Left2",
        "atoms": [
          {
            "kind": "connector",
            "source": "Into",
            "name": "into"
          },
          {
            "kind": "turn",
            "source": "Left2",
            "side": "left",
            "severity": 2
          }
        ],
        "flags": {
          "groups": {
            "keep": null,
            "cut": null,
            "opening": null,
            "go": null
          },
          "bools": {
            "caution": false,
            "brake": false,
            "finish": false,
            "narrows": false,
            "tightens": false,
            "tightens_late": false,
            "late": false,
            "sudden": false
          },
          "linked_to_next": false,
          "turn": {
            "sides": [
              "left"
            ],
            "severity_max": 2,
            "severity_min": 2
          }
        },
        "ref_segment_index": 1270,
        "ref_segment_t": 0.843039,
        "grp_keep": "",
        "grp_cut": "",
        "grp_opening": "",
        "grp_go": "",
        "flg_caution": false,
        "flg_brake": false,
        "flg_finish": false,
        "flg_narrows": false,
        "flg_tightens": false,
        "flg_tightens_late": false,
        "flg_late": false,
        "flg_sudden": false,
        "flg_linked_to_next": false,
        "turn_sides": "left",
        "flg_turn_left": true,
        "flg_turn_right": false,
        "turn_severity_min": 2,
        "turn_severity_max": 2
      }
    },
    {
      "type": "Feature",
      "geometry": {
        "type": "Point",
        "coordinates": [
          875.939,
          1358.964
        ]
      },
      "properties": {
        "kind": "pacenote",
        "stage": "Peïra Cava - La Bollène-Vésubie",
        "reference_track": "col_de_turini",
        "note_index": 121,
        "distance_m": 8449.0,
        "distance_lookup_m": 8279.746,
        "link_to_next": true,
        "notes": [
          "And",
          "Right3"
        ],
        "notes_text": "And, Right3",
        "atoms": [
          {
            "kind": "connector",
            "source": "And",
            "name": "and"
          },
          {
            "kind": "turn",
            "source": "Right3",
            "side": "right",
            "severity": 3
          }
        ],
        "flags": {
          "groups": {
            "keep": null,
            "cut": null,
            "opening": null,
            "go": null
          },
          "bools": {
            "caution": false,
            "brake": false,
            "finish": false,
            "narrows": false,
            "tightens": false,
            "tightens_late": false,
            "late": false,
            "sudden": false
          },
          "linked_to_next": true,
          "turn": {
            "sides": [
              "right"
            ],
            "severity_max": 3,
            "severity_min": 3
          }
        },
        "ref_segment_index": 1278,
        "ref_segment_t": 0.036325,
        "grp_keep": "",
        "grp_cut": "",
        "grp_opening": "",
        "grp_go": "",
        "flg_caution": false,
        "flg_brake": false,
        "flg_finish": false,
        "flg_narrows": false,
        "flg_tightens": false,
        "flg_tightens_late": false,
        "flg_late": false,
        "flg_sudden": false,
        "flg_linked_to_next": true,
        "turn_sides": "right",
        "flg_turn_left": false,
        "flg_turn_right": true,
        "turn_severity_min": 3,
        "turn_severity_max": 3
      }
    },
    {
      "type": "Feature",
      "geometry": {
        "type": "Point",
        "coordinates": [
          893.944,
          1325.405
        ]
      },
      "properties": {
        "kind": "pacenote",
        "stage": "Peïra Cava - La Bollène-Vésubie",
        "reference_track": "col_de_turini",
        "note_index": 122,
        "distance_m": 8488.0,
        "distance_lookup_m": 8318.746,
        "link_to_next": true,
        "notes": [
          "Into",
          "Left2"
        ],
        "notes_text": "Into, Left2",
        "atoms": [
          {
            "kind": "connector",
            "source": "Into",
            "name": "into"
          },
          {
            "kind": "turn",
            "source": "Left2",
            "side": "left",
            "severity": 2
          }
        ],
        "flags": {
          "groups": {
            "keep": null,
            "cut": null,
            "opening": null,
            "go": null
          },
          "bools": {
            "caution": false,
            "brake": false,
            "finish": false,
            "narrows": false,
            "tightens": false,
            "tightens_late": false,
            "late": false,
            "sudden": false
          },
          "linked_to_next": true,
          "turn": {
            "sides": [
              "left"
            ],
            "severity_max": 2,
            "severity_min": 2
          }
        },
        "ref_segment_index": 1283,
        "ref_segment_t": 0.021224,
        "grp_keep": "",
        "grp_cut": "",
        "grp_opening": "",
        "grp_go": "",
        "flg_caution": false,
        "flg_brake": false,
        "flg_finish": false,
        "flg_narrows": false,
        "flg_tightens": false,
        "flg_tightens_late": false,
        "flg_late": false,
        "flg_sudden": false,
        "flg_linked_to_next": true,
        "turn_sides": "left",
        "flg_turn_left": true,
        "flg_turn_right": false,
        "turn_severity_min": 2,
        "turn_severity_max": 2
      }
    },
    {
      "type": "Feature",
      "geometry": {
        "type": "Point",
        "coordinates": [
          905.36,
          1277.972
        ]
      },
      "properties": {
        "kind": "pacenote",
        "stage": "Peïra Cava - La Bollène-Vésubie",
        "reference_track": "col_de_turini",
        "note_index": 123,
        "distance_m": 8537.0,
        "distance_lookup_m": 8367.746,
        "link_to_next": false,
        "notes": [
          "Dist60"
        ],
        "notes_text": "Dist60",
        "atoms": [
          {
            "kind": "distance",
            "source": "Dist60",
            "meters": 60
          }
        ],
        "flags": {
          "groups": {
            "keep": null,
            "cut": null,
            "opening": null,
            "go": null
          },
          "bools": {
            "caution": false,
            "brake": false,
            "finish": false,
            "narrows": false,
            "tightens": false,
            "tightens_late": false,
            "late": false,
            "sudden": false
          },
          "linked_to_next": false,
          "distance_calls_m": [
            60
          ]
        },
        "ref_segment_index": 1288,
        "ref_segment_t": 0.579879,
        "grp_keep": "",
        "grp_cut": "",
        "grp_opening": "",
        "grp_go": "",
        "flg_caution": false,
        "flg_brake": false,
        "flg_finish": false,
        "flg_narrows": false,
        "flg_tightens": false,
        "flg_tightens_late": false,
        "flg_late": false,
        "flg_sudden": false,
        "flg_linked_to_next": false,
        "turn_sides": "",
        "flg_turn_left": false,
        "flg_turn_right": false,
        "distance_calls_m": "60"
      }
    },
    {
      "type": "Feature",
      "geometry": {
        "type": "Point",
        "coordinates": [
          955.842,
          1244.957
        ]
      },
      "properties": {
        "kind": "pacenote",
        "stage": "Peïra Cava - La Bollène-Vésubie",
        "reference_track": "col_de_turini",
        "note_index": 124,
        "distance_m": 8601.0,
        "distance_lookup_m": 8431.746,
        "link_to_next": true,
        "notes": [
          "Right2",
          "TightensLate"
        ],
        "notes_text": "Right2, TightensLate",
        "atoms": [
          {
            "kind": "turn",
            "source": "Right2",
            "side": "right",
            "severity": 2
          },
          {
            "kind": "modifier",
            "source": "TightensLate",
            "name": "tightens_late"
          }
        ],
        "flags": {
          "groups": {
            "keep": null,
            "cut": null,
            "opening": null,
            "go": null
          },
          "bools": {
            "caution": false,
            "brake": false,
            "finish": false,
            "narrows": false,
            "tightens": false,
            "tightens_late": true,
            "late": false,
            "sudden": false
          },
          "linked_to_next": true,
          "turn": {
            "sides": [
              "right"
            ],
            "severity_max": 2,
            "severity_min": 2
          }
        },
        "ref_segment_index": 1297,
        "ref_segment_t": 0.130424,
        "grp_keep": "",
        "grp_cut": "",
        "grp_opening": "",
        "grp_go": "",
        "flg_caution": false,
        "flg_brake": false,
        "flg_finish": false,
        "flg_narrows": false,
        "flg_tightens": false,
        "flg_tightens_late": true,
        "flg_late": false,
        "flg_sudden": false,
        "flg_linked_to_next": true,
        "turn_sides": "right",
        "flg_turn_left": false,
        "flg_turn_right": true,
        "turn_severity_min": 2,
        "turn_severity_max": 2
      }
    },
    {
      "type": "Feature",
      "geometry": {
        "type": "Point",
        "coordinates": [
          1025.513,
          1227.823
        ]
      },
      "properties": {
        "kind": "pacenote",
        "stage": "Peïra Cava - La Bollène-Vésubie",
        "reference_track": "col_de_turini",
        "note_index": 125,
        "distance_m": 8673.0,
        "distance_lookup_m": 8503.746,
        "link_to_next": true,
        "notes": [
          "And",
          "Right4",
          "Long",
          "KeepIn"
        ],
        "notes_text": "And, Right4, Long, KeepIn",
        "atoms": [
          {
            "kind": "connector",
            "source": "And",
            "name": "and"
          },
          {
            "kind": "turn",
            "source": "Right4",
            "side": "right",
            "severity": 4
          },
          {
            "kind": "length",
            "source": "Long",
            "name": "long"
          },
          {
            "kind": "modifier",
            "source": "KeepIn",
            "name": "keep_in"
          }
        ],
        "flags": {
          "groups": {
            "keep": "keep_in",
            "cut": null,
            "opening": null,
            "go": null
          },
          "bools": {
            "caution": false,
            "brake": false,
            "finish": false,
            "narrows": false,
            "tightens": false,
            "tightens_late": false,
            "late": false,
            "sudden": false
          },
          "linked_to_next": true,
          "turn": {
            "sides": [
              "right"
            ],
            "severity_max": 4,
            "severity_min": 4
          }
        },
        "ref_segment_index": 1304,
        "ref_segment_t": 0.906181,
        "grp_keep": "keep_in",
        "grp_cut": "",
        "grp_opening": "",
        "grp_go": "",
        "flg_caution": false,
        "flg_brake": false,
        "flg_finish": false,
        "flg_narrows": false,
        "flg_tightens": false,
        "flg_tightens_late": false,
        "flg_late": false,
        "flg_sudden": false,
        "flg_linked_to_next": true,
        "turn_sides": "right",
        "flg_turn_left": false,
        "flg_turn_right": true,
        "turn_severity_min": 4,
        "turn_severity_max": 4
      }
    },
    {
      "type": "Feature",
      "geometry": {
        "type": "Point",
        "coordinates": [
          1101.615,
          1201.374
        ]
      },
      "properties": {
        "kind": "pacenote",
        "stage": "Peïra Cava - La Bollène-Vésubie",
        "reference_track": "col_de_turini",
        "note_index": 126,
        "distance_m": 8754.0,
        "distance_lookup_m": 8584.746,
        "link_to_next": false,
        "notes": [
          "Dist40"
        ],
        "notes_text": "Dist40",
        "atoms": [
          {
            "kind": "distance",
            "source": "Dist40",
            "meters": 40
          }
        ],
        "flags": {
          "groups": {
            "keep": null,
            "cut": null,
            "opening": null,
            "go": null
          },
          "bools": {
            "caution": false,
            "brake": false,
            "finish": false,
            "narrows": false,
            "tightens": false,
            "tightens_late": false,
            "late": false,
            "sudden": false
          },
          "linked_to_next": false,
          "distance_calls_m": [
            40
          ]
        },
        "ref_segment_index": 1312,
        "ref_segment_t": 0.263486,
        "grp_keep": "",
        "grp_cut": "",
        "grp_opening": "",
        "grp_go": "",
        "flg_caution": false,
        "flg_brake": false,
        "flg_finish": false,
        "flg_narrows": false,
        "flg_tightens": false,
        "flg_tightens_late": false,
        "flg_late": false,
        "flg_sudden": false,
        "flg_linked_to_next": false,
        "turn_sides": "",
        "flg_turn_left": false,
        "flg_turn_right": false,
        "distance_calls_m": "40"
      }
    },
    {
      "type": "Feature",
      "geometry": {
        "type": "Point",
        "coordinates": [
          1139.662,
          1179.77
        ]
      },
      "properties": {
        "kind": "pacenote",
        "stage": "Peïra Cava - La Bollène-Vésubie",
        "reference_track": "col_de_turini",
        "note_index": 127,
        "distance_m": 8798.0,
        "distance_lookup_m": 8628.746,
        "link_to_next": true,
        "notes": [
          "Right5"
        ],
        "notes_text": "Right5",
        "atoms": [
          {
            "kind": "turn",
            "source": "Right5",
            "side": "right",
            "severity": 5
          }
        ],
        "flags": {
          "groups": {
            "keep": null,
            "cut": null,
            "opening": null,
            "go": null
          },
          "bools": {
            "caution": false,
            "brake": false,
            "finish": false,
            "narrows": false,
            "tightens": false,
            "tightens_late": false,
            "late": false,
            "sudden": false
          },
          "linked_to_next": true,
          "turn": {
            "sides": [
              "right"
            ],
            "severity_max": 5,
            "severity_min": 5
          }
        },
        "ref_segment_index": 1315,
        "ref_segment_t": 0.999836,
        "grp_keep": "",
        "grp_cut": "",
        "grp_opening": "",
        "grp_go": "",
        "flg_caution": false,
        "flg_brake": false,
        "flg_finish": false,
        "flg_narrows": false,
        "flg_tightens": false,
        "flg_tightens_late": false,
        "flg_late": false,
        "flg_sudden": false,
        "flg_linked_to_next": true,
        "turn_sides": "right",
        "flg_turn_left": false,
        "flg_turn_right": true,
        "turn_severity_min": 5,
        "turn_severity_max": 5
      }
    },
    {
      "type": "Feature",
      "geometry": {
        "type": "Point",
        "coordinates": [
          1180.7,
          1153.028
        ]
      },
      "properties": {
        "kind": "pacenote",
        "stage": "Peïra Cava - La Bollène-Vésubie",
        "reference_track": "col_de_turini",
        "note_index": 128,
        "distance_m": 8847.0,
        "distance_lookup_m": 8677.746,
        "link_to_next": false,
        "notes": [
          "Dist40"
        ],
        "notes_text": "Dist40",
        "atoms": [
          {
            "kind": "distance",
            "source": "Dist40",
            "meters": 40
          }
        ],
        "flags": {
          "groups": {
            "keep": null,
            "cut": null,
            "opening": null,
            "go": null
          },
          "bools": {
            "caution": false,
            "brake": false,
            "finish": false,
            "narrows": false,
            "tightens": false,
            "tightens_late": false,
            "late": false,
            "sudden": false
          },
          "linked_to_next": false,
          "distance_calls_m": [
            40
          ]
        },
        "ref_segment_index": 1320,
        "ref_segment_t": 0.495266,
        "grp_keep": "",
        "grp_cut": "",
        "grp_opening": "",
        "grp_go": "",
        "flg_caution": false,
        "flg_brake": false,
        "flg_finish": false,
        "flg_narrows": false,
        "flg_tightens": false,
        "flg_tightens_late": false,
        "flg_late": false,
        "flg_sudden": false,
        "flg_linked_to_next": false,
        "turn_sides": "",
        "flg_turn_left": false,
        "flg_turn_right": false,
        "distance_calls_m": "40"
      }
    },
    {
      "type": "Feature",
      "geometry": {
        "type": "Point",
        "coordinates": [
          1224.172,
          1140.719
        ]
      },
      "properties": {
        "kind": "pacenote",
        "stage": "Peïra Cava - La Bollène-Vésubie",
        "reference_track": "col_de_turini",
        "note_index": 129,
        "distance_m": 8893.0,
        "distance_lookup_m": 8723.746,
        "link_to_next": false,
        "notes": [
          "Caution",
          "Brake",
          "Right5"
        ],
        "notes_text": "Caution, Brake, Right5",
        "atoms": [
          {
            "kind": "hazard",
            "source": "Caution",
            "name": "caution"
          },
          {
            "kind": "hazard",
            "source": "Brake",
            "name": "brake"
          },
          {
            "kind": "turn",
            "source": "Right5",
            "side": "right",
            "severity": 5
          }
        ],
        "flags": {
          "groups": {
            "keep": null,
            "cut": null,
            "opening": null,
            "go": null
          },
          "bools": {
            "caution": true,
            "brake": true,
            "finish": false,
            "narrows": false,
            "tightens": false,
            "tightens_late": false,
            "late": false,
            "sudden": false
          },
          "linked_to_next": false,
          "turn": {
            "sides": [
              "right"
            ],
            "severity_max": 5,
            "severity_min": 5
          }
        },
        "ref_segment_index": 1326,
        "ref_segment_t": 0.033413,
        "grp_keep": "",
        "grp_cut": "",
        "grp_opening": "",
        "grp_go": "",
        "flg_caution": true,
        "flg_brake": true,
        "flg_finish": false,
        "flg_narrows": false,
        "flg_tightens": false,
        "flg_tightens_late": false,
        "flg_late": false,
        "flg_sudden": false,
        "flg_linked_to_next": false,
        "turn_sides": "right",
        "flg_turn_left": false,
        "flg_turn_right": true,
        "turn_severity_min": 5,
        "turn_severity_max": 5
      }
    },
    {
      "type": "Feature",
      "geometry": {
        "type": "Point",
        "coordinates": [
          1280.187,
          1150.976
        ]
      },
      "properties": {
        "kind": "pacenote",
        "stage": "Peïra Cava - La Bollène-Vésubie",
        "reference_track": "col_de_turini",
        "note_index": 130,
        "distance_m": 8952.0,
        "distance_lookup_m": 8782.746,
        "link_to_next": false,
        "notes": [
          "Into",
          "Left2"
        ],
        "notes_text": "Into, Left2",
        "atoms": [
          {
            "kind": "connector",
            "source": "Into",
            "name": "into"
          },
          {
            "kind": "turn",
            "source": "Left2",
            "side": "left",
            "severity": 2
          }
        ],
        "flags": {
          "groups": {
            "keep": null,
            "cut": null,
            "opening": null,
            "go": null
          },
          "bools": {
            "caution": false,
            "brake": false,
            "finish": false,
            "narrows": false,
            "tightens": false,
            "tightens_late": false,
            "late": false,
            "sudden": false
          },
          "linked_to_next": false,
          "turn": {
            "sides": [
              "left"
            ],
            "severity_max": 2,
            "severity_min": 2
          }
        },
        "ref_segment_index": 1332,
        "ref_segment_t": 0.997291,
        "grp_keep": "",
        "grp_cut": "",
        "grp_opening": "",
        "grp_go": "",
        "flg_caution": false,
        "flg_brake": false,
        "flg_finish": false,
        "flg_narrows": false,
        "flg_tightens": false,
        "flg_tightens_late": false,
        "flg_late": false,
        "flg_sudden": false,
        "flg_linked_to_next": false,
        "turn_sides": "left",
        "flg_turn_left": true,
        "flg_turn_right": false,
        "turn_severity_min": 2,
        "turn_severity_max": 2
      }
    },
    {
      "type": "Feature",
      "geometry": {
        "type": "Point",
        "coordinates": [
          1290.693,
          1225.435
        ]
      },
      "properties": {
        "kind": "pacenote",
        "stage": "Peïra Cava - La Bollène-Vésubie",
        "reference_track": "col_de_turini",
        "note_index": 131,
        "distance_m": 9033.0,
        "distance_lookup_m": 8863.746,
        "link_to_next": true,
        "notes": [
          "Right2",
          "Long"
        ],
        "notes_text": "Right2, Long",
        "atoms": [
          {
            "kind": "turn",
            "source": "Right2",
            "side": "right",
            "severity": 2
          },
          {
            "kind": "length",
            "source": "Long",
            "name": "long"
          }
        ],
        "flags": {
          "groups": {
            "keep": null,
            "cut": null,
            "opening": null,
            "go": null
          },
          "bools": {
            "caution": false,
            "brake": false,
            "finish": false,
            "narrows": false,
            "tightens": false,
            "tightens_late": false,
            "late": false,
            "sudden": false
          },
          "linked_to_next": true,
          "turn": {
            "sides": [
              "right"
            ],
            "severity_max": 2,
            "severity_min": 2
          }
        },
        "ref_segment_index": 1342,
        "ref_segment_t": 0.692986,
        "grp_keep": "",
        "grp_cut": "",
        "grp_opening": "",
        "grp_go": "",
        "flg_caution": false,
        "flg_brake": false,
        "flg_finish": false,
        "flg_narrows": false,
        "flg_tightens": false,
        "flg_tightens_late": false,
        "flg_late": false,
        "flg_sudden": false,
        "flg_linked_to_next": true,
        "turn_sides": "right",
        "flg_turn_left": false,
        "flg_turn_right": true,
        "turn_severity_min": 2,
        "turn_severity_max": 2
      }
    },
    {
      "type": "Feature",
      "geometry": {
        "type": "Point",
        "coordinates": [
          1255.312,
          1298.421
        ]
      },
      "properties": {
        "kind": "pacenote",
        "stage": "Peïra Cava - La Bollène-Vésubie",
        "reference_track": "col_de_turini",
        "note_index": 132,
        "distance_m": 9118.0,
        "distance_lookup_m": 8948.746,
        "link_to_next": false,
        "notes": [
          "Dist50"
        ],
        "notes_text": "Dist50",
        "atoms": [
          {
            "kind": "distance",
            "source": "Dist50",
            "meters": 50
          }
        ],
        "flags": {
          "groups": {
            "keep": null,
            "cut": null,
            "opening": null,
            "go": null
          },
          "bools": {
            "caution": false,
            "brake": false,
            "finish": false,
            "narrows": false,
            "tightens": false,
            "tightens_late": false,
            "late": false,
            "sudden": false
          },
          "linked_to_next": false,
          "distance_calls_m": [
            50
          ]
        },
        "ref_segment_index": 1352,
        "ref_segment_t": 0.275263,
        "grp_keep": "",
        "grp_cut": "",
        "grp_opening": "",
        "grp_go": "",
        "flg_caution": false,
        "flg_brake": false,
        "flg_finish": false,
        "flg_narrows": false,
        "flg_tightens": false,
        "flg_tightens_late": false,
        "flg_late": false,
        "flg_sudden": false,
        "flg_linked_to_next": false,
        "turn_sides": "",
        "flg_turn_left": false,
        "flg_turn_right": false,
        "distance_calls_m": "50"
      }
    },
    {
      "type": "Feature",
      "geometry": {
        "type": "Point",
        "coordinates": [
          1204.811,
          1324.464
        ]
      },
      "properties": {
        "kind": "pacenote",
        "stage": "Peïra Cava - La Bollène-Vésubie",
        "reference_track": "col_de_turini",
        "note_index": 133,
        "distance_m": 9175.0,
        "distance_lookup_m": 9005.746,
        "link_to_next": false,
        "notes": [
          "Left5",
          "Long"
        ],
        "notes_text": "Left5, Long",
        "atoms": [
          {
            "kind": "turn",
            "source": "Left5",
            "side": "left",
            "severity": 5
          },
          {
            "kind": "length",
            "source": "Long",
            "name": "long"
          }
        ],
        "flags": {
          "groups": {
            "keep": null,
            "cut": null,
            "opening": null,
            "go": null
          },
          "bools": {
            "caution": false,
            "brake": false,
            "finish": false,
            "narrows": false,
            "tightens": false,
            "tightens_late": false,
            "late": false,
            "sudden": false
          },
          "linked_to_next": false,
          "turn": {
            "sides": [
              "left"
            ],
            "severity_max": 5,
            "severity_min": 5
          }
        },
        "ref_segment_index": 1358,
        "ref_segment_t": 0.436415,
        "grp_keep": "",
        "grp_cut": "",
        "grp_opening": "",
        "grp_go": "",
        "flg_caution": false,
        "flg_brake": false,
        "flg_finish": false,
        "flg_narrows": false,
        "flg_tightens": false,
        "flg_tightens_late": false,
        "flg_late": false,
        "flg_sudden": false,
        "flg_linked_to_next": false,
        "turn_sides": "left",
        "flg_turn_left": true,
        "flg_turn_right": false,
        "turn_severity_min": 5,
        "turn_severity_max": 5
      }
    },
    {
      "type": "Feature",
      "geometry": {
        "type": "Point",
        "coordinates": [
          1078.075,
          1338.538
        ]
      },
      "properties": {
        "kind": "pacenote",
        "stage": "Peïra Cava - La Bollène-Vésubie",
        "reference_track": "col_de_turini",
        "note_index": 134,
        "distance_m": 9314.0,
        "distance_lookup_m": 9144.746,
        "link_to_next": false,
        "notes": [
          "Into",
          "LeftOpenHP",
          "TightensLate"
        ],
        "notes_text": "Into, LeftOpenHP, TightensLate",
        "atoms": [
          {
            "kind": "connector",
            "source": "Into",
            "name": "into"
          },
          {
            "kind": "turn",
            "source": "LeftOpenHP",
            "side": "left",
            "style": "openhp"
          },
          {
            "kind": "modifier",
            "source": "TightensLate",
            "name": "tightens_late"
          }
        ],
        "flags": {
          "groups": {
            "keep": null,
            "cut": null,
            "opening": null,
            "go": null
          },
          "bools": {
            "caution": false,
            "brake": false,
            "finish": false,
            "narrows": false,
            "tightens": false,
            "tightens_late": true,
            "late": false,
            "sudden": false
          },
          "linked_to_next": false,
          "turn": {
            "sides": [
              "left"
            ]
          }
        },
        "ref_segment_index": 1376,
        "ref_segment_t": 0.448467,
        "grp_keep": "",
        "grp_cut": "",
        "grp_opening": "",
        "grp_go": "",
        "flg_caution": false,
        "flg_brake": false,
        "flg_finish": false,
        "flg_narrows": false,
        "flg_tightens": false,
        "flg_tightens_late": true,
        "flg_late": false,
        "flg_sudden": false,
        "flg_linked_to_next": false,
        "turn_sides": "left",
        "flg_turn_left": true,
        "flg_turn_right": false
      }
    },
    {
      "type": "Feature",
      "geometry": {
        "type": "Point",
        "coordinates": [
          1105.384,
          1378.882
        ]
      },
      "properties": {
        "kind": "pacenote",
        "stage": "Peïra Cava - La Bollène-Vésubie",
        "reference_track": "col_de_turini",
        "note_index": 135,
        "distance_m": 9386.0,
        "distance_lookup_m": 9216.746,
        "link_to_next": true,
        "notes": [
          "Into",
          "Right3",
          "Opens"
        ],
        "notes_text": "Into, Right3, Opens",
        "atoms": [
          {
            "kind": "connector",
            "source": "Into",
            "name": "into"
          },
          {
            "kind": "turn",
            "source": "Right3",
            "side": "right",
            "severity": 3
          },
          {
            "kind": "opening",
            "source": "Opens",
            "name": "opens"
          }
        ],
        "flags": {
          "groups": {
            "keep": null,
            "cut": null,
            "opening": "opens",
            "go": null
          },
          "bools": {
            "caution": false,
            "brake": false,
            "finish": false,
            "narrows": false,
            "tightens": false,
            "tightens_late": false,
            "late": false,
            "sudden": false
          },
          "linked_to_next": true,
          "turn": {
            "sides": [
              "right"
            ],
            "severity_max": 3,
            "severity_min": 3
          }
        },
        "ref_segment_index": 1391,
        "ref_segment_t": 0.709332,
        "grp_keep": "",
        "grp_cut": "",
        "grp_opening": "opens",
        "grp_go": "",
        "flg_caution": false,
        "flg_brake": false,
        "flg_finish": false,
        "flg_narrows": false,
        "flg_tightens": false,
        "flg_tightens_late": false,
        "flg_late": false,
        "flg_sudden": false,
        "flg_linked_to_next": true,
        "turn_sides": "right",
        "flg_turn_left": false,
        "flg_turn_right": true,
        "turn_severity_min": 3,
        "turn_severity_max": 3
      }
    },
    {
      "type": "Feature",
      "geometry": {
        "type": "Point",
        "coordinates": [
          1167.684,
          1384.011
        ]
      },
      "properties": {
        "kind": "pacenote",
        "stage": "Peïra Cava - La Bollène-Vésubie",
        "reference_track": "col_de_turini",
        "note_index": 136,
        "distance_m": 9449.0,
        "distance_lookup_m": 9279.746,
        "link_to_next": false,
        "notes": [
          "Dist100"
        ],
        "notes_text": "Dist100",
        "atoms": [
          {
            "kind": "distance",
            "source": "Dist100",
            "meters": 100
          }
        ],
        "flags": {
          "groups": {
            "keep": null,
            "cut": null,
            "opening": null,
            "go": null
          },
          "bools": {
            "caution": false,
            "brake": false,
            "finish": false,
            "narrows": false,
            "tightens": false,
            "tightens_late": false,
            "late": false,
            "sudden": false
          },
          "linked_to_next": false,
          "distance_calls_m": [
            100
          ]
        },
        "ref_segment_index": 1399,
        "ref_segment_t": 0.379985,
        "grp_keep": "",
        "grp_cut": "",
        "grp_opening": "",
        "grp_go": "",
        "flg_caution": false,
        "flg_brake": false,
        "flg_finish": false,
        "flg_narrows": false,
        "flg_tightens": false,
        "flg_tightens_late": false,
        "flg_late": false,
        "flg_sudden": false,
        "flg_linked_to_next": false,
        "turn_sides": "",
        "flg_turn_left": false,
        "flg_turn_right": false,
        "distance_calls_m": "100"
      }
    },
    {
      "type": "Feature",
      "geometry": {
        "type": "Point",
        "coordinates": [
          1274.424,
          1361.344
        ]
      },
      "properties": {
        "kind": "pacenote",
        "stage": "Peïra Cava - La Bollène-Vésubie",
        "reference_track": "col_de_turini",
        "note_index": 137,
        "distance_m": 9559.0,
        "distance_lookup_m": 9389.746,
        "link_to_next": true,
        "notes": [
          "Right3"
        ],
        "notes_text": "Right3",
        "atoms": [
          {
            "kind": "turn",
            "source": "Right3",
            "side": "right",
            "severity": 3
          }
        ],
        "flags": {
          "groups": {
            "keep": null,
            "cut": null,
            "opening": null,
            "go": null
          },
          "bools": {
            "caution": false,
            "brake": false,
            "finish": false,
            "narrows": false,
            "tightens": false,
            "tightens_late": false,
            "late": false,
            "sudden": false
          },
          "linked_to_next": true,
          "turn": {
            "sides": [
              "right"
            ],
            "severity_max": 3,
            "severity_min": 3
          }
        },
        "ref_segment_index": 1410,
        "ref_segment_t": 0.189637,
        "grp_keep": "",
        "grp_cut": "",
        "grp_opening": "",
        "grp_go": "",
        "flg_caution": false,
        "flg_brake": false,
        "flg_finish": false,
        "flg_narrows": false,
        "flg_tightens": false,
        "flg_tightens_late": false,
        "flg_late": false,
        "flg_sudden": false,
        "flg_linked_to_next": true,
        "turn_sides": "right",
        "flg_turn_left": false,
        "flg_turn_right": true,
        "turn_severity_min": 3,
        "turn_severity_max": 3
      }
    },
    {
      "type": "Feature",
      "geometry": {
        "type": "Point",
        "coordinates": [
          1318.6,
          1365.657
        ]
      },
      "properties": {
        "kind": "pacenote",
        "stage": "Peïra Cava - La Bollène-Vésubie",
        "reference_track": "col_de_turini",
        "note_index": 138,
        "distance_m": 9605.0,
        "distance_lookup_m": 9435.746,
        "link_to_next": false,
        "notes": [
          "Dist60"
        ],
        "notes_text": "Dist60",
        "atoms": [
          {
            "kind": "distance",
            "source": "Dist60",
            "meters": 60
          }
        ],
        "flags": {
          "groups": {
            "keep": null,
            "cut": null,
            "opening": null,
            "go": null
          },
          "bools": {
            "caution": false,
            "brake": false,
            "finish": false,
            "narrows": false,
            "tightens": false,
            "tightens_late": false,
            "late": false,
            "sudden": false
          },
          "linked_to_next": false,
          "distance_calls_m": [
            60
          ]
        },
        "ref_segment_index": 1416,
        "ref_segment_t": 0.745222,
        "grp_keep": "",
        "grp_cut": "",
        "grp_opening": "",
        "grp_go": "",
        "flg_caution": false,
        "flg_brake": false,
        "flg_finish": false,
        "flg_narrows": false,
        "flg_tightens": false,
        "flg_tightens_late": false,
        "flg_late": false,
        "flg_sudden": false,
        "flg_linked_to_next": false,
        "turn_sides": "",
        "flg_turn_left": false,
        "flg_turn_right": false,
        "distance_calls_m": "60"
      }
    },
    {
      "type": "Feature",
      "geometry": {
        "type": "Point",
        "coordinates": [
          1349.408,
          1419.978
        ]
      },
      "properties": {
        "kind": "pacenote",
        "stage": "Peïra Cava - La Bollène-Vésubie",
        "reference_track": "col_de_turini",
        "note_index": 139,
        "distance_m": 9670.0,
        "distance_lookup_m": 9500.746,
        "link_to_next": false,
        "notes": [
          "Right3",
          "Long",
          "TightensLate"
        ],
        "notes_text": "Right3, Long, TightensLate",
        "atoms": [
          {
            "kind": "turn",
            "source": "Right3",
            "side": "right",
            "severity": 3
          },
          {
            "kind": "length",
            "source": "Long",
            "name": "long"
          },
          {
            "kind": "modifier",
            "source": "TightensLate",
            "name": "tightens_late"
          }
        ],
        "flags": {
          "groups": {
            "keep": null,
            "cut": null,
            "opening": null,
            "go": null
          },
          "bools": {
            "caution": false,
            "brake": false,
            "finish": false,
            "narrows": false,
            "tightens": false,
            "tightens_late": true,
            "late": false,
            "sudden": false
          },
          "linked_to_next": false,
          "turn": {
            "sides": [
              "right"
            ],
            "severity_max": 3,
            "severity_min": 3
          }
        },
        "ref_segment_index": 1425,
        "ref_segment_t": 0.630453,
        "grp_keep": "",
        "grp_cut": "",
        "grp_opening": "",
        "grp_go": "",
        "flg_caution": false,
        "flg_brake": false,
        "flg_finish": false,
        "flg_narrows": false,
        "flg_tightens": false,
        "flg_tightens_late": true,
        "flg_late": false,
        "flg_sudden": false,
        "flg_linked_to_next": false,
        "turn_sides": "right",
        "flg_turn_left": false,
        "flg_turn_right": true,
        "turn_severity_min": 3,
        "turn_severity_max": 3
      }
    },
    {
      "type": "Feature",
      "geometry": {
        "type": "Point",
        "coordinates": [
          1461.923,
          1400.092
        ]
      },
      "properties": {
        "kind": "pacenote",
        "stage": "Peïra Cava - La Bollène-Vésubie",
        "reference_track": "col_de_turini",
        "note_index": 140,
        "distance_m": 9800.0,
        "distance_lookup_m": 9630.746,
        "link_to_next": true,
        "notes": [
          "Right4",
          "Short"
        ],
        "notes_text": "Right4, Short",
        "atoms": [
          {
            "kind": "turn",
            "source": "Right4",
            "side": "right",
            "severity": 4
          },
          {
            "kind": "length",
            "source": "Short",
            "name": "short"
          }
        ],
        "flags": {
          "groups": {
            "keep": null,
            "cut": null,
            "opening": null,
            "go": null
          },
          "bools": {
            "caution": false,
            "brake": false,
            "finish": false,
            "narrows": false,
            "tightens": false,
            "tightens_late": false,
            "late": false,
            "sudden": false
          },
          "linked_to_next": true,
          "turn": {
            "sides": [
              "right"
            ],
            "severity_max": 4,
            "severity_min": 4
          }
        },
        "ref_segment_index": 1444,
        "ref_segment_t": 0.051752,
        "grp_keep": "",
        "grp_cut": "",
        "grp_opening": "",
        "grp_go": "",
        "flg_caution": false,
        "flg_brake": false,
        "flg_finish": false,
        "flg_narrows": false,
        "flg_tightens": false,
        "flg_tightens_late": false,
        "flg_late": false,
        "flg_sudden": false,
        "flg_linked_to_next": true,
        "turn_sides": "right",
        "flg_turn_left": false,
        "flg_turn_right": true,
        "turn_severity_min": 4,
        "turn_severity_max": 4
      }
    },
    {
      "type": "Feature",
      "geometry": {
        "type": "Point",
        "coordinates": [
          1489.511,
          1388.518
        ]
      },
      "properties": {
        "kind": "pacenote",
        "stage": "Peïra Cava - La Bollène-Vésubie",
        "reference_track": "col_de_turini",
        "note_index": 141,
        "distance_m": 9830.0,
        "distance_lookup_m": 9660.746,
        "link_to_next": false,
        "notes": [
          "Dist50"
        ],
        "notes_text": "Dist50",
        "atoms": [
          {
            "kind": "distance",
            "source": "Dist50",
            "meters": 50
          }
        ],
        "flags": {
          "groups": {
            "keep": null,
            "cut": null,
            "opening": null,
            "go": null
          },
          "bools": {
            "caution": false,
            "brake": false,
            "finish": false,
            "narrows": false,
            "tightens": false,
            "tightens_late": false,
            "late": false,
            "sudden": false
          },
          "linked_to_next": false,
          "distance_calls_m": [
            50
          ]
        },
        "ref_segment_index": 1447,
        "ref_segment_t": 0.355109,
        "grp_keep": "",
        "grp_cut": "",
        "grp_opening": "",
        "grp_go": "",
        "flg_caution": false,
        "flg_brake": false,
        "flg_finish": false,
        "flg_narrows": false,
        "flg_tightens": false,
        "flg_tightens_late": false,
        "flg_late": false,
        "flg_sudden": false,
        "flg_linked_to_next": false,
        "turn_sides": "",
        "flg_turn_left": false,
        "flg_turn_right": false,
        "distance_calls_m": "50"
      }
    },
    {
      "type": "Feature",
      "geometry": {
        "type": "Point",
        "coordinates": [
          1544.146,
          1378.615
        ]
      },
      "properties": {
        "kind": "pacenote",
        "stage": "Peïra Cava - La Bollène-Vésubie",
        "reference_track": "col_de_turini",
        "note_index": 142,
        "distance_m": 9886.0,
        "distance_lookup_m": 9716.746,
        "link_to_next": true,
        "notes": [
          "Left6",
          "Long",
          "DontCut"
        ],
        "notes_text": "Left6, Long, DontCut",
        "atoms": [
          {
            "kind": "turn",
            "source": "Left6",
            "side": "left",
            "severity": 6
          },
          {
            "kind": "length",
            "source": "Long",
            "name": "long"
          },
          {
            "kind": "modifier",
            "source": "DontCut",
            "name": "dont_cut"
          }
        ],
        "flags": {
          "groups": {
            "keep": null,
            "cut": "dont_cut",
            "opening": null,
            "go": null
          },
          "bools": {
            "caution": false,
            "brake": false,
            "finish": false,
            "narrows": false,
            "tightens": false,
            "tightens_late": false,
            "late": false,
            "sudden": false
          },
          "linked_to_next": true,
          "turn": {
            "sides": [
              "left"
            ],
            "severity_max": 6,
            "severity_min": 6
          }
        },
        "ref_segment_index": 1453,
        "ref_segment_t": 0.389387,
        "grp_keep": "",
        "grp_cut": "dont_cut",
        "grp_opening": "",
        "grp_go": "",
        "flg_caution": false,
        "flg_brake": false,
        "flg_finish": false,
        "flg_narrows": false,
        "flg_tightens": false,
        "flg_tightens_late": false,
        "flg_late": false,
        "flg_sudden": false,
        "flg_linked_to_next": true,
        "turn_sides": "left",
        "flg_turn_left": true,
        "flg_turn_right": false,
        "turn_severity_min": 6,
        "turn_severity_max": 6
      }
    },
    {
      "type": "Feature",
      "geometry": {
        "type": "Point",
        "coordinates": [
          1641.825,
          1385.476
        ]
      },
      "properties": {
        "kind": "pacenote",
        "stage": "Peïra Cava - La Bollène-Vésubie",
        "reference_track": "col_de_turini",
        "note_index": 143,
        "distance_m": 9985.0,
        "distance_lookup_m": 9815.746,
        "link_to_next": false,
        "notes": [
          "Dist100"
        ],
        "notes_text": "Dist100",
        "atoms": [
          {
            "kind": "distance",
            "source": "Dist100",
            "meters": 100
          }
        ],
        "flags": {
          "groups": {
            "keep": null,
            "cut": null,
            "opening": null,
            "go": null
          },
          "bools": {
            "caution": false,
            "brake": false,
            "finish": false,
            "narrows": false,
            "tightens": false,
            "tightens_late": false,
            "late": false,
            "sudden": false
          },
          "linked_to_next": false,
          "distance_calls_m": [
            100
          ]
        },
        "ref_segment_index": 1464,
        "ref_segment_t": 0.437201,
        "grp_keep": "",
        "grp_cut": "",
        "grp_opening": "",
        "grp_go": "",
        "flg_caution": false,
        "flg_brake": false,
        "flg_finish": false,
        "flg_narrows": false,
        "flg_tightens": false,
        "flg_tightens_late": false,
        "flg_late": false,
        "flg_sudden": false,
        "flg_linked_to_next": false,
        "turn_sides": "",
        "flg_turn_left": false,
        "flg_turn_right": false,
        "distance_calls_m": "100"
      }
    },
    {
      "type": "Feature",
      "geometry": {
        "type": "Point",
        "coordinates": [
          1682.356,
          1466.864
        ]
      },
      "properties": {
        "kind": "pacenote",
        "stage": "Peïra Cava - La Bollène-Vésubie",
        "reference_track": "col_de_turini",
        "note_index": 144,
        "distance_m": 10091.0,
        "distance_lookup_m": 9921.746,
        "link_to_next": true,
        "notes": [
          "Right3",
          "Tightens"
        ],
        "notes_text": "Right3, Tightens",
        "atoms": [
          {
            "kind": "turn",
            "source": "Right3",
            "side": "right",
            "severity": 3
          },
          {
            "kind": "modifier",
            "source": "Tightens",
            "name": "tightens"
          }
        ],
        "flags": {
          "groups": {
            "keep": null,
            "cut": null,
            "opening": null,
            "go": null
          },
          "bools": {
            "caution": false,
            "brake": false,
            "finish": false,
            "narrows": false,
            "tightens": true,
            "tightens_late": false,
            "late": false,
            "sudden": false
          },
          "linked_to_next": true,
          "turn": {
            "sides": [
              "right"
            ],
            "severity_max": 3,
            "severity_min": 3
          }
        },
        "ref_segment_index": 1479,
        "ref_segment_t": 0.339039,
        "grp_keep": "",
        "grp_cut": "",
        "grp_opening": "",
        "grp_go": "",
        "flg_caution": false,
        "flg_brake": false,
        "flg_finish": false,
        "flg_narrows": false,
        "flg_tightens": true,
        "flg_tightens_late": false,
        "flg_late": false,
        "flg_sudden": false,
        "flg_linked_to_next": true,
        "turn_sides": "right",
        "flg_turn_left": false,
        "flg_turn_right": true,
        "turn_severity_min": 3,
        "turn_severity_max": 3
      }
    },
    {
      "type": "Feature",
      "geometry": {
        "type": "Point",
        "coordinates": [
          1659.67,
          1518.877
        ]
      },
      "properties": {
        "kind": "pacenote",
        "stage": "Peïra Cava - La Bollène-Vésubie",
        "reference_track": "col_de_turini",
        "note_index": 145,
        "distance_m": 10148.0,
        "distance_lookup_m": 9978.746,
        "link_to_next": false,
        "notes": [
          "Dist40"
        ],
        "notes_text": "Dist40",
        "atoms": [
          {
            "kind": "distance",
            "source": "Dist40",
            "meters": 40
          }
        ],
        "flags": {
          "groups": {
            "keep": null,
            "cut": null,
            "opening": null,
            "go": null
          },
          "bools": {
            "caution": false,
            "brake": false,
            "finish": false,
            "narrows": false,
            "tightens": false,
            "tightens_late": false,
            "late": false,
            "sudden": false
          },
          "linked_to_next": false,
          "distance_calls_m": [
            40
          ]
        },
        "ref_segment_index": 1486,
        "ref_segment_t": 0.672725,
        "grp_keep": "",
        "grp_cut": "",
        "grp_opening": "",
        "grp_go": "",
        "flg_caution": false,
        "flg_brake": false,
        "flg_finish": false,
        "flg_narrows": false,
        "flg_tightens": false,
        "flg_tightens_late": false,
        "flg_late": false,
        "flg_sudden": false,
        "flg_linked_to_next": false,
        "turn_sides": "",
        "flg_turn_left": false,
        "flg_turn_right": false,
        "distance_calls_m": "40"
      }
    },
    {
      "type": "Feature",
      "geometry": {
        "type": "Point",
        "coordinates": [
          1669.504,
          1554.416
        ]
      },
      "properties": {
        "kind": "pacenote",
        "stage": "Peïra Cava - La Bollène-Vésubie",
        "reference_track": "col_de_turini",
        "note_index": 146,
        "distance_m": 10188.0,
        "distance_lookup_m": 10018.746,
        "link_to_next": false,
        "notes": [
          "Left3"
        ],
        "notes_text": "Left3",
        "atoms": [
          {
            "kind": "turn",
            "source": "Left3",
            "side": "left",
            "severity": 3
          }
        ],
        "flags": {
          "groups": {
            "keep": null,
            "cut": null,
            "opening": null,
            "go": null
          },
          "bools": {
            "caution": false,
            "brake": false,
            "finish": false,
            "narrows": false,
            "tightens": false,
            "tightens_late": false,
            "late": false,
            "sudden": false
          },
          "linked_to_next": false,
          "turn": {
            "sides": [
              "left"
            ],
            "severity_max": 3,
            "severity_min": 3
          }
        },
        "ref_segment_index": 1493,
        "ref_segment_t": 0.40898,
        "grp_keep": "",
        "grp_cut": "",
        "grp_opening": "",
        "grp_go": "",
        "flg_caution": false,
        "flg_brake": false,
        "flg_finish": false,
        "flg_narrows": false,
        "flg_tightens": false,
        "flg_tightens_late": false,
        "flg_late": false,
        "flg_sudden": false,
        "flg_linked_to_next": false,
        "turn_sides": "left",
        "flg_turn_left": true,
        "flg_turn_right": false,
        "turn_severity_min": 3,
        "turn_severity_max": 3
      }
    },
    {
      "type": "Feature",
      "geometry": {
        "type": "Point",
        "coordinates": [
          1694.957,
          1615.968
        ]
      },
      "properties": {
        "kind": "pacenote",
        "stage": "Peïra Cava - La Bollène-Vésubie",
        "reference_track": "col_de_turini",
        "note_index": 147,
        "distance_m": 10257.0,
        "distance_lookup_m": 10087.746,
        "link_to_next": false,
        "notes": [
          "Into",
          "Right2"
        ],
        "notes_text": "Into, Right2",
        "atoms": [
          {
            "kind": "connector",
            "source": "Into",
            "name": "into"
          },
          {
            "kind": "turn",
            "source": "Right2",
            "side": "right",
            "severity": 2
          }
        ],
        "flags": {
          "groups": {
            "keep": null,
            "cut": null,
            "opening": null,
            "go": null
          },
          "bools": {
            "caution": false,
            "brake": false,
            "finish": false,
            "narrows": false,
            "tightens": false,
            "tightens_late": false,
            "late": false,
            "sudden": false
          },
          "linked_to_next": false,
          "turn": {
            "sides": [
              "right"
            ],
            "severity_max": 2,
            "severity_min": 2
          }
        },
        "ref_segment_index": 1505,
        "ref_segment_t": 0.048224,
        "grp_keep": "",
        "grp_cut": "",
        "grp_opening": "",
        "grp_go": "",
        "flg_caution": false,
        "flg_brake": false,
        "flg_finish": false,
        "flg_narrows": false,
        "flg_tightens": false,
        "flg_tightens_late": false,
        "flg_late": false,
        "flg_sudden": false,
        "flg_linked_to_next": false,
        "turn_sides": "right",
        "flg_turn_left": false,
        "flg_turn_right": true,
        "turn_severity_min": 2,
        "turn_severity_max": 2
      }
    },
    {
      "type": "Feature",
      "geometry": {
        "type": "Point",
        "coordinates": [
          1744.304,
          1629.602
        ]
      },
      "properties": {
        "kind": "pacenote",
        "stage": "Peïra Cava - La Bollène-Vésubie",
        "reference_track": "col_de_turini",
        "note_index": 148,
        "distance_m": 10310.0,
        "distance_lookup_m": 10140.746,
        "link_to_next": false,
        "notes": [
          "And",
          "Left3"
        ],
        "notes_text": "And, Left3",
        "atoms": [
          {
            "kind": "connector",
            "source": "And",
            "name": "and"
          },
          {
            "kind": "turn",
            "source": "Left3",
            "side": "left",
            "severity": 3
          }
        ],
        "flags": {
          "groups": {
            "keep": null,
            "cut": null,
            "opening": null,
            "go": null
          },
          "bools": {
            "caution": false,
            "brake": false,
            "finish": false,
            "narrows": false,
            "tightens": false,
            "tightens_late": false,
            "late": false,
            "sudden": false
          },
          "linked_to_next": false,
          "turn": {
            "sides": [
              "left"
            ],
            "severity_max": 3,
            "severity_min": 3
          }
        },
        "ref_segment_index": 1514,
        "ref_segment_t": 0.1809,
        "grp_keep": "",
        "grp_cut": "",
        "grp_opening": "",
        "grp_go": "",
        "flg_caution": false,
        "flg_brake": false,
        "flg_finish": false,
        "flg_narrows": false,
        "flg_tightens": false,
        "flg_tightens_late": false,
        "flg_late": false,
        "flg_sudden": false,
        "flg_linked_to_next": false,
        "turn_sides": "left",
        "flg_turn_left": true,
        "flg_turn_right": false,
        "turn_severity_min": 3,
        "turn_severity_max": 3
      }
    },
    {
      "type": "Feature",
      "geometry": {
        "type": "Point",
        "coordinates": [
          1757.952,
          1672.164
        ]
      },
      "properties": {
        "kind": "pacenote",
        "stage": "Peïra Cava - La Bollène-Vésubie",
        "reference_track": "col_de_turini",
        "note_index": 149,
        "distance_m": 10359.0,
        "distance_lookup_m": 10189.746,
        "link_to_next": false,
        "notes": [
          "Into",
          "Right2",
          "Tightens"
        ],
        "notes_text": "Into, Right2, Tightens",
        "atoms": [
          {
            "kind": "connector",
            "source": "Into",
            "name": "into"
          },
          {
            "kind": "turn",
            "source": "Right2",
            "side": "right",
            "severity": 2
          },
          {
            "kind": "modifier",
            "source": "Tightens",
            "name": "tightens"
          }
        ],
        "flags": {
          "groups": {
            "keep": null,
            "cut": null,
            "opening": null,
            "go": null
          },
          "bools": {
            "caution": false,
            "brake": false,
            "finish": false,
            "narrows": false,
            "tightens": true,
            "tightens_late": false,
            "late": false,
            "sudden": false
          },
          "linked_to_next": false,
          "turn": {
            "sides": [
              "right"
            ],
            "severity_max": 2,
            "severity_min": 2
          }
        },
        "ref_segment_index": 1522,
        "ref_segment_t": 0.181513,
        "grp_keep": "",
        "grp_cut": "",
        "grp_opening": "",
        "grp_go": "",
        "flg_caution": false,
        "flg_brake": false,
        "flg_finish": false,
        "flg_narrows": false,
        "flg_tightens": true,
        "flg_tightens_late": false,
        "flg_late": false,
        "flg_sudden": false,
        "flg_linked_to_next": false,
        "turn_sides": "right",
        "flg_turn_left": false,
        "flg_turn_right": true,
        "turn_severity_min": 2,
        "turn_severity_max": 2
      }
    },
    {
      "type": "Feature",
      "geometry": {
        "type": "Point",
        "coordinates": [
          1769.769,
          1709.17
        ]
      },
      "properties": {
        "kind": "pacenote",
        "stage": "Peïra Cava - La Bollène-Vésubie",
        "reference_track": "col_de_turini",
        "note_index": 150,
        "distance_m": 10406.0,
        "distance_lookup_m": 10236.746,
        "link_to_next": true,
        "notes": [
          "Pause1s",
          "Left5"
        ],
        "notes_text": "Pause1s, Left5",
        "atoms": [
          {
            "kind": "pause",
            "source": "Pause1s",
            "seconds": 1.0,
            "reset": false
          },
          {
            "kind": "turn",
            "source": "Left5",
            "side": "left",
            "severity": 5
          }
        ],
        "flags": {
          "groups": {
            "keep": null,
            "cut": null,
            "opening": null,
            "go": null
          },
          "bools": {
            "caution": false,
            "brake": false,
            "finish": false,
            "narrows": false,
            "tightens": false,
            "tightens_late": false,
            "late": false,
            "sudden": false
          },
          "linked_to_next": true,
          "turn": {
            "sides": [
              "left"
            ],
            "severity_max": 5,
            "severity_min": 5
          },
          "pause_seconds": [
            1.0
          ]
        },
        "ref_segment_index": 1531,
        "ref_segment_t": 0.525966,
        "grp_keep": "",
        "grp_cut": "",
        "grp_opening": "",
        "grp_go": "",
        "flg_caution": false,
        "flg_brake": false,
        "flg_finish": false,
        "flg_narrows": false,
        "flg_tightens": false,
        "flg_tightens_late": false,
        "flg_late": false,
        "flg_sudden": false,
        "flg_linked_to_next": true,
        "turn_sides": "left",
        "flg_turn_left": true,
        "flg_turn_right": false,
        "turn_severity_min": 5,
        "turn_severity_max": 5,
        "pause_seconds": "1.0"
      }
    },
    {
      "type": "Feature",
      "geometry": {
        "type": "Point",
        "coordinates": [
          1792.451,
          1687.808
        ]
      },
      "properties": {
        "kind": "pacenote",
        "stage": "Peïra Cava - La Bollène-Vésubie",
        "reference_track": "col_de_turini",
        "note_index": 151,
        "distance_m": 10439.0,
        "distance_lookup_m": 10269.746,
        "link_to_next": false,
        "notes": [
          "Dist40"
        ],
        "notes_text": "Dist40",
        "atoms": [
          {
            "kind": "distance",
            "source": "Dist40",
            "meters": 40
          }
        ],
        "flags": {
          "groups": {
            "keep": null,
            "cut": null,
            "opening": null,
            "go": null
          },
          "bools": {
            "caution": false,
            "brake": false,
            "finish": false,
            "narrows": false,
            "tightens": false,
            "tightens_late": false,
            "late": false,
            "sudden": false
          },
          "linked_to_next": false,
          "distance_calls_m": [
            40
          ]
        },
        "ref_segment_index": 1538,
        "ref_segment_t": 0.228466,
        "grp_keep": "",
        "grp_cut": "",
        "grp_opening": "",
        "grp_go": "",
        "flg_caution": false,
        "flg_brake": false,
        "flg_finish": false,
        "flg_narrows": false,
        "flg_tightens": false,
        "flg_tightens_late": false,
        "flg_late": false,
        "flg_sudden": false,
        "flg_linked_to_next": false,
        "turn_sides": "",
        "flg_turn_left": false,
        "flg_turn_right": false,
        "distance_calls_m": "40"
      }
    },
    {
      "type": "Feature",
      "geometry": {
        "type": "Point",
        "coordinates": [
          1818.086,
          1658.383
        ]
      },
      "properties": {
        "kind": "pacenote",
        "stage": "Peïra Cava - La Bollène-Vésubie",
        "reference_track": "col_de_turini",
        "note_index": 152,
        "distance_m": 10482.0,
        "distance_lookup_m": 10312.746,
        "link_to_next": true,
        "notes": [
          "Left2",
          "Tightens"
        ],
        "notes_text": "Left2, Tightens",
        "atoms": [
          {
            "kind": "turn",
            "source": "Left2",
            "side": "left",
            "severity": 2
          },
          {
            "kind": "modifier",
            "source": "Tightens",
            "name": "tightens"
          }
        ],
        "flags": {
          "groups": {
            "keep": null,
            "cut": null,
            "opening": null,
            "go": null
          },
          "bools": {
            "caution": false,
            "brake": false,
            "finish": false,
            "narrows": false,
            "tightens": true,
            "tightens_late": false,
            "late": false,
            "sudden": false
          },
          "linked_to_next": true,
          "turn": {
            "sides": [
              "left"
            ],
            "severity_max": 2,
            "severity_min": 2
          }
        },
        "ref_segment_index": 1545,
        "ref_segment_t": 0.600476,
        "grp_keep": "",
        "grp_cut": "",
        "grp_opening": "",
        "grp_go": "",
        "flg_caution": false,
        "flg_brake": false,
        "flg_finish": false,
        "flg_narrows": false,
        "flg_tightens": true,
        "flg_tightens_late": false,
        "flg_late": false,
        "flg_sudden": false,
        "flg_linked_to_next": true,
        "turn_sides": "left",
        "flg_turn_left": true,
        "flg_turn_right": false,
        "turn_severity_min": 2,
        "turn_severity_max": 2
      }
    },
    {
      "type": "Feature",
      "geometry": {
        "type": "Point",
        "coordinates": [
          1851.791,
          1687.964
        ]
      },
      "properties": {
        "kind": "pacenote",
        "stage": "Peïra Cava - La Bollène-Vésubie",
        "reference_track": "col_de_turini",
        "note_index": 153,
        "distance_m": 10531.0,
        "distance_lookup_m": 10361.746,
        "link_to_next": false,
        "notes": [
          "Dist50"
        ],
        "notes_text": "Dist50",
        "atoms": [
          {
            "kind": "distance",
            "source": "Dist50",
            "meters": 50
          }
        ],
        "flags": {
          "groups": {
            "keep": null,
            "cut": null,
            "opening": null,
            "go": null
          },
          "bools": {
            "caution": false,
            "brake": false,
            "finish": false,
            "narrows": false,
            "tightens": false,
            "tightens_late": false,
            "late": false,
            "sudden": false
          },
          "linked_to_next": false,
          "distance_calls_m": [
            50
          ]
        },
        "ref_segment_index": 1553,
        "ref_segment_t": 0.495608,
        "grp_keep": "",
        "grp_cut": "",
        "grp_opening": "",
        "grp_go": "",
        "flg_caution": false,
        "flg_brake": false,
        "flg_finish": false,
        "flg_narrows": false,
        "flg_tightens": false,
        "flg_tightens_late": false,
        "flg_late": false,
        "flg_sudden": false,
        "flg_linked_to_next": false,
        "turn_sides": "",
        "flg_turn_left": false,
        "flg_turn_right": false,
        "distance_calls_m": "50"
      }
    },
    {
      "type": "Feature",
      "geometry": {
        "type": "Point",
        "coordinates": [
          1871.074,
          1734.827
        ]
      },
      "properties": {
        "kind": "pacenote",
        "stage": "Peïra Cava - La Bollène-Vésubie",
        "reference_track": "col_de_turini",
        "note_index": 154,
        "distance_m": 10582.0,
        "distance_lookup_m": 10412.746,
        "link_to_next": false,
        "notes": [
          "Right2"
        ],
        "notes_text": "Right2",
        "atoms": [
          {
            "kind": "turn",
            "source": "Right2",
            "side": "right",
            "severity": 2
          }
        ],
        "flags": {
          "groups": {
            "keep": null,
            "cut": null,
            "opening": null,
            "go": null
          },
          "bools": {
            "caution": false,
            "brake": false,
            "finish": false,
            "narrows": false,
            "tightens": false,
            "tightens_late": false,
            "late": false,
            "sudden": false
          },
          "linked_to_next": false,
          "turn": {
            "sides": [
              "right"
            ],
            "severity_max": 2,
            "severity_min": 2
          }
        },
        "ref_segment_index": 1560,
        "ref_segment_t": 0.24519,
        "grp_keep": "",
        "grp_cut": "",
        "grp_opening": "",
        "grp_go": "",
        "flg_caution": false,
        "flg_brake": false,
        "flg_finish": false,
        "flg_narrows": false,
        "flg_tightens": false,
        "flg_tightens_late": false,
        "flg_late": false,
        "flg_sudden": false,
        "flg_linked_to_next": false,
        "turn_sides": "right",
        "flg_turn_left": false,
        "flg_turn_right": true,
        "turn_severity_min": 2,
        "turn_severity_max": 2
      }
    },
    {
      "type": "Feature",
      "geometry": {
        "type": "Point",
        "coordinates": [
          1902.426,
          1753.302
        ]
      },
      "properties": {
        "kind": "pacenote",
        "stage": "Peïra Cava - La Bollène-Vésubie",
        "reference_track": "col_de_turini",
        "note_index": 155,
        "distance_m": 10626.0,
        "distance_lookup_m": 10456.746,
        "link_to_next": true,
        "notes": [
          "And",
          "Left2",
          "Opens"
        ],
        "notes_text": "And, Left2, Opens",
        "atoms": [
          {
            "kind": "connector",
            "source": "And",
            "name": "and"
          },
          {
            "kind": "turn",
            "source": "Left2",
            "side": "left",
            "severity": 2
          },
          {
            "kind": "opening",
            "source": "Opens",
            "name": "opens"
          }
        ],
        "flags": {
          "groups": {
            "keep": null,
            "cut": null,
            "opening": "opens",
            "go": null
          },
          "bools": {
            "caution": false,
            "brake": false,
            "finish": false,
            "narrows": false,
            "tightens": false,
            "tightens_late": false,
            "late": false,
            "sudden": false
          },
          "linked_to_next": true,
          "turn": {
            "sides": [
              "left"
            ],
            "severity_max": 2,
            "severity_min": 2
          }
        },
        "ref_segment_index": 1568,
        "ref_segment_t": 0.61206,
        "grp_keep": "",
        "grp_cut": "",
        "grp_opening": "opens",
        "grp_go": "",
        "flg_caution": false,
        "flg_brake": false,
        "flg_finish": false,
        "flg_narrows": false,
        "flg_tightens": false,
        "flg_tightens_late": false,
        "flg_late": false,
        "flg_sudden": false,
        "flg_linked_to_next": true,
        "turn_sides": "left",
        "flg_turn_left": true,
        "flg_turn_right": false,
        "turn_severity_min": 2,
        "turn_severity_max": 2
      }
    },
    {
      "type": "Feature",
      "geometry": {
        "type": "Point",
        "coordinates": [
          1944.242,
          1713.275
        ]
      },
      "properties": {
        "kind": "pacenote",
        "stage": "Peïra Cava - La Bollène-Vésubie",
        "reference_track": "col_de_turini",
        "note_index": 156,
        "distance_m": 10690.0,
        "distance_lookup_m": 10520.746,
        "link_to_next": false,
        "notes": [
          "Dist60"
        ],
        "notes_text": "Dist60",
        "atoms": [
          {
            "kind": "distance",
            "source": "Dist60",
            "meters": 60
          }
        ],
        "flags": {
          "groups": {
            "keep": null,
            "cut": null,
            "opening": null,
            "go": null
          },
          "bools": {
            "caution": false,
            "brake": false,
            "finish": false,
            "narrows": false,
            "tightens": false,
            "tightens_late": false,
            "late": false,
            "sudden": false
          },
          "linked_to_next": false,
          "distance_calls_m": [
            60
          ]
        },
        "ref_segment_index": 1579,
        "ref_segment_t": 0.941981,
        "grp_keep": "",
        "grp_cut": "",
        "grp_opening": "",
        "grp_go": "",
        "flg_caution": false,
        "flg_brake": false,
        "flg_finish": false,
        "flg_narrows": false,
        "flg_tightens": false,
        "flg_tightens_late": false,
        "flg_late": false,
        "flg_sudden": false,
        "flg_linked_to_next": false,
        "turn_sides": "",
        "flg_turn_left": false,
        "flg_turn_right": false,
        "distance_calls_m": "60"
      }
    },
    {
      "type": "Feature",
      "geometry": {
        "type": "Point",
        "coordinates": [
          1998.305,
          1725.53
        ]
      },
      "properties": {
        "kind": "pacenote",
        "stage": "Peïra Cava - La Bollène-Vésubie",
        "reference_track": "col_de_turini",
        "note_index": 157,
        "distance_m": 10753.0,
        "distance_lookup_m": 10583.746,
        "link_to_next": true,
        "notes": [
          "Right3"
        ],
        "notes_text": "Right3",
        "atoms": [
          {
            "kind": "turn",
            "source": "Right3",
            "side": "right",
            "severity": 3
          }
        ],
        "flags": {
          "groups": {
            "keep": null,
            "cut": null,
            "opening": null,
            "go": null
          },
          "bools": {
            "caution": false,
            "brake": false,
            "finish": false,
            "narrows": false,
            "tightens": false,
            "tightens_late": false,
            "late": false,
            "sudden": false
          },
          "linked_to_next": true,
          "turn": {
            "sides": [
              "right"
            ],
            "severity_max": 3,
            "severity_min": 3
          }
        },
        "ref_segment_index": 1591,
        "ref_segment_t": 0.483008,
        "grp_keep": "",
        "grp_cut": "",
        "grp_opening": "",
        "grp_go": "",
        "flg_caution": false,
        "flg_brake": false,
        "flg_finish": false,
        "flg_narrows": false,
        "flg_tightens": false,
        "flg_tightens_late": false,
        "flg_late": false,
        "flg_sudden": false,
        "flg_linked_to_next": true,
        "turn_sides": "right",
        "flg_turn_left": false,
        "flg_turn_right": true,
        "turn_severity_min": 3,
        "turn_severity_max": 3
      }
    },
    {
      "type": "Feature",
      "geometry": {
        "type": "Point",
        "coordinates": [
          2009.46,
          1686.359
        ]
      },
      "properties": {
        "kind": "pacenote",
        "stage": "Peïra Cava - La Bollène-Vésubie",
        "reference_track": "col_de_turini",
        "note_index": 158,
        "distance_m": 10795.0,
        "distance_lookup_m": 10625.746,
        "link_to_next": false,
        "notes": [
          "Dist60"
        ],
        "notes_text": "Dist60",
        "atoms": [
          {
            "kind": "distance",
            "source": "Dist60",
            "meters": 60
          }
        ],
        "flags": {
          "groups": {
            "keep": null,
            "cut": null,
            "opening": null,
            "go": null
          },
          "bools": {
            "caution": false,
            "brake": false,
            "finish": false,
            "narrows": false,
            "tightens": false,
            "tightens_late": false,
            "late": false,
            "sudden": false
          },
          "linked_to_next": false,
          "distance_calls_m": [
            60
          ]
        },
        "ref_segment_index": 1598,
        "ref_segment_t": 0.326729,
        "grp_keep": "",
        "grp_cut": "",
        "grp_opening": "",
        "grp_go": "",
        "flg_caution": false,
        "flg_brake": false,
        "flg_finish": false,
        "flg_narrows": false,
        "flg_tightens": false,
        "flg_tightens_late": false,
        "flg_late": false,
        "flg_sudden": false,
        "flg_linked_to_next": false,
        "turn_sides": "",
        "flg_turn_left": false,
        "flg_turn_right": false,
        "distance_calls_m": "60"
      }
    },
    {
      "type": "Feature",
      "geometry": {
        "type": "Point",
        "coordinates": [
          2046.489,
          1632.751
        ]
      },
      "properties": {
        "kind": "pacenote",
        "stage": "Peïra Cava - La Bollène-Vésubie",
        "reference_track": "col_de_turini",
        "note_index": 159,
        "distance_m": 10861.0,
        "distance_lookup_m": 10691.746,
        "link_to_next": false,
        "notes": [
          "Caution",
          "Right4",
          "Brake"
        ],
        "notes_text": "Caution, Right4, Brake",
        "atoms": [
          {
            "kind": "hazard",
            "source": "Caution",
            "name": "caution"
          },
          {
            "kind": "turn",
            "source": "Right4",
            "side": "right",
            "severity": 4
          },
          {
            "kind": "hazard",
            "source": "Brake",
            "name": "brake"
          }
        ],
        "flags": {
          "groups": {
            "keep": null,
            "cut": null,
            "opening": null,
            "go": null
          },
          "bools": {
            "caution": true,
            "brake": true,
            "finish": false,
            "narrows": false,
            "tightens": false,
            "tightens_late": false,
            "late": false,
            "sudden": false
          },
          "linked_to_next": false,
          "turn": {
            "sides": [
              "right"
            ],
            "severity_max": 4,
            "severity_min": 4
          }
        },
        "ref_segment_index": 1606,
        "ref_segment_t": 0.510019,
        "grp_keep": "",
        "grp_cut": "",
        "grp_opening": "",
        "grp_go": "",
        "flg_caution": true,
        "flg_brake": true,
        "flg_finish": false,
        "flg_narrows": false,
        "flg_tightens": false,
        "flg_tightens_late": false,
        "flg_late": false,
        "flg_sudden": false,
        "flg_linked_to_next": false,
        "turn_sides": "right",
        "flg_turn_left": false,
        "flg_turn_right": true,
        "turn_severity_min": 4,
        "turn_severity_max": 4
      }
    },
    {
      "type": "Feature",
      "geometry": {
        "type": "Point",
        "coordinates": [
          2089.622,
          1615.495
        ]
      },
      "properties": {
        "kind": "pacenote",
        "stage": "Peïra Cava - La Bollène-Vésubie",
        "reference_track": "col_de_turini",
        "note_index": 160,
        "distance_m": 10912.0,
        "distance_lookup_m": 10742.746,
        "link_to_next": false,
        "notes": [
          "Into",
          "LeftHP"
        ],
        "notes_text": "Into, LeftHP",
        "atoms": [
          {
            "kind": "connector",
            "source": "Into",
            "name": "into"
          },
          {
            "kind": "turn",
            "source": "LeftHP",
            "side": "left",
            "style": "hp"
          }
        ],
        "flags": {
          "groups": {
            "keep": null,
            "cut": null,
            "opening": null,
            "go": null
          },
          "bools": {
            "caution": false,
            "brake": false,
            "finish": false,
            "narrows": false,
            "tightens": false,
            "tightens_late": false,
            "late": false,
            "sudden": false
          },
          "linked_to_next": false,
          "turn": {
            "sides": [
              "left"
            ]
          }
        },
        "ref_segment_index": 1614,
        "ref_segment_t": 0.438201,
        "grp_keep": "",
        "grp_cut": "",
        "grp_opening": "",
        "grp_go": "",
        "flg_caution": false,
        "flg_brake": false,
        "flg_finish": false,
        "flg_narrows": false,
        "flg_tightens": false,
        "flg_tightens_late": false,
        "flg_late": false,
        "flg_sudden": false,
        "flg_linked_to_next": false,
        "turn_sides": "left",
        "flg_turn_left": true,
        "flg_turn_right": false
      }
    },
    {
      "type": "Feature",
      "geometry": {
        "type": "Point",
        "coordinates": [
          2127.348,
          1653.37
        ]
      },
      "properties": {
        "kind": "pacenote",
        "stage": "Peïra Cava - La Bollène-Vésubie",
        "reference_track": "col_de_turini",
        "note_index": 161,
        "distance_m": 10967.0,
        "distance_lookup_m": 10797.746,
        "link_to_next": false,
        "notes": [
          "Pause1s",
          "Right5"
        ],
        "notes_text": "Pause1s, Right5",
        "atoms": [
          {
            "kind": "pause",
            "source": "Pause1s",
            "seconds": 1.0,
            "reset": false
          },
          {
            "kind": "turn",
            "source": "Right5",
            "side": "right",
            "severity": 5
          }
        ],
        "flags": {
          "groups": {
            "keep": null,
            "cut": null,
            "opening": null,
            "go": null
          },
          "bools": {
            "caution": false,
            "brake": false,
            "finish": false,
            "narrows": false,
            "tightens": false,
            "tightens_late": false,
            "late": false,
            "sudden": false
          },
          "linked_to_next": false,
          "turn": {
            "sides": [
              "right"
            ],
            "severity_max": 5,
            "severity_min": 5
          },
          "pause_seconds": [
            1.0
          ]
        },
        "ref_segment_index": 1621,
        "ref_segment_t": 0.979992,
        "grp_keep": "",
        "grp_cut": "",
        "grp_opening": "",
        "grp_go": "",
        "flg_caution": false,
        "flg_brake": false,
        "flg_finish": false,
        "flg_narrows": false,
        "flg_tightens": false,
        "flg_tightens_late": false,
        "flg_late": false,
        "flg_sudden": false,
        "flg_linked_to_next": false,
        "turn_sides": "right",
        "flg_turn_left": false,
        "flg_turn_right": true,
        "turn_severity_min": 5,
        "turn_severity_max": 5,
        "pause_seconds": "1.0"
      }
    },
    {
      "type": "Feature",
      "geometry": {
        "type": "Point",
        "coordinates": [
          2156.769,
          1673.97
        ]
      },
      "properties": {
        "kind": "pacenote",
        "stage": "Peïra Cava - La Bollène-Vésubie",
        "reference_track": "col_de_turini",
        "note_index": 162,
        "distance_m": 11007.0,
        "distance_lookup_m": 10837.746,
        "link_to_next": true,
        "notes": [
          "And",
          "Left5",
          "Short"
        ],
        "notes_text": "And, Left5, Short",
        "atoms": [
          {
            "kind": "connector",
            "source": "And",
            "name": "and"
          },
          {
            "kind": "turn",
            "source": "Left5",
            "side": "left",
            "severity": 5
          },
          {
            "kind": "length",
            "source": "Short",
            "name": "short"
          }
        ],
        "flags": {
          "groups": {
            "keep": null,
            "cut": null,
            "opening": null,
            "go": null
          },
          "bools": {
            "caution": false,
            "brake": false,
            "finish": false,
            "narrows": false,
            "tightens": false,
            "tightens_late": false,
            "late": false,
            "sudden": false
          },
          "linked_to_next": true,
          "turn": {
            "sides": [
              "left"
            ],
            "severity_max": 5,
            "severity_min": 5
          }
        },
        "ref_segment_index": 1628,
        "ref_segment_t": 0.954071,
        "grp_keep": "",
        "grp_cut": "",
        "grp_opening": "",
        "grp_go": "",
        "flg_caution": false,
        "flg_brake": false,
        "flg_finish": false,
        "flg_narrows": false,
        "flg_tightens": false,
        "flg_tightens_late": false,
        "flg_late": false,
        "flg_sudden": false,
        "flg_linked_to_next": true,
        "turn_sides": "left",
        "flg_turn_left": true,
        "flg_turn_right": false,
        "turn_severity_min": 5,
        "turn_severity_max": 5
      }
    },
    {
      "type": "Feature",
      "geometry": {
        "type": "Point",
        "coordinates": [
          2179.89,
          1659.836
        ]
      },
      "properties": {
        "kind": "pacenote",
        "stage": "Peïra Cava - La Bollène-Vésubie",
        "reference_track": "col_de_turini",
        "note_index": 163,
        "distance_m": 11035.0,
        "distance_lookup_m": 10865.746,
        "link_to_next": false,
        "notes": [
          "Dist80"
        ],
        "notes_text": "Dist80",
        "atoms": [
          {
            "kind": "distance",
            "source": "Dist80",
            "meters": 80
          }
        ],
        "flags": {
          "groups": {
            "keep": null,
            "cut": null,
            "opening": null,
            "go": null
          },
          "bools": {
            "caution": false,
            "brake": false,
            "finish": false,
            "narrows": false,
            "tightens": false,
            "tightens_late": false,
            "late": false,
            "sudden": false
          },
          "linked_to_next": false,
          "distance_calls_m": [
            80
          ]
        },
        "ref_segment_index": 1633,
        "ref_segment_t": 0.919483,
        "grp_keep": "",
        "grp_cut": "",
        "grp_opening": "",
        "grp_go": "",
        "flg_caution": false,
        "flg_brake": false,
        "flg_finish": false,
        "flg_narrows": false,
        "flg_tightens": false,
        "flg_tightens_late": false,
        "flg_late": false,
        "flg_sudden": false,
        "flg_linked_to_next": false,
        "turn_sides": "",
        "flg_turn_left": false,
        "flg_turn_right": false,
        "distance_calls_m": "80"
      }
    },
    {
      "type": "Feature",
      "geometry": {
        "type": "Point",
        "coordinates": [
          2244.805,
          1621.316
        ]
      },
      "properties": {
        "kind": "pacenote",
        "stage": "Peïra Cava - La Bollène-Vésubie",
        "reference_track": "col_de_turini",
        "note_index": 164,
        "distance_m": 11113.0,
        "distance_lookup_m": 10943.746,
        "link_to_next": true,
        "notes": [
          "Caution",
          "Left3"
        ],
        "notes_text": "Caution, Left3",
        "atoms": [
          {
            "kind": "hazard",
            "source": "Caution",
            "name": "caution"
          },
          {
            "kind": "turn",
            "source": "Left3",
            "side": "left",
            "severity": 3
          }
        ],
        "flags": {
          "groups": {
            "keep": null,
            "cut": null,
            "opening": null,
            "go": null
          },
          "bools": {
            "caution": true,
            "brake": false,
            "finish": false,
            "narrows": false,
            "tightens": false,
            "tightens_late": false,
            "late": false,
            "sudden": false
          },
          "linked_to_next": true,
          "turn": {
            "sides": [
              "left"
            ],
            "severity_max": 3,
            "severity_min": 3
          }
        },
        "ref_segment_index": 1645,
        "ref_segment_t": 0.170051,
        "grp_keep": "",
        "grp_cut": "",
        "grp_opening": "",
        "grp_go": "",
        "flg_caution": true,
        "flg_brake": false,
        "flg_finish": false,
        "flg_narrows": false,
        "flg_tightens": false,
        "flg_tightens_late": false,
        "flg_late": false,
        "flg_sudden": false,
        "flg_linked_to_next": true,
        "turn_sides": "left",
        "flg_turn_left": true,
        "flg_turn_right": false,
        "turn_severity_min": 3,
        "turn_severity_max": 3
      }
    },
    {
      "type": "Feature",
      "geometry": {
        "type": "Point",
        "coordinates": [
          2271.905,
          1626.113
        ]
      },
      "properties": {
        "kind": "pacenote",
        "stage": "Peïra Cava - La Bollène-Vésubie",
        "reference_track": "col_de_turini",
        "note_index": 165,
        "distance_m": 11141.0,
        "distance_lookup_m": 10971.746,
        "link_to_next": true,
        "notes": [
          "Into",
          "RightHP"
        ],
        "notes_text": "Into, RightHP",
        "atoms": [
          {
            "kind": "connector",
            "source": "Into",
            "name": "into"
          },
          {
            "kind": "turn",
            "source": "RightHP",
            "side": "right",
            "style": "hp"
          }
        ],
        "flags": {
          "groups": {
            "keep": null,
            "cut": null,
            "opening": null,
            "go": null
          },
          "bools": {
            "caution": false,
            "brake": false,
            "finish": false,
            "narrows": false,
            "tightens": false,
            "tightens_late": false,
            "late": false,
            "sudden": false
          },
          "linked_to_next": true,
          "turn": {
            "sides": [
              "right"
            ]
          }
        },
        "ref_segment_index": 1649,
        "ref_segment_t": 0.083466,
        "grp_keep": "",
        "grp_cut": "",
        "grp_opening": "",
        "grp_go": "",
        "flg_caution": false,
        "flg_brake": false,
        "flg_finish": false,
        "flg_narrows": false,
        "flg_tightens": false,
        "flg_tightens_late": false,
        "flg_late": false,
        "flg_sudden": false,
        "flg_linked_to_next": true,
        "turn_sides": "right",
        "flg_turn_left": false,
        "flg_turn_right": true
      }
    },
    {
      "type": "Feature",
      "geometry": {
        "type": "Point",
        "coordinates": [
          2314.439,
          1661.084
        ]
      },
      "properties": {
        "kind": "pacenote",
        "stage": "Peïra Cava - La Bollène-Vésubie",
        "reference_track": "col_de_turini",
        "note_index": 166,
        "distance_m": 11197.0,
        "distance_lookup_m": 11027.746,
        "link_to_next": false,
        "notes": [
          "Dist150"
        ],
        "notes_text": "Dist150",
        "atoms": [
          {
            "kind": "distance",
            "source": "Dist150",
            "meters": 150
          }
        ],
        "flags": {
          "groups": {
            "keep": null,
            "cut": null,
            "opening": null,
            "go": null
          },
          "bools": {
            "caution": false,
            "brake": false,
            "finish": false,
            "narrows": false,
            "tightens": false,
            "tightens_late": false,
            "late": false,
            "sudden": false
          },
          "linked_to_next": false,
          "distance_calls_m": [
            150
          ]
        },
        "ref_segment_index": 1655,
        "ref_segment_t": 0.743936,
        "grp_keep": "",
        "grp_cut": "",
        "grp_opening": "",
        "grp_go": "",
        "flg_caution": false,
        "flg_brake": false,
        "flg_finish": false,
        "flg_narrows": false,
        "flg_tightens": false,
        "flg_tightens_late": false,
        "flg_late": false,
        "flg_sudden": false,
        "flg_linked_to_next": false,
        "turn_sides": "",
        "flg_turn_left": false,
        "flg_turn_right": false,
        "distance_calls_m": "150"
      }
    },
    {
      "type": "Feature",
      "geometry": {
        "type": "Point",
        "coordinates": [
          2417.541,
          1655.403
        ]
      },
      "properties": {
        "kind": "pacenote",
        "stage": "Peïra Cava - La Bollène-Vésubie",
        "reference_track": "col_de_turini",
        "note_index": 167,
        "distance_m": 11360.0,
        "distance_lookup_m": 11190.746,
        "link_to_next": true,
        "notes": [
          "Left3"
        ],
        "notes_text": "Left3",
        "atoms": [
          {
            "kind": "turn",
            "source": "Left3",
            "side": "left",
            "severity": 3
          }
        ],
        "flags": {
          "groups": {
            "keep": null,
            "cut": null,
            "opening": null,
            "go": null
          },
          "bools": {
            "caution": false,
            "brake": false,
            "finish": false,
            "narrows": false,
            "tightens": false,
            "tightens_late": false,
            "late": false,
            "sudden": false
          },
          "linked_to_next": true,
          "turn": {
            "sides": [
              "left"
            ],
            "severity_max": 3,
            "severity_min": 3
          }
        },
        "ref_segment_index": 1678,
        "ref_segment_t": 0.753792,
        "grp_keep": "",
        "grp_cut": "",
        "grp_opening": "",
        "grp_go": "",
        "flg_caution": false,
        "flg_brake": false,
        "flg_finish": false,
        "flg_narrows": false,
        "flg_tightens": false,
        "flg_tightens_late": false,
        "flg_late": false,
        "flg_sudden": false,
        "flg_linked_to_next": true,
        "turn_sides": "left",
        "flg_turn_left": true,
        "flg_turn_right": false,
        "turn_severity_min": 3,
        "turn_severity_max": 3
      }
    },
    {
      "type": "Feature",
      "geometry": {
        "type": "Point",
        "coordinates": [
          2418.801,
          1627.232
        ]
      },
      "properties": {
        "kind": "pacenote",
        "stage": "Peïra Cava - La Bollène-Vésubie",
        "reference_track": "col_de_turini",
        "note_index": 168,
        "distance_m": 11389.0,
        "distance_lookup_m": 11219.746,
        "link_to_next": false,
        "notes": [
          "Into",
          "Right1",
          "Long"
        ],
        "notes_text": "Into, Right1, Long",
        "atoms": [
          {
            "kind": "connector",
            "source": "Into",
            "name": "into"
          },
          {
            "kind": "turn",
            "source": "Right1",
            "side": "right",
            "severity": 1
          },
          {
            "kind": "length",
            "source": "Long",
            "name": "long"
          }
        ],
        "flags": {
          "groups": {
            "keep": null,
            "cut": null,
            "opening": null,
            "go": null
          },
          "bools": {
            "caution": false,
            "brake": false,
            "finish": false,
            "narrows": false,
            "tightens": false,
            "tightens_late": false,
            "late": false,
            "sudden": false
          },
          "linked_to_next": false,
          "turn": {
            "sides": [
              "right"
            ],
            "severity_max": 1,
            "severity_min": 1
          }
        },
        "ref_segment_index": 1682,
        "ref_segment_t": 0.805765,
        "grp_keep": "",
        "grp_cut": "",
        "grp_opening": "",
        "grp_go": "",
        "flg_caution": false,
        "flg_brake": false,
        "flg_finish": false,
        "flg_narrows": false,
        "flg_tightens": false,
        "flg_tightens_late": false,
        "flg_late": false,
        "flg_sudden": false,
        "flg_linked_to_next": false,
        "turn_sides": "right",
        "flg_turn_left": false,
        "flg_turn_right": true,
        "turn_severity_min": 1,
        "turn_severity_max": 1
      }
    },
    {
      "type": "Feature",
      "geometry": {
        "type": "Point",
        "coordinates": [
          2416.545,
          1566.016
        ]
      },
      "properties": {
        "kind": "pacenote",
        "stage": "Peïra Cava - La Bollène-Vésubie",
        "reference_track": "col_de_turini",
        "note_index": 169,
        "distance_m": 11452.0,
        "distance_lookup_m": 11282.746,
        "link_to_next": true,
        "notes": [
          "Left3"
        ],
        "notes_text": "Left3",
        "atoms": [
          {
            "kind": "turn",
            "source": "Left3",
            "side": "left",
            "severity": 3
          }
        ],
        "flags": {
          "groups": {
            "keep": null,
            "cut": null,
            "opening": null,
            "go": null
          },
          "bools": {
            "caution": false,
            "brake": false,
            "finish": false,
            "narrows": false,
            "tightens": false,
            "tightens_late": false,
            "late": false,
            "sudden": false
          },
          "linked_to_next": true,
          "turn": {
            "sides": [
              "left"
            ],
            "severity_max": 3,
            "severity_min": 3
          }
        },
        "ref_segment_index": 1690,
        "ref_segment_t": 0.314549,
        "grp_keep": "",
        "grp_cut": "",
        "grp_opening": "",
        "grp_go": "",
        "flg_caution": false,
        "flg_brake": false,
        "flg_finish": false,
        "flg_narrows": false,
        "flg_tightens": false,
        "flg_tightens_late": false,
        "flg_late": false,
        "flg_sudden": false,
        "flg_linked_to_next": true,
        "turn_sides": "left",
        "flg_turn_left": true,
        "flg_turn_right": false,
        "turn_severity_min": 3,
        "turn_severity_max": 3
      }
    },
    {
      "type": "Feature",
      "geometry": {
        "type": "Point",
        "coordinates": [
          2394.357,
          1511.163
        ]
      },
      "properties": {
        "kind": "pacenote",
        "stage": "Peïra Cava - La Bollène-Vésubie",
        "reference_track": "col_de_turini",
        "note_index": 170,
        "distance_m": 11513.0,
        "distance_lookup_m": 11343.746,
        "link_to_next": true,
        "notes": [
          "And",
          "Right4"
        ],
        "notes_text": "And, Right4",
        "atoms": [
          {
            "kind": "connector",
            "source": "And",
            "name": "and"
          },
          {
            "kind": "turn",
            "source": "Right4",
            "side": "right",
            "severity": 4
          }
        ],
        "flags": {
          "groups": {
            "keep": null,
            "cut": null,
            "opening": null,
            "go": null
          },
          "bools": {
            "caution": false,
            "brake": false,
            "finish": false,
            "narrows": false,
            "tightens": false,
            "tightens_late": false,
            "late": false,
            "sudden": false
          },
          "linked_to_next": true,
          "turn": {
            "sides": [
              "right"
            ],
            "severity_max": 4,
            "severity_min": 4
          }
        },
        "ref_segment_index": 1699,
        "ref_segment_t": 0.389296,
        "grp_keep": "",
        "grp_cut": "",
        "grp_opening": "",
        "grp_go": "",
        "flg_caution": false,
        "flg_brake": false,
        "flg_finish": false,
        "flg_narrows": false,
        "flg_tightens": false,
        "flg_tightens_late": false,
        "flg_late": false,
        "flg_sudden": false,
        "flg_linked_to_next": true,
        "turn_sides": "right",
        "flg_turn_left": false,
        "flg_turn_right": true,
        "turn_severity_min": 4,
        "turn_severity_max": 4
      }
    },
    {
      "type": "Feature",
      "geometry": {
        "type": "Point",
        "coordinates": [
          2423.313,
          1498.676
        ]
      },
      "properties": {
        "kind": "pacenote",
        "stage": "Peïra Cava - La Bollène-Vésubie",
        "reference_track": "col_de_turini",
        "note_index": 171,
        "distance_m": 11547.0,
        "distance_lookup_m": 11377.746,
        "link_to_next": true,
        "notes": [
          "And",
          "Left5"
        ],
        "notes_text": "And, Left5",
        "atoms": [
          {
            "kind": "connector",
            "source": "And",
            "name": "and"
          },
          {
            "kind": "turn",
            "source": "Left5",
            "side": "left",
            "severity": 5
          }
        ],
        "flags": {
          "groups": {
            "keep": null,
            "cut": null,
            "opening": null,
            "go": null
          },
          "bools": {
            "caution": false,
            "brake": false,
            "finish": false,
            "narrows": false,
            "tightens": false,
            "tightens_late": false,
            "late": false,
            "sudden": false
          },
          "linked_to_next": true,
          "turn": {
            "sides": [
              "left"
            ],
            "severity_max": 5,
            "severity_min": 5
          }
        },
        "ref_segment_index": 1706,
        "ref_segment_t": 0.686683,
        "grp_keep": "",
        "grp_cut": "",
        "grp_opening": "",
        "grp_go": "",
        "flg_caution": false,
        "flg_brake": false,
        "flg_finish": false,
        "flg_narrows": false,
        "flg_tightens": false,
        "flg_tightens_late": false,
        "flg_late": false,
        "flg_sudden": false,
        "flg_linked_to_next": true,
        "turn_sides": "left",
        "flg_turn_left": true,
        "flg_turn_right": false,
        "turn_severity_min": 5,
        "turn_severity_max": 5
      }
    },
    {
      "type": "Feature",
      "geometry": {
        "type": "Point",
        "coordinates": [
          2454.074,
          1501.677
        ]
      },
      "properties": {
        "kind": "pacenote",
        "stage": "Peïra Cava - La Bollène-Vésubie",
        "reference_track": "col_de_turini",
        "note_index": 172,
        "distance_m": 11578.0,
        "distance_lookup_m": 11408.746,
        "link_to_next": true,
        "notes": [
          "Pause0.1s_Reset",
          "Into",
          "Right3"
        ],
        "notes_text": "Pause0.1s_Reset, Into, Right3",
        "atoms": [
          {
            "kind": "pause",
            "source": "Pause0.1s_Reset",
            "seconds": 0.1,
            "reset": true
          },
          {
            "kind": "connector",
            "source": "Into",
            "name": "into"
          },
          {
            "kind": "turn",
            "source": "Right3",
            "side": "right",
            "severity": 3
          }
        ],
        "flags": {
          "groups": {
            "keep": null,
            "cut": null,
            "opening": null,
            "go": null
          },
          "bools": {
            "caution": false,
            "brake": false,
            "finish": false,
            "narrows": false,
            "tightens": false,
            "tightens_late": false,
            "late": false,
            "sudden": false
          },
          "linked_to_next": true,
          "turn": {
            "sides": [
              "right"
            ],
            "severity_max": 3,
            "severity_min": 3
          },
          "pause_seconds": [
            0.1
          ]
        },
        "ref_segment_index": 1711,
        "ref_segment_t": 0.314827,
        "grp_keep": "",
        "grp_cut": "",
        "grp_opening": "",
        "grp_go": "",
        "flg_caution": false,
        "flg_brake": false,
        "flg_finish": false,
        "flg_narrows": false,
        "flg_tightens": false,
        "flg_tightens_late": false,
        "flg_late": false,
        "flg_sudden": false,
        "flg_linked_to_next": true,
        "turn_sides": "right",
        "flg_turn_left": false,
        "flg_turn_right": true,
        "turn_severity_min": 3,
        "turn_severity_max": 3,
        "pause_seconds": "0.1"
      }
    },
    {
      "type": "Feature",
      "geometry": {
        "type": "Point",
        "coordinates": [
          2481.771,
          1513.868
        ]
      },
      "properties": {
        "kind": "pacenote",
        "stage": "Peïra Cava - La Bollène-Vésubie",
        "reference_track": "col_de_turini",
        "note_index": 173,
        "distance_m": 11609.0,
        "distance_lookup_m": 11439.746,
        "link_to_next": false,
        "notes": [
          "Into",
          "Left2"
        ],
        "notes_text": "Into, Left2",
        "atoms": [
          {
            "kind": "connector",
            "source": "Into",
            "name": "into"
          },
          {
            "kind": "turn",
            "source": "Left2",
            "side": "left",
            "severity": 2
          }
        ],
        "flags": {
          "groups": {
            "keep": null,
            "cut": null,
            "opening": null,
            "go": null
          },
          "bools": {
            "caution": false,
            "brake": false,
            "finish": false,
            "narrows": false,
            "tightens": false,
            "tightens_late": false,
            "late": false,
            "sudden": false
          },
          "linked_to_next": false,
          "turn": {
            "sides": [
              "left"
            ],
            "severity_max": 2,
            "severity_min": 2
          }
        },
        "ref_segment_index": 1716,
        "ref_segment_t": 0.54234,
        "grp_keep": "",
        "grp_cut": "",
        "grp_opening": "",
        "grp_go": "",
        "flg_caution": false,
        "flg_brake": false,
        "flg_finish": false,
        "flg_narrows": false,
        "flg_tightens": false,
        "flg_tightens_late": false,
        "flg_late": false,
        "flg_sudden": false,
        "flg_linked_to_next": false,
        "turn_sides": "left",
        "flg_turn_left": true,
        "flg_turn_right": false,
        "turn_severity_min": 2,
        "turn_severity_max": 2
      }
    },
    {
      "type": "Feature",
      "geometry": {
        "type": "Point",
        "coordinates": [
          2503.506,
          1544.545
        ]
      },
      "properties": {
        "kind": "pacenote",
        "stage": "Peïra Cava - La Bollène-Vésubie",
        "reference_track": "col_de_turini",
        "note_index": 174,
        "distance_m": 11647.0,
        "distance_lookup_m": 11477.746,
        "link_to_next": true,
        "notes": [
          "And",
          "Right4"
        ],
        "notes_text": "And, Right4",
        "atoms": [
          {
            "kind": "connector",
            "source": "And",
            "name": "and"
          },
          {
            "kind": "turn",
            "source": "Right4",
            "side": "right",
            "severity": 4
          }
        ],
        "flags": {
          "groups": {
            "keep": null,
            "cut": null,
            "opening": null,
            "go": null
          },
          "bools": {
            "caution": false,
            "brake": false,
            "finish": false,
            "narrows": false,
            "tightens": false,
            "tightens_late": false,
            "late": false,
            "sudden": false
          },
          "linked_to_next": true,
          "turn": {
            "sides": [
              "right"
            ],
            "severity_max": 4,
            "severity_min": 4
          }
        },
        "ref_segment_index": 1721,
        "ref_segment_t": 0.765308,
        "grp_keep": "",
        "grp_cut": "",
        "grp_opening": "",
        "grp_go": "",
        "flg_caution": false,
        "flg_brake": false,
        "flg_finish": false,
        "flg_narrows": false,
        "flg_tightens": false,
        "flg_tightens_late": false,
        "flg_late": false,
        "flg_sudden": false,
        "flg_linked_to_next": true,
        "turn_sides": "right",
        "flg_turn_left": false,
        "flg_turn_right": true,
        "turn_severity_min": 4,
        "turn_severity_max": 4
      }
    },
    {
      "type": "Feature",
      "geometry": {
        "type": "Point",
        "coordinates": [
          2543.48,
          1553.962
        ]
      },
      "properties": {
        "kind": "pacenote",
        "stage": "Peïra Cava - La Bollène-Vésubie",
        "reference_track": "col_de_turini",
        "note_index": 175,
        "distance_m": 11697.0,
        "distance_lookup_m": 11527.746,
        "link_to_next": false,
        "notes": [
          "Dist50"
        ],
        "notes_text": "Dist50",
        "atoms": [
          {
            "kind": "distance",
            "source": "Dist50",
            "meters": 50
          }
        ],
        "flags": {
          "groups": {
            "keep": null,
            "cut": null,
            "opening": null,
            "go": null
          },
          "bools": {
            "caution": false,
            "brake": false,
            "finish": false,
            "narrows": false,
            "tightens": false,
            "tightens_late": false,
            "late": false,
            "sudden": false
          },
          "linked_to_next": false,
          "distance_calls_m": [
            50
          ]
        },
        "ref_segment_index": 1730,
        "ref_segment_t": 0.231413,
        "grp_keep": "",
        "grp_cut": "",
        "grp_opening": "",
        "grp_go": "",
        "flg_caution": false,
        "flg_brake": false,
        "flg_finish": false,
        "flg_narrows": false,
        "flg_tightens": false,
        "flg_tightens_late": false,
        "flg_late": false,
        "flg_sudden": false,
        "flg_linked_to_next": false,
        "turn_sides": "",
        "flg_turn_left": false,
        "flg_turn_right": false,
        "distance_calls_m": "50"
      }
    },
    {
      "type": "Feature",
      "geometry": {
        "type": "Point",
        "coordinates": [
          2588.562,
          1541.983
        ]
      },
      "properties": {
        "kind": "pacenote",
        "stage": "Peïra Cava - La Bollène-Vésubie",
        "reference_track": "col_de_turini",
        "note_index": 176,
        "distance_m": 11747.0,
        "distance_lookup_m": 11577.746,
        "link_to_next": false,
        "notes": [
          "Right5"
        ],
        "notes_text": "Right5",
        "atoms": [
          {
            "kind": "turn",
            "source": "Right5",
            "side": "right",
            "severity": 5
          }
        ],
        "flags": {
          "groups": {
            "keep": null,
            "cut": null,
            "opening": null,
            "go": null
          },
          "bools": {
            "caution": false,
            "brake": false,
            "finish": false,
            "narrows": false,
            "tightens": false,
            "tightens_late": false,
            "late": false,
            "sudden": false
          },
          "linked_to_next": false,
          "turn": {
            "sides": [
              "right"
            ],
            "severity_max": 5,
            "severity_min": 5
          }
        },
        "ref_segment_index": 1738,
        "ref_segment_t": 0.302203,
        "grp_keep": "",
        "grp_cut": "",
        "grp_opening": "",
        "grp_go": "",
        "flg_caution": false,
        "flg_brake": false,
        "flg_finish": false,
        "flg_narrows": false,
        "flg_tightens": false,
        "flg_tightens_late": false,
        "flg_late": false,
        "flg_sudden": false,
        "flg_linked_to_next": false,
        "turn_sides": "right",
        "flg_turn_left": false,
        "flg_turn_right": true,
        "turn_severity_min": 5,
        "turn_severity_max": 5
      }
    },
    {
      "type": "Feature",
      "geometry": {
        "type": "Point",
        "coordinates": [
          2637.078,
          1537.223
        ]
      },
      "properties": {
        "kind": "pacenote",
        "stage": "Peïra Cava - La Bollène-Vésubie",
        "reference_track": "col_de_turini",
        "note_index": 177,
        "distance_m": 11798.0,
        "distance_lookup_m": 11628.746,
        "link_to_next": false,
        "notes": [
          "Brake",
          "Left2",
          "Long"
        ],
        "notes_text": "Brake, Left2, Long",
        "atoms": [
          {
            "kind": "hazard",
            "source": "Brake",
            "name": "brake"
          },
          {
            "kind": "turn",
            "source": "Left2",
            "side": "left",
            "severity": 2
          },
          {
            "kind": "length",
            "source": "Long",
            "name": "long"
          }
        ],
        "flags": {
          "groups": {
            "keep": null,
            "cut": null,
            "opening": null,
            "go": null
          },
          "bools": {
            "caution": false,
            "brake": true,
            "finish": false,
            "narrows": false,
            "tightens": false,
            "tightens_late": false,
            "late": false,
            "sudden": false
          },
          "linked_to_next": false,
          "turn": {
            "sides": [
              "left"
            ],
            "severity_max": 2,
            "severity_min": 2
          }
        },
        "ref_segment_index": 1745,
        "ref_segment_t": 0.722011,
        "grp_keep": "",
        "grp_cut": "",
        "grp_opening": "",
        "grp_go": "",
        "flg_caution": false,
        "flg_brake": true,
        "flg_finish": false,
        "flg_narrows": false,
        "flg_tightens": false,
        "flg_tightens_late": false,
        "flg_late": false,
        "flg_sudden": false,
        "flg_linked_to_next": false,
        "turn_sides": "left",
        "flg_turn_left": true,
        "flg_turn_right": false,
        "turn_severity_min": 2,
        "turn_severity_max": 2
      }
    },
    {
      "type": "Feature",
      "geometry": {
        "type": "Point",
        "coordinates": [
          2659.96,
          1473.802
        ]
      },
      "properties": {
        "kind": "pacenote",
        "stage": "Peïra Cava - La Bollène-Vésubie",
        "reference_track": "col_de_turini",
        "note_index": 178,
        "distance_m": 11869.0,
        "distance_lookup_m": 11699.746,
        "link_to_next": false,
        "notes": [
          "Dist80"
        ],
        "notes_text": "Dist80",
        "atoms": [
          {
            "kind": "distance",
            "source": "Dist80",
            "meters": 80
          }
        ],
        "flags": {
          "groups": {
            "keep": null,
            "cut": null,
            "opening": null,
            "go": null
          },
          "bools": {
            "caution": false,
            "brake": false,
            "finish": false,
            "narrows": false,
            "tightens": false,
            "tightens_late": false,
            "late": false,
            "sudden": false
          },
          "linked_to_next": false,
          "distance_calls_m": [
            80
          ]
        },
        "ref_segment_index": 1757,
        "ref_segment_t": 0.039008,
        "grp_keep": "",
        "grp_cut": "",
        "grp_opening": "",
        "grp_go": "",
        "flg_caution": false,
        "flg_brake": false,
        "flg_finish": false,
        "flg_narrows": false,
        "flg_tightens": false,
        "flg_tightens_late": false,
        "flg_late": false,
        "flg_sudden": false,
        "flg_linked_to_next": false,
        "turn_sides": "",
        "flg_turn_left": false,
        "flg_turn_right": false,
        "distance_calls_m": "80"
      }
    },
    {
      "type": "Feature",
      "geometry": {
        "type": "Point",
        "coordinates": [
          2724.753,
          1425.898
        ]
      },
      "properties": {
        "kind": "pacenote",
        "stage": "Peïra Cava - La Bollène-Vésubie",
        "reference_track": "col_de_turini",
        "note_index": 179,
        "distance_m": 11950.0,
        "distance_lookup_m": 11780.746,
        "link_to_next": true,
        "notes": [
          "Left4",
          "Short",
          "DontCut"
        ],
        "notes_text": "Left4, Short, DontCut",
        "atoms": [
          {
            "kind": "turn",
            "source": "Left4",
            "side": "left",
            "severity": 4
          },
          {
            "kind": "length",
            "source": "Short",
            "name": "short"
          },
          {
            "kind": "modifier",
            "source": "DontCut",
            "name": "dont_cut"
          }
        ],
        "flags": {
          "groups": {
            "keep": null,
            "cut": "dont_cut",
            "opening": null,
            "go": null
          },
          "bools": {
            "caution": false,
            "brake": false,
            "finish": false,
            "narrows": false,
            "tightens": false,
            "tightens_late": false,
            "late": false,
            "sudden": false
          },
          "linked_to_next": true,
          "turn": {
            "sides": [
              "left"
            ],
            "severity_max": 4,
            "severity_min": 4
          }
        },
        "ref_segment_index": 1766,
        "ref_segment_t": 0.754468,
        "grp_keep": "",
        "grp_cut": "dont_cut",
        "grp_opening": "",
        "grp_go": "",
        "flg_caution": false,
        "flg_brake": false,
        "flg_finish": false,
        "flg_narrows": false,
        "flg_tightens": false,
        "flg_tightens_late": false,
        "flg_late": false,
        "flg_sudden": false,
        "flg_linked_to_next": true,
        "turn_sides": "left",
        "flg_turn_left": true,
        "flg_turn_right": false,
        "turn_severity_min": 4,
        "turn_severity_max": 4
      }
    },
    {
      "type": "Feature",
      "geometry": {
        "type": "Point",
        "coordinates": [
          2750.275,
          1397.028
        ]
      },
      "properties": {
        "kind": "pacenote",
        "stage": "Peïra Cava - La Bollène-Vésubie",
        "reference_track": "col_de_turini",
        "note_index": 180,
        "distance_m": 11990.0,
        "distance_lookup_m": 11820.746,
        "link_to_next": false,
        "notes": [
          "Dist40"
        ],
        "notes_text": "Dist40",
        "atoms": [
          {
            "kind": "distance",
            "source": "Dist40",
            "meters": 40
          }
        ],
        "flags": {
          "groups": {
            "keep": null,
            "cut": null,
            "opening": null,
            "go": null
          },
          "bools": {
            "caution": false,
            "brake": false,
            "finish": false,
            "narrows": false,
            "tightens": false,
            "tightens_late": false,
            "late": false,
            "sudden": false
          },
          "linked_to_next": false,
          "distance_calls_m": [
            40
          ]
        },
        "ref_segment_index": 1771,
        "ref_segment_t": 0.556971,
        "grp_keep": "",
        "grp_cut": "",
        "grp_opening": "",
        "grp_go": "",
        "flg_caution": false,
        "flg_brake": false,
        "flg_finish": false,
        "flg_narrows": false,
        "flg_tightens": false,
        "flg_tightens_late": false,
        "flg_late": false,
        "flg_sudden": false,
        "flg_linked_to_next": false,
        "turn_sides": "",
        "flg_turn_left": false,
        "flg_turn_right": false,
        "distance_calls_m": "40"
      }
    },
    {
      "type": "Feature",
      "geometry": {
        "type": "Point",
        "coordinates": [
          2762.201,
          1357.034
        ]
      },
      "properties": {
        "kind": "pacenote",
        "stage": "Peïra Cava - La Bollène-Vésubie",
        "reference_track": "col_de_turini",
        "note_index": 181,
        "distance_m": 12032.0,
        "distance_lookup_m": 11862.746,
        "link_to_next": false,
        "notes": [
          "Right3"
        ],
        "notes_text": "Right3",
        "atoms": [
          {
            "kind": "turn",
            "source": "Right3",
            "side": "right",
            "severity": 3
          }
        ],
        "flags": {
          "groups": {
            "keep": null,
            "cut": null,
            "opening": null,
            "go": null
          },
          "bools": {
            "caution": false,
            "brake": false,
            "finish": false,
            "narrows": false,
            "tightens": false,
            "tightens_late": false,
            "late": false,
            "sudden": false
          },
          "linked_to_next": false,
          "turn": {
            "sides": [
              "right"
            ],
            "severity_max": 3,
            "severity_min": 3
          }
        },
        "ref_segment_index": 1776,
        "ref_segment_t": 0.989067,
        "grp_keep": "",
        "grp_cut": "",
        "grp_opening": "",
        "grp_go": "",
        "flg_caution": false,
        "flg_brake": false,
        "flg_finish": false,
        "flg_narrows": false,
        "flg_tightens": false,
        "flg_tightens_late": false,
        "flg_late": false,
        "flg_sudden": false,
        "flg_linked_to_next": false,
        "turn_sides": "right",
        "flg_turn_left": false,
        "flg_turn_right": true,
        "turn_severity_min": 3,
        "turn_severity_max": 3
      }
    },
    {
      "type": "Feature",
      "geometry": {
        "type": "Point",
        "coordinates": [
          2721.883,
          1314.503
        ]
      },
      "properties": {
        "kind": "pacenote",
        "stage": "Peïra Cava - La Bollène-Vésubie",
        "reference_track": "col_de_turini",
        "note_index": 182,
        "distance_m": 12098.0,
        "distance_lookup_m": 11928.746,
        "link_to_next": true,
        "notes": [
          "And",
          "Left4"
        ],
        "notes_text": "And, Left4",
        "atoms": [
          {
            "kind": "connector",
            "source": "And",
            "name": "and"
          },
          {
            "kind": "turn",
            "source": "Left4",
            "side": "left",
            "severity": 4
          }
        ],
        "flags": {
          "groups": {
            "keep": null,
            "cut": null,
            "opening": null,
            "go": null
          },
          "bools": {
            "caution": false,
            "brake": false,
            "finish": false,
            "narrows": false,
            "tightens": false,
            "tightens_late": false,
            "late": false,
            "sudden": false
          },
          "linked_to_next": true,
          "turn": {
            "sides": [
              "left"
            ],
            "severity_max": 4,
            "severity_min": 4
          }
        },
        "ref_segment_index": 1785,
        "ref_segment_t": 0.714709,
        "grp_keep": "",
        "grp_cut": "",
        "grp_opening": "",
        "grp_go": "",
        "flg_caution": false,
        "flg_brake": false,
        "flg_finish": false,
        "flg_narrows": false,
        "flg_tightens": false,
        "flg_tightens_late": false,
        "flg_late": false,
        "flg_sudden": false,
        "flg_linked_to_next": true,
        "turn_sides": "left",
        "flg_turn_left": true,
        "flg_turn_right": false,
        "turn_severity_min": 4,
        "turn_severity_max": 4
      }
    },
    {
      "type": "Feature",
      "geometry": {
        "type": "Point",
        "coordinates": [
          2662.606,
          1321.476
        ]
      },
      "properties": {
        "kind": "pacenote",
        "stage": "Peïra Cava - La Bollène-Vésubie",
        "reference_track": "col_de_turini",
        "note_index": 183,
        "distance_m": 12158.0,
        "distance_lookup_m": 11988.746,
        "link_to_next": true,
        "notes": [
          "And",
          "Right5",
          "Short"
        ],
        "notes_text": "And, Right5, Short",
        "atoms": [
          {
            "kind": "connector",
            "source": "And",
            "name": "and"
          },
          {
            "kind": "turn",
            "source": "Right5",
            "side": "right",
            "severity": 5
          },
          {
            "kind": "length",
            "source": "Short",
            "name": "short"
          }
        ],
        "flags": {
          "groups": {
            "keep": null,
            "cut": null,
            "opening": null,
            "go": null
          },
          "bools": {
            "caution": false,
            "brake": false,
            "finish": false,
            "narrows": false,
            "tightens": false,
            "tightens_late": false,
            "late": false,
            "sudden": false
          },
          "linked_to_next": true,
          "turn": {
            "sides": [
              "right"
            ],
            "severity_max": 5,
            "severity_min": 5
          }
        },
        "ref_segment_index": 1792,
        "ref_segment_t": 0.927244,
        "grp_keep": "",
        "grp_cut": "",
        "grp_opening": "",
        "grp_go": "",
        "flg_caution": false,
        "flg_brake": false,
        "flg_finish": false,
        "flg_narrows": false,
        "flg_tightens": false,
        "flg_tightens_late": false,
        "flg_late": false,
        "flg_sudden": false,
        "flg_linked_to_next": true,
        "turn_sides": "right",
        "flg_turn_left": false,
        "flg_turn_right": true,
        "turn_severity_min": 5,
        "turn_severity_max": 5
      }
    },
    {
      "type": "Feature",
      "geometry": {
        "type": "Point",
        "coordinates": [
          2623.534,
          1313.282
        ]
      },
      "properties": {
        "kind": "pacenote",
        "stage": "Peïra Cava - La Bollène-Vésubie",
        "reference_track": "col_de_turini",
        "note_index": 184,
        "distance_m": 12201.0,
        "distance_lookup_m": 12031.746,
        "link_to_next": false,
        "notes": [
          "Dist90"
        ],
        "notes_text": "Dist90",
        "atoms": [
          {
            "kind": "distance",
            "source": "Dist90",
            "meters": 90
          }
        ],
        "flags": {
          "groups": {
            "keep": null,
            "cut": null,
            "opening": null,
            "go": null
          },
          "bools": {
            "caution": false,
            "brake": false,
            "finish": false,
            "narrows": false,
            "tightens": false,
            "tightens_late": false,
            "late": false,
            "sudden": false
          },
          "linked_to_next": false,
          "distance_calls_m": [
            90
          ]
        },
        "ref_segment_index": 1801,
        "ref_segment_t": 0.386017,
        "grp_keep": "",
        "grp_cut": "",
        "grp_opening": "",
        "grp_go": "",
        "flg_caution": false,
        "flg_brake": false,
        "flg_finish": false,
        "flg_narrows": false,
        "flg_tightens": false,
        "flg_tightens_late": false,
        "flg_late": false,
        "flg_sudden": false,
        "flg_linked_to_next": false,
        "turn_sides": "",
        "flg_turn_left": false,
        "flg_turn_right": false,
        "distance_calls_m": "90"
      }
    },
    {
      "type": "Feature",
      "geometry": {
        "type": "Point",
        "coordinates": [
          2668.536,
          1243.713
        ]
      },
      "properties": {
        "kind": "pacenote",
        "stage": "Peïra Cava - La Bollène-Vésubie",
        "reference_track": "col_de_turini",
        "note_index": 185,
        "distance_m": 12295.0,
        "distance_lookup_m": 12125.746,
        "link_to_next": true,
        "notes": [
          "Caution",
          "Right4",
          "Brake"
        ],
        "notes_text": "Caution, Right4, Brake",
        "atoms": [
          {
            "kind": "hazard",
            "source": "Caution",
            "name": "caution"
          },
          {
            "kind": "turn",
            "source": "Right4",
            "side": "right",
            "severity": 4
          },
          {
            "kind": "hazard",
            "source": "Brake",
            "name": "brake"
          }
        ],
        "flags": {
          "groups": {
            "keep": null,
            "cut": null,
            "opening": null,
            "go": null
          },
          "bools": {
            "caution": true,
            "brake": true,
            "finish": false,
            "narrows": false,
            "tightens": false,
            "tightens_late": false,
            "late": false,
            "sudden": false
          },
          "linked_to_next": true,
          "turn": {
            "sides": [
              "right"
            ],
            "severity_max": 4,
            "severity_min": 4
          }
        },
        "ref_segment_index": 1816,
        "ref_segment_t": 0.131947,
        "grp_keep": "",
        "grp_cut": "",
        "grp_opening": "",
        "grp_go": "",
        "flg_caution": true,
        "flg_brake": true,
        "flg_finish": false,
        "flg_narrows": false,
        "flg_tightens": false,
        "flg_tightens_late": false,
        "flg_late": false,
        "flg_sudden": false,
        "flg_linked_to_next": true,
        "turn_sides": "right",
        "flg_turn_left": false,
        "flg_turn_right": true,
        "turn_severity_min": 4,
        "turn_severity_max": 4
      }
    },
    {
      "type": "Feature",
      "geometry": {
        "type": "Point",
        "coordinates": [
          2668.606,
          1203.86
        ]
      },
      "properties": {
        "kind": "pacenote",
        "stage": "Peïra Cava - La Bollène-Vésubie",
        "reference_track": "col_de_turini",
        "note_index": 186,
        "distance_m": 12345.0,
        "distance_lookup_m": 12175.746,
        "link_to_next": false,
        "notes": [
          "Pause0.1s_Reset",
          "Into",
          "LeftOpenHP"
        ],
        "notes_text": "Pause0.1s_Reset, Into, LeftOpenHP",
        "atoms": [
          {
            "kind": "pause",
            "source": "Pause0.1s_Reset",
            "seconds": 0.1,
            "reset": true
          },
          {
            "kind": "connector",
            "source": "Into",
            "name": "into"
          },
          {
            "kind": "turn",
            "source": "LeftOpenHP",
            "side": "left",
            "style": "openhp"
          }
        ],
        "flags": {
          "groups": {
            "keep": null,
            "cut": null,
            "opening": null,
            "go": null
          },
          "bools": {
            "caution": false,
            "brake": false,
            "finish": false,
            "narrows": false,
            "tightens": false,
            "tightens_late": false,
            "late": false,
            "sudden": false
          },
          "linked_to_next": false,
          "turn": {
            "sides": [
              "left"
            ]
          },
          "pause_seconds": [
            0.1
          ]
        },
        "ref_segment_index": 1824,
        "ref_segment_t": 0.206056,
        "grp_keep": "",
        "grp_cut": "",
        "grp_opening": "",
        "grp_go": "",
        "flg_caution": false,
        "flg_brake": false,
        "flg_finish": false,
        "flg_narrows": false,
        "flg_tightens": false,
        "flg_tightens_late": false,
        "flg_late": false,
        "flg_sudden": false,
        "flg_linked_to_next": false,
        "turn_sides": "left",
        "flg_turn_left": true,
        "flg_turn_right": false,
        "pause_seconds": "0.1"
      }
    },
    {
      "type": "Feature",
      "geometry": {
        "type": "Point",
        "coordinates": [
          2601.606,
          1204.495
        ]
      },
      "properties": {
        "kind": "pacenote",
        "stage": "Peïra Cava - La Bollène-Vésubie",
        "reference_track": "col_de_turini",
        "note_index": 187,
        "distance_m": 12413.0,
        "distance_lookup_m": 12243.746,
        "link_to_next": true,
        "notes": [
          "Right5"
        ],
        "notes_text": "Right5",
        "atoms": [
          {
            "kind": "turn",
            "source": "Right5",
            "side": "right",
            "severity": 5
          }
        ],
        "flags": {
          "groups": {
            "keep": null,
            "cut": null,
            "opening": null,
            "go": null
          },
          "bools": {
            "caution": false,
            "brake": false,
            "finish": false,
            "narrows": false,
            "tightens": false,
            "tightens_late": false,
            "late": false,
            "sudden": false
          },
          "linked_to_next": true,
          "turn": {
            "sides": [
              "right"
            ],
            "severity_max": 5,
            "severity_min": 5
          }
        },
        "ref_segment_index": 1833,
        "ref_segment_t": 0.49411,
        "grp_keep": "",
        "grp_cut": "",
        "grp_opening": "",
        "grp_go": "",
        "flg_caution": false,
        "flg_brake": false,
        "flg_finish": false,
        "flg_narrows": false,
        "flg_tightens": false,
        "flg_tightens_late": false,
        "flg_late": false,
        "flg_sudden": false,
        "flg_linked_to_next": true,
        "turn_sides": "right",
        "flg_turn_left": false,
        "flg_turn_right": true,
        "turn_severity_min": 5,
        "turn_severity_max": 5
      }
    },
    {
      "type": "Feature",
      "geometry": {
        "type": "Point",
        "coordinates": [
          2563.731,
          1206.515
        ]
      },
      "properties": {
        "kind": "pacenote",
        "stage": "Peïra Cava - La Bollène-Vésubie",
        "reference_track": "col_de_turini",
        "note_index": 188,
        "distance_m": 12451.0,
        "distance_lookup_m": 12281.746,
        "link_to_next": false,
        "notes": [
          "Dist100"
        ],
        "notes_text": "Dist100",
        "atoms": [
          {
            "kind": "distance",
            "source": "Dist100",
            "meters": 100
          }
        ],
        "flags": {
          "groups": {
            "keep": null,
            "cut": null,
            "opening": null,
            "go": null
          },
          "bools": {
            "caution": false,
            "brake": false,
            "finish": false,
            "narrows": false,
            "tightens": false,
            "tightens_late": false,
            "late": false,
            "sudden": false
          },
          "linked_to_next": false,
          "distance_calls_m": [
            100
          ]
        },
        "ref_segment_index": 1837,
        "ref_segment_t": 0.414532,
        "grp_keep": "",
        "grp_cut": "",
        "grp_opening": "",
        "grp_go": "",
        "flg_caution": false,
        "flg_brake": false,
        "flg_finish": false,
        "flg_narrows": false,
        "flg_tightens": false,
        "flg_tightens_late": false,
        "flg_late": false,
        "flg_sudden": false,
        "flg_linked_to_next": false,
        "turn_sides": "",
        "flg_turn_left": false,
        "flg_turn_right": false,
        "distance_calls_m": "100"
      }
    },
    {
      "type": "Feature",
      "geometry": {
        "type": "Point",
        "coordinates": [
          2441.829,
          1169.592
        ]
      },
      "properties": {
        "kind": "pacenote",
        "stage": "Peïra Cava - La Bollène-Vésubie",
        "reference_track": "col_de_turini",
        "note_index": 189,
        "distance_m": 12581.0,
        "distance_lookup_m": 12411.746,
        "link_to_next": true,
        "notes": [
          "Left4"
        ],
        "notes_text": "Left4",
        "atoms": [
          {
            "kind": "turn",
            "source": "Left4",
            "side": "left",
            "severity": 4
          }
        ],
        "flags": {
          "groups": {
            "keep": null,
            "cut": null,
            "opening": null,
            "go": null
          },
          "bools": {
            "caution": false,
            "brake": false,
            "finish": false,
            "narrows": false,
            "tightens": false,
            "tightens_late": false,
            "late": false,
            "sudden": false
          },
          "linked_to_next": true,
          "turn": {
            "sides": [
              "left"
            ],
            "severity_max": 4,
            "severity_min": 4
          }
        },
        "ref_segment_index": 1849,
        "ref_segment_t": 0.435406,
        "grp_keep": "",
        "grp_cut": "",
        "grp_opening": "",
        "grp_go": "",
        "flg_caution": false,
        "flg_brake": false,
        "flg_finish": false,
        "flg_narrows": false,
        "flg_tightens": false,
        "flg_tightens_late": false,
        "flg_late": false,
        "flg_sudden": false,
        "flg_linked_to_next": true,
        "turn_sides": "left",
        "flg_turn_left": true,
        "flg_turn_right": false,
        "turn_severity_min": 4,
        "turn_severity_max": 4
      }
    },
    {
      "type": "Feature",
      "geometry": {
        "type": "Point",
        "coordinates": [
          2396.656,
          1148.35
        ]
      },
      "properties": {
        "kind": "pacenote",
        "stage": "Peïra Cava - La Bollène-Vésubie",
        "reference_track": "col_de_turini",
        "note_index": 190,
        "distance_m": 12632.0,
        "distance_lookup_m": 12462.746,
        "link_to_next": false,
        "notes": [
          "Into",
          "Right3"
        ],
        "notes_text": "Into, Right3",
        "atoms": [
          {
            "kind": "connector",
            "source": "Into",
            "name": "into"
          },
          {
            "kind": "turn",
            "source": "Right3",
            "side": "right",
            "severity": 3
          }
        ],
        "flags": {
          "groups": {
            "keep": null,
            "cut": null,
            "opening": null,
            "go": null
          },
          "bools": {
            "caution": false,
            "brake": false,
            "finish": false,
            "narrows": false,
            "tightens": false,
            "tightens_late": false,
            "late": false,
            "sudden": false
          },
          "linked_to_next": false,
          "turn": {
            "sides": [
              "right"
            ],
            "severity_max": 3,
            "severity_min": 3
          }
        },
        "ref_segment_index": 1853,
        "ref_segment_t": 0.975919,
        "grp_keep": "",
        "grp_cut": "",
        "grp_opening": "",
        "grp_go": "",
        "flg_caution": false,
        "flg_brake": false,
        "flg_finish": false,
        "flg_narrows": false,
        "flg_tightens": false,
        "flg_tightens_late": false,
        "flg_late": false,
        "flg_sudden": false,
        "flg_linked_to_next": false,
        "turn_sides": "right",
        "flg_turn_left": false,
        "flg_turn_right": true,
        "turn_severity_min": 3,
        "turn_severity_max": 3
      }
    },
    {
      "type": "Feature",
      "geometry": {
        "type": "Point",
        "coordinates": [
          2336.279,
          1110.1
        ]
      },
      "properties": {
        "kind": "pacenote",
        "stage": "Peïra Cava - La Bollène-Vésubie",
        "reference_track": "col_de_turini",
        "note_index": 191,
        "distance_m": 12705.0,
        "distance_lookup_m": 12535.746,
        "link_to_next": false,
        "notes": [
          "Brake",
          "Into",
          "RightHP"
        ],
        "notes_text": "Brake, Into, RightHP",
        "atoms": [
          {
            "kind": "hazard",
            "source": "Brake",
            "name": "brake"
          },
          {
            "kind": "connector",
            "source": "Into",
            "name": "into"
          },
          {
            "kind": "turn",
            "source": "RightHP",
            "side": "right",
            "style": "hp"
          }
        ],
        "flags": {
          "groups": {
            "keep": null,
            "cut": null,
            "opening": null,
            "go": null
          },
          "bools": {
            "caution": false,
            "brake": true,
            "finish": false,
            "narrows": false,
            "tightens": false,
            "tightens_late": false,
            "late": false,
            "sudden": false
          },
          "linked_to_next": false,
          "turn": {
            "sides": [
              "right"
            ]
          }
        },
        "ref_segment_index": 1861,
        "ref_segment_t": 0.421153,
        "grp_keep": "",
        "grp_cut": "",
        "grp_opening": "",
        "grp_go": "",
        "flg_caution": false,
        "flg_brake": true,
        "flg_finish": false,
        "flg_narrows": false,
        "flg_tightens": false,
        "flg_tightens_late": false,
        "flg_late": false,
        "flg_sudden": false,
        "flg_linked_to_next": false,
        "turn_sides": "right",
        "flg_turn_left": false,
        "flg_turn_right": true
      }
    },
    {
      "type": "Feature",
      "geometry": {
        "type": "Point",
        "coordinates": [
          2300.317,
          1067.233
        ]
      },
      "properties": {
        "kind": "pacenote",
        "stage": "Peïra Cava - La Bollène-Vésubie",
        "reference_track": "col_de_turini",
        "note_index": 192,
        "distance_m": 12761.0,
        "distance_lookup_m": 12591.746,
        "link_to_next": false,
        "notes": [
          "Pause1.5s",
          "Left3"
        ],
        "notes_text": "Pause1.5s, Left3",
        "atoms": [
          {
            "kind": "pause",
            "source": "Pause1.5s",
            "seconds": 1.5,
            "reset": false
          },
          {
            "kind": "turn",
            "source": "Left3",
            "side": "left",
            "severity": 3
          }
        ],
        "flags": {
          "groups": {
            "keep": null,
            "cut": null,
            "opening": null,
            "go": null
          },
          "bools": {
            "caution": false,
            "brake": false,
            "finish": false,
            "narrows": false,
            "tightens": false,
            "tightens_late": false,
            "late": false,
            "sudden": false
          },
          "linked_to_next": false,
          "turn": {
            "sides": [
              "left"
            ],
            "severity_max": 3,
            "severity_min": 3
          },
          "pause_seconds": [
            1.5
          ]
        },
        "ref_segment_index": 1866,
        "ref_segment_t": 0.483135,
        "grp_keep": "",
        "grp_cut": "",
        "grp_opening": "",
        "grp_go": "",
        "flg_caution": false,
        "flg_brake": false,
        "flg_finish": false,
        "flg_narrows": false,
        "flg_tightens": false,
        "flg_tightens_late": false,
        "flg_late": false,
        "flg_sudden": false,
        "flg_linked_to_next": false,
        "turn_sides": "left",
        "flg_turn_left": true,
        "flg_turn_right": false,
        "turn_severity_min": 3,
        "turn_severity_max": 3,
        "pause_seconds": "1.5"
      }
    },
    {
      "type": "Feature",
      "geometry": {
        "type": "Point",
        "coordinates": [
          2248.295,
          1011.303
        ]
      },
      "properties": {
        "kind": "pacenote",
        "stage": "Peïra Cava - La Bollène-Vésubie",
        "reference_track": "col_de_turini",
        "note_index": 193,
        "distance_m": 12840.0,
        "distance_lookup_m": 12670.746,
        "link_to_next": true,
        "notes": [
          "Right5"
        ],
        "notes_text": "Right5",
        "atoms": [
          {
            "kind": "turn",
            "source": "Right5",
            "side": "right",
            "severity": 5
          }
        ],
        "flags": {
          "groups": {
            "keep": null,
            "cut": null,
            "opening": null,
            "go": null
          },
          "bools": {
            "caution": false,
            "brake": false,
            "finish": false,
            "narrows": false,
            "tightens": false,
            "tightens_late": false,
            "late": false,
            "sudden": false
          },
          "linked_to_next": true,
          "turn": {
            "sides": [
              "right"
            ],
            "severity_max": 5,
            "severity_min": 5
          }
        },
        "ref_segment_index": 1874,
        "ref_segment_t": 0.616828,
        "grp_keep": "",
        "grp_cut": "",
        "grp_opening": "",
        "grp_go": "",
        "flg_caution": false,
        "flg_brake": false,
        "flg_finish": false,
        "flg_narrows": false,
        "flg_tightens": false,
        "flg_tightens_late": false,
        "flg_late": false,
        "flg_sudden": false,
        "flg_linked_to_next": true,
        "turn_sides": "right",
        "flg_turn_left": false,
        "flg_turn_right": true,
        "turn_severity_min": 5,
        "turn_severity_max": 5
      }
    },
    {
      "type": "Feature",
      "geometry": {
        "type": "Point",
        "coordinates": [
          2220.166,
          1010.102
        ]
      },
      "properties": {
        "kind": "pacenote",
        "stage": "Peïra Cava - La Bollène-Vésubie",
        "reference_track": "col_de_turini",
        "note_index": 194,
        "distance_m": 12870.0,
        "distance_lookup_m": 12700.746,
        "link_to_next": false,
        "notes": [
          "Dist60"
        ],
        "notes_text": "Dist60",
        "atoms": [
          {
            "kind": "distance",
            "source": "Dist60",
            "meters": 60
          }
        ],
        "flags": {
          "groups": {
            "keep": null,
            "cut": null,
            "opening": null,
            "go": null
          },
          "bools": {
            "caution": false,
            "brake": false,
            "finish": false,
            "narrows": false,
            "tightens": false,
            "tightens_late": false,
            "late": false,
            "sudden": false
          },
          "linked_to_next": false,
          "distance_calls_m": [
            60
          ]
        },
        "ref_segment_index": 1877,
        "ref_segment_t": 0.895336,
        "grp_keep": "",
        "grp_cut": "",
        "grp_opening": "",
        "grp_go": "",
        "flg_caution": false,
        "flg_brake": false,
        "flg_finish": false,
        "flg_narrows": false,
        "flg_tightens": false,
        "flg_tightens_late": false,
        "flg_late": false,
        "flg_sudden": false,
        "flg_linked_to_next": false,
        "turn_sides": "",
        "flg_turn_left": false,
        "flg_turn_right": false,
        "distance_calls_m": "60"
      }
    },
    {
      "type": "Feature",
      "geometry": {
        "type": "Point",
        "coordinates": [
          2159.852,
          1032.878
        ]
      },
      "properties": {
        "kind": "pacenote",
        "stage": "Peïra Cava - La Bollène-Vésubie",
        "reference_track": "col_de_turini",
        "note_index": 195,
        "distance_m": 12935.0,
        "distance_lookup_m": 12765.746,
        "link_to_next": true,
        "notes": [
          "Left4"
        ],
        "notes_text": "Left4",
        "atoms": [
          {
            "kind": "turn",
            "source": "Left4",
            "side": "left",
            "severity": 4
          }
        ],
        "flags": {
          "groups": {
            "keep": null,
            "cut": null,
            "opening": null,
            "go": null
          },
          "bools": {
            "caution": false,
            "brake": false,
            "finish": false,
            "narrows": false,
            "tightens": false,
            "tightens_late": false,
            "late": false,
            "sudden": false
          },
          "linked_to_next": true,
          "turn": {
            "sides": [
              "left"
            ],
            "severity_max": 4,
            "severity_min": 4
          }
        },
        "ref_segment_index": 1884,
        "ref_segment_t": 0.876726,
        "grp_keep": "",
        "grp_cut": "",
        "grp_opening": "",
        "grp_go": "",
        "flg_caution": false,
        "flg_brake": false,
        "flg_finish": false,
        "flg_narrows": false,
        "flg_tightens": false,
        "flg_tightens_late": false,
        "flg_late": false,
        "flg_sudden": false,
        "flg_linked_to_next": true,
        "turn_sides": "left",
        "flg_turn_left": true,
        "flg_turn_right": false,
        "turn_severity_min": 4,
        "turn_severity_max": 4
      }
    },
    {
      "type": "Feature",
      "geometry": {
        "type": "Point",
        "coordinates": [
          2122.03,
          1031.508
        ]
      },
      "properties": {
        "kind": "pacenote",
        "stage": "Peïra Cava - La Bollène-Vésubie",
        "reference_track": "col_de_turini",
        "note_index": 196,
        "distance_m": 12974.0,
        "distance_lookup_m": 12804.746,
        "link_to_next": true,
        "notes": [
          "And",
          "Right5"
        ],
        "notes_text": "And, Right5",
        "atoms": [
          {
            "kind": "connector",
            "source": "And",
            "name": "and"
          },
          {
            "kind": "turn",
            "source": "Right5",
            "side": "right",
            "severity": 5
          }
        ],
        "flags": {
          "groups": {
            "keep": null,
            "cut": null,
            "opening": null,
            "go": null
          },
          "bools": {
            "caution": false,
            "brake": false,
            "finish": false,
            "narrows": false,
            "tightens": false,
            "tightens_late": false,
            "late": false,
            "sudden": false
          },
          "linked_to_next": true,
          "turn": {
            "sides": [
              "right"
            ],
            "severity_max": 5,
            "severity_min": 5
          }
        },
        "ref_segment_index": 1889,
        "ref_segment_t": 0.293694,
        "grp_keep": "",
        "grp_cut": "",
        "grp_opening": "",
        "grp_go": "",
        "flg_caution": false,
        "flg_brake": false,
        "flg_finish": false,
        "flg_narrows": false,
        "flg_tightens": false,
        "flg_tightens_late": false,
        "flg_late": false,
        "flg_sudden": false,
        "flg_linked_to_next": true,
        "turn_sides": "right",
        "flg_turn_left": false,
        "flg_turn_right": true,
        "turn_severity_min": 5,
        "turn_severity_max": 5
      }
    },
    {
      "type": "Feature",
      "geometry": {
        "type": "Point",
        "coordinates": [
          2095.792,
          1010.469
        ]
      },
      "properties": {
        "kind": "pacenote",
        "stage": "Peïra Cava - La Bollène-Vésubie",
        "reference_track": "col_de_turini",
        "note_index": 197,
        "distance_m": 13008.0,
        "distance_lookup_m": 12838.746,
        "link_to_next": false,
        "notes": [
          "Dist70"
        ],
        "notes_text": "Dist70",
        "atoms": [
          {
            "kind": "distance",
            "source": "Dist70",
            "meters": 70
          }
        ],
        "flags": {
          "groups": {
            "keep": null,
            "cut": null,
            "opening": null,
            "go": null
          },
          "bools": {
            "caution": false,
            "brake": false,
            "finish": false,
            "narrows": false,
            "tightens": false,
            "tightens_late": false,
            "late": false,
            "sudden": false
          },
          "linked_to_next": false,
          "distance_calls_m": [
            70
          ]
        },
        "ref_segment_index": 1893,
        "ref_segment_t": 0.340074,
        "grp_keep": "",
        "grp_cut": "",
        "grp_opening": "",
        "grp_go": "",
        "flg_caution": false,
        "flg_brake": false,
        "flg_finish": false,
        "flg_narrows": false,
        "flg_tightens": false,
        "flg_tightens_late": false,
        "flg_late": false,
        "flg_sudden": false,
        "flg_linked_to_next": false,
        "turn_sides": "",
        "flg_turn_left": false,
        "flg_turn_right": false,
        "distance_calls_m": "70"
      }
    },
    {
      "type": "Feature",
      "geometry": {
        "type": "Point",
        "coordinates": [
          2059.945,
          941.707
        ]
      },
      "properties": {
        "kind": "pacenote",
        "stage": "Peïra Cava - La Bollène-Vésubie",
        "reference_track": "col_de_turini",
        "note_index": 198,
        "distance_m": 13086.0,
        "distance_lookup_m": 12916.746,
        "link_to_next": false,
        "notes": [
          "Right3",
          "Long",
          "Tighten2",
          "Late"
        ],
        "notes_text": "Right3, Long, Tighten2, Late",
        "atoms": [
          {
            "kind": "turn",
            "source": "Right3",
            "side": "right",
            "severity": 3
          },
          {
            "kind": "length",
            "source": "Long",
            "name": "long"
          },
          {
            "kind": "modifier",
            "source": "Tighten2",
            "name": "tighten",
            "level": 2
          },
          {
            "kind": "modifier",
            "source": "Late",
            "name": "late"
          }
        ],
        "flags": {
          "groups": {
            "keep": null,
            "cut": null,
            "opening": null,
            "go": null
          },
          "bools": {
            "caution": false,
            "brake": false,
            "finish": false,
            "narrows": false,
            "tightens": false,
            "tightens_late": false,
            "late": true,
            "sudden": false
          },
          "linked_to_next": false,
          "turn": {
            "sides": [
              "right"
            ],
            "severity_max": 3,
            "severity_min": 3
          }
        },
        "ref_segment_index": 1901,
        "ref_segment_t": 0.845994,
        "grp_keep": "",
        "grp_cut": "",
        "grp_opening": "",
        "grp_go": "",
        "flg_caution": false,
        "flg_brake": false,
        "flg_finish": false,
        "flg_narrows": false,
        "flg_tightens": false,
        "flg_tightens_late": false,
        "flg_late": true,
        "flg_sudden": false,
        "flg_linked_to_next": false,
        "turn_sides": "right",
        "flg_turn_left": false,
        "flg_turn_right": true,
        "turn_severity_min": 3,
        "turn_severity_max": 3
      }
    },
    {
      "type": "Feature",
      "geometry": {
        "type": "Point",
        "coordinates": [
          1984.944,
          878.829
        ]
      },
      "properties": {
        "kind": "pacenote",
        "stage": "Peïra Cava - La Bollène-Vésubie",
        "reference_track": "col_de_turini",
        "note_index": 199,
        "distance_m": 13189.0,
        "distance_lookup_m": 13019.746,
        "link_to_next": true,
        "notes": [
          "And",
          "Left4"
        ],
        "notes_text": "And, Left4",
        "atoms": [
          {
            "kind": "connector",
            "source": "And",
            "name": "and"
          },
          {
            "kind": "turn",
            "source": "Left4",
            "side": "left",
            "severity": 4
          }
        ],
        "flags": {
          "groups": {
            "keep": null,
            "cut": null,
            "opening": null,
            "go": null
          },
          "bools": {
            "caution": false,
            "brake": false,
            "finish": false,
            "narrows": false,
            "tightens": false,
            "tightens_late": false,
            "late": false,
            "sudden": false
          },
          "linked_to_next": true,
          "turn": {
            "sides": [
              "left"
            ],
            "severity_max": 4,
            "severity_min": 4
          }
        },
        "ref_segment_index": 1914,
        "ref_segment_t": 0.059197,
        "grp_keep": "",
        "grp_cut": "",
        "grp_opening": "",
        "grp_go": "",
        "flg_caution": false,
        "flg_brake": false,
        "flg_finish": false,
        "flg_narrows": false,
        "flg_tightens": false,
        "flg_tightens_late": false,
        "flg_late": false,
        "flg_sudden": false,
        "flg_linked_to_next": true,
        "turn_sides": "left",
        "flg_turn_left": true,
        "flg_turn_right": false,
        "turn_severity_min": 4,
        "turn_severity_max": 4
      }
    },
    {
      "type": "Feature",
      "geometry": {
        "type": "Point",
        "coordinates": [
          1952.174,
          890.534
        ]
      },
      "properties": {
        "kind": "pacenote",
        "stage": "Peïra Cava - La Bollène-Vésubie",
        "reference_track": "col_de_turini",
        "note_index": 200,
        "distance_m": 13225.0,
        "distance_lookup_m": 13055.746,
        "link_to_next": true,
        "notes": [
          "And",
          "Right4"
        ],
        "notes_text": "And, Right4",
        "atoms": [
          {
            "kind": "connector",
            "source": "And",
            "name": "and"
          },
          {
            "kind": "turn",
            "source": "Right4",
            "side": "right",
            "severity": 4
          }
        ],
        "flags": {
          "groups": {
            "keep": null,
            "cut": null,
            "opening": null,
            "go": null
          },
          "bools": {
            "caution": false,
            "brake": false,
            "finish": false,
            "narrows": false,
            "tightens": false,
            "tightens_late": false,
            "late": false,
            "sudden": false
          },
          "linked_to_next": true,
          "turn": {
            "sides": [
              "right"
            ],
            "severity_max": 4,
            "severity_min": 4
          }
        },
        "ref_segment_index": 1919,
        "ref_segment_t": 0.025405,
        "grp_keep": "",
        "grp_cut": "",
        "grp_opening": "",
        "grp_go": "",
        "flg_caution": false,
        "flg_brake": false,
        "flg_finish": false,
        "flg_narrows": false,
        "flg_tightens": false,
        "flg_tightens_late": false,
        "flg_late": false,
        "flg_sudden": false,
        "flg_linked_to_next": true,
        "turn_sides": "right",
        "flg_turn_left": false,
        "flg_turn_right": true,
        "turn_severity_min": 4,
        "turn_severity_max": 4
      }
    },
    {
      "type": "Feature",
      "geometry": {
        "type": "Point",
        "coordinates": [
          1921.862,
          908.065
        ]
      },
      "properties": {
        "kind": "pacenote",
        "stage": "Peïra Cava - La Bollène-Vésubie",
        "reference_track": "col_de_turini",
        "note_index": 201,
        "distance_m": 13260.0,
        "distance_lookup_m": 13090.746,
        "link_to_next": false,
        "notes": [
          "Dist40"
        ],
        "notes_text": "Dist40",
        "atoms": [
          {
            "kind": "distance",
            "source": "Dist40",
            "meters": 40
          }
        ],
        "flags": {
          "groups": {
            "keep": null,
            "cut": null,
            "opening": null,
            "go": null
          },
          "bools": {
            "caution": false,
            "brake": false,
            "finish": false,
            "narrows": false,
            "tightens": false,
            "tightens_late": false,
            "late": false,
            "sudden": false
          },
          "linked_to_next": false,
          "distance_calls_m": [
            40
          ]
        },
        "ref_segment_index": 1923,
        "ref_segment_t": 0.271326,
        "grp_keep": "",
        "grp_cut": "",
        "grp_opening": "",
        "grp_go": "",
        "flg_caution": false,
        "flg_brake": false,
        "flg_finish": false,
        "flg_narrows": false,
        "flg_tightens": false,
        "flg_tightens_late": false,
        "flg_late": false,
        "flg_sudden": false,
        "flg_linked_to_next": false,
        "turn_sides": "",
        "flg_turn_left": false,
        "flg_turn_right": false,
        "distance_calls_m": "40"
      }
    },
    {
      "type": "Feature",
      "geometry": {
        "type": "Point",
        "coordinates": [
          1879.889,
          911.462
        ]
      },
      "properties": {
        "kind": "pacenote",
        "stage": "Peïra Cava - La Bollène-Vésubie",
        "reference_track": "col_de_turini",
        "note_index": 202,
        "distance_m": 13304.0,
        "distance_lookup_m": 13134.746,
        "link_to_next": false,
        "notes": [
          "Right5",
          "Brake"
        ],
        "notes_text": "Right5, Brake",
        "atoms": [
          {
            "kind": "turn",
            "source": "Right5",
            "side": "right",
            "severity": 5
          },
          {
            "kind": "hazard",
            "source": "Brake",
            "name": "brake"
          }
        ],
        "flags": {
          "groups": {
            "keep": null,
            "cut": null,
            "opening": null,
            "go": null
          },
          "bools": {
            "caution": false,
            "brake": true,
            "finish": false,
            "narrows": false,
            "tightens": false,
            "tightens_late": false,
            "late": false,
            "sudden": false
          },
          "linked_to_next": false,
          "turn": {
            "sides": [
              "right"
            ],
            "severity_max": 5,
            "severity_min": 5
          }
        },
        "ref_segment_index": 1929,
        "ref_segment_t": 0.989169,
        "grp_keep": "",
        "grp_cut": "",
        "grp_opening": "",
        "grp_go": "",
        "flg_caution": false,
        "flg_brake": true,
        "flg_finish": false,
        "flg_narrows": false,
        "flg_tightens": false,
        "flg_tightens_late": false,
        "flg_late": false,
        "flg_sudden": false,
        "flg_linked_to_next": false,
        "turn_sides": "right",
        "flg_turn_left": false,
        "flg_turn_right": true,
        "turn_severity_min": 5,
        "turn_severity_max": 5
      }
    },
    {
      "type": "Feature",
      "geometry": {
        "type": "Point",
        "coordinates": [
          1850.893,
          884.718
        ]
      },
      "properties": {
        "kind": "pacenote",
        "stage": "Peïra Cava - La Bollène-Vésubie",
        "reference_track": "col_de_turini",
        "note_index": 203,
        "distance_m": 13344.0,
        "distance_lookup_m": 13174.746,
        "link_to_next": true,
        "notes": [
          "Into",
          "Left3"
        ],
        "notes_text": "Into, Left3",
        "atoms": [
          {
            "kind": "connector",
            "source": "Into",
            "name": "into"
          },
          {
            "kind": "turn",
            "source": "Left3",
            "side": "left",
            "severity": 3
          }
        ],
        "flags": {
          "groups": {
            "keep": null,
            "cut": null,
            "opening": null,
            "go": null
          },
          "bools": {
            "caution": false,
            "brake": false,
            "finish": false,
            "narrows": false,
            "tightens": false,
            "tightens_late": false,
            "late": false,
            "sudden": false
          },
          "linked_to_next": true,
          "turn": {
            "sides": [
              "left"
            ],
            "severity_max": 3,
            "severity_min": 3
          }
        },
        "ref_segment_index": 1936,
        "ref_segment_t": 0.001652,
        "grp_keep": "",
        "grp_cut": "",
        "grp_opening": "",
        "grp_go": "",
        "flg_caution": false,
        "flg_brake": false,
        "flg_finish": false,
        "flg_narrows": false,
        "flg_tightens": false,
        "flg_tightens_late": false,
        "flg_late": false,
        "flg_sudden": false,
        "flg_linked_to_next": true,
        "turn_sides": "left",
        "flg_turn_left": true,
        "flg_turn_right": false,
        "turn_severity_min": 3,
        "turn_severity_max": 3
      }
    },
    {
      "type": "Feature",
      "geometry": {
        "type": "Point",
        "coordinates": [
          1807.366,
          883.656
        ]
      },
      "properties": {
        "kind": "pacenote",
        "stage": "Peïra Cava - La Bollène-Vésubie",
        "reference_track": "col_de_turini",
        "note_index": 204,
        "distance_m": 13390.0,
        "distance_lookup_m": 13220.746,
        "link_to_next": false,
        "notes": [
          "Into",
          "Right2"
        ],
        "notes_text": "Into, Right2",
        "atoms": [
          {
            "kind": "connector",
            "source": "Into",
            "name": "into"
          },
          {
            "kind": "turn",
            "source": "Right2",
            "side": "right",
            "severity": 2
          }
        ],
        "flags": {
          "groups": {
            "keep": null,
            "cut": null,
            "opening": null,
            "go": null
          },
          "bools": {
            "caution": false,
            "brake": false,
            "finish": false,
            "narrows": false,
            "tightens": false,
            "tightens_late": false,
            "late": false,
            "sudden": false
          },
          "linked_to_next": false,
          "turn": {
            "sides": [
              "right"
            ],
            "severity_max": 2,
            "severity_min": 2
          }
        },
        "ref_segment_index": 1942,
        "ref_segment_t": 0.093735,
        "grp_keep": "",
        "grp_cut": "",
        "grp_opening": "",
        "grp_go": "",
        "flg_caution": false,
        "flg_brake": false,
        "flg_finish": false,
        "flg_narrows": false,
        "flg_tightens": false,
        "flg_tightens_late": false,
        "flg_late": false,
        "flg_sudden": false,
        "flg_linked_to_next": false,
        "turn_sides": "right",
        "flg_turn_left": false,
        "flg_turn_right": true,
        "turn_severity_min": 2,
        "turn_severity_max": 2
      }
    },
    {
      "type": "Feature",
      "geometry": {
        "type": "Point",
        "coordinates": [
          1752.536,
          874.915
        ]
      },
      "properties": {
        "kind": "pacenote",
        "stage": "Peïra Cava - La Bollène-Vésubie",
        "reference_track": "col_de_turini",
        "note_index": 205,
        "distance_m": 13446.0,
        "distance_lookup_m": 13276.746,
        "link_to_next": true,
        "notes": [
          "And",
          "Right3"
        ],
        "notes_text": "And, Right3",
        "atoms": [
          {
            "kind": "connector",
            "source": "And",
            "name": "and"
          },
          {
            "kind": "turn",
            "source": "Right3",
            "side": "right",
            "severity": 3
          }
        ],
        "flags": {
          "groups": {
            "keep": null,
            "cut": null,
            "opening": null,
            "go": null
          },
          "bools": {
            "caution": false,
            "brake": false,
            "finish": false,
            "narrows": false,
            "tightens": false,
            "tightens_late": false,
            "late": false,
            "sudden": false
          },
          "linked_to_next": true,
          "turn": {
            "sides": [
              "right"
            ],
            "severity_max": 3,
            "severity_min": 3
          }
        },
        "ref_segment_index": 1948,
        "ref_segment_t": 0.099765,
        "grp_keep": "",
        "grp_cut": "",
        "grp_opening": "",
        "grp_go": "",
        "flg_caution": false,
        "flg_brake": false,
        "flg_finish": false,
        "flg_narrows": false,
        "flg_tightens": false,
        "flg_tightens_late": false,
        "flg_late": false,
        "flg_sudden": false,
        "flg_linked_to_next": true,
        "turn_sides": "right",
        "flg_turn_left": false,
        "flg_turn_right": true,
        "turn_severity_min": 3,
        "turn_severity_max": 3
      }
    },
    {
      "type": "Feature",
      "geometry": {
        "type": "Point",
        "coordinates": [
          1711.381,
          863.358
        ]
      },
      "properties": {
        "kind": "pacenote",
        "stage": "Peïra Cava - La Bollène-Vésubie",
        "reference_track": "col_de_turini",
        "note_index": 206,
        "distance_m": 13489.0,
        "distance_lookup_m": 13319.746,
        "link_to_next": false,
        "notes": [
          "And",
          "Left4"
        ],
        "notes_text": "And, Left4",
        "atoms": [
          {
            "kind": "connector",
            "source": "And",
            "name": "and"
          },
          {
            "kind": "turn",
            "source": "Left4",
            "side": "left",
            "severity": 4
          }
        ],
        "flags": {
          "groups": {
            "keep": null,
            "cut": null,
            "opening": null,
            "go": null
          },
          "bools": {
            "caution": false,
            "brake": false,
            "finish": false,
            "narrows": false,
            "tightens": false,
            "tightens_late": false,
            "late": false,
            "sudden": false
          },
          "linked_to_next": false,
          "turn": {
            "sides": [
              "left"
            ],
            "severity_max": 4,
            "severity_min": 4
          }
        },
        "ref_segment_index": 1952,
        "ref_segment_t": 0.658734,
        "grp_keep": "",
        "grp_cut": "",
        "grp_opening": "",
        "grp_go": "",
        "flg_caution": false,
        "flg_brake": false,
        "flg_finish": false,
        "flg_narrows": false,
        "flg_tightens": false,
        "flg_tightens_late": false,
        "flg_late": false,
        "flg_sudden": false,
        "flg_linked_to_next": false,
        "turn_sides": "left",
        "flg_turn_left": true,
        "flg_turn_right": false,
        "turn_severity_min": 4,
        "turn_severity_max": 4
      }
    },
    {
      "type": "Feature",
      "geometry": {
        "type": "Point",
        "coordinates": [
          1681.352,
          838.342
        ]
      },
      "properties": {
        "kind": "pacenote",
        "stage": "Peïra Cava - La Bollène-Vésubie",
        "reference_track": "col_de_turini",
        "note_index": 207,
        "distance_m": 13529.0,
        "distance_lookup_m": 13359.746,
        "link_to_next": false,
        "notes": [
          "Into",
          "Left2",
          "Tightens"
        ],
        "notes_text": "Into, Left2, Tightens",
        "atoms": [
          {
            "kind": "connector",
            "source": "Into",
            "name": "into"
          },
          {
            "kind": "turn",
            "source": "Left2",
            "side": "left",
            "severity": 2
          },
          {
            "kind": "modifier",
            "source": "Tightens",
            "name": "tightens"
          }
        ],
        "flags": {
          "groups": {
            "keep": null,
            "cut": null,
            "opening": null,
            "go": null
          },
          "bools": {
            "caution": false,
            "brake": false,
            "finish": false,
            "narrows": false,
            "tightens": true,
            "tightens_late": false,
            "late": false,
            "sudden": false
          },
          "linked_to_next": false,
          "turn": {
            "sides": [
              "left"
            ],
            "severity_max": 2,
            "severity_min": 2
          }
        },
        "ref_segment_index": 1957,
        "ref_segment_t": 0.066049,
        "grp_keep": "",
        "grp_cut": "",
        "grp_opening": "",
        "grp_go": "",
        "flg_caution": false,
        "flg_brake": false,
        "flg_finish": false,
        "flg_narrows": false,
        "flg_tightens": true,
        "flg_tightens_late": false,
        "flg_late": false,
        "flg_sudden": false,
        "flg_linked_to_next": false,
        "turn_sides": "left",
        "flg_turn_left": true,
        "flg_turn_right": false,
        "turn_severity_min": 2,
        "turn_severity_max": 2
      }
    },
    {
      "type": "Feature",
      "geometry": {
        "type": "Point",
        "coordinates": [
          1621.258,
          796.488
        ]
      },
      "properties": {
        "kind": "pacenote",
        "stage": "Peïra Cava - La Bollène-Vésubie",
        "reference_track": "col_de_turini",
        "note_index": 208,
        "distance_m": 13603.0,
        "distance_lookup_m": 13433.746,
        "link_to_next": true,
        "notes": [
          "Left4",
          "Short"
        ],
        "notes_text": "Left4, Short",
        "atoms": [
          {
            "kind": "turn",
            "source": "Left4",
            "side": "left",
            "severity": 4
          },
          {
            "kind": "length",
            "source": "Short",
            "name": "short"
          }
        ],
        "flags": {
          "groups": {
            "keep": null,
            "cut": null,
            "opening": null,
            "go": null
          },
          "bools": {
            "caution": false,
            "brake": false,
            "finish": false,
            "narrows": false,
            "tightens": false,
            "tightens_late": false,
            "late": false,
            "sudden": false
          },
          "linked_to_next": true,
          "turn": {
            "sides": [
              "left"
            ],
            "severity_max": 4,
            "severity_min": 4
          }
        },
        "ref_segment_index": 1963,
        "ref_segment_t": 0.894406,
        "grp_keep": "",
        "grp_cut": "",
        "grp_opening": "",
        "grp_go": "",
        "flg_caution": false,
        "flg_brake": false,
        "flg_finish": false,
        "flg_narrows": false,
        "flg_tightens": false,
        "flg_tightens_late": false,
        "flg_late": false,
        "flg_sudden": false,
        "flg_linked_to_next": true,
        "turn_sides": "left",
        "flg_turn_left": true,
        "flg_turn_right": false,
        "turn_severity_min": 4,
        "turn_severity_max": 4
      }
    },
    {
      "type": "Feature",
      "geometry": {
        "type": "Point",
        "coordinates": [
          1598.794,
          786.13
        ]
      },
      "properties": {
        "kind": "pacenote",
        "stage": "Peïra Cava - La Bollène-Vésubie",
        "reference_track": "col_de_turini",
        "note_index": 209,
        "distance_m": 13628.0,
        "distance_lookup_m": 13458.746,
        "link_to_next": false,
        "notes": [
          "Dist40"
        ],
        "notes_text": "Dist40",
        "atoms": [
          {
            "kind": "distance",
            "source": "Dist40",
            "meters": 40
          }
        ],
        "flags": {
          "groups": {
            "keep": null,
            "cut": null,
            "opening": null,
            "go": null
          },
          "bools": {
            "caution": false,
            "brake": false,
            "finish": false,
            "narrows": false,
            "tightens": false,
            "tightens_late": false,
            "late": false,
            "sudden": false
          },
          "linked_to_next": false,
          "distance_calls_m": [
            40
          ]
        },
        "ref_segment_index": 1966,
        "ref_segment_t": 0.416978,
        "grp_keep": "",
        "grp_cut": "",
        "grp_opening": "",
        "grp_go": "",
        "flg_caution": false,
        "flg_brake": false,
        "flg_finish": false,
        "flg_narrows": false,
        "flg_tightens": false,
        "flg_tightens_late": false,
        "flg_late": false,
        "flg_sudden": false,
        "flg_linked_to_next": false,
        "turn_sides": "",
        "flg_turn_left": false,
        "flg_turn_right": false,
        "distance_calls_m": "40"
      }
    },
    {
      "type": "Feature",
      "geometry": {
        "type": "Point",
        "coordinates": [
          1574.607,
          757.343
        ]
      },
      "properties": {
        "kind": "pacenote",
        "stage": "Peïra Cava - La Bollène-Vésubie",
        "reference_track": "col_de_turini",
        "note_index": 210,
        "distance_m": 13669.0,
        "distance_lookup_m": 13499.746,
        "link_to_next": true,
        "notes": [
          "Caution",
          "Left3",
          "KeepIn"
        ],
        "notes_text": "Caution, Left3, KeepIn",
        "atoms": [
          {
            "kind": "hazard",
            "source": "Caution",
            "name": "caution"
          },
          {
            "kind": "turn",
            "source": "Left3",
            "side": "left",
            "severity": 3
          },
          {
            "kind": "modifier",
            "source": "KeepIn",
            "name": "keep_in"
          }
        ],
        "flags": {
          "groups": {
            "keep": "keep_in",
            "cut": null,
            "opening": null,
            "go": null
          },
          "bools": {
            "caution": true,
            "brake": false,
            "finish": false,
            "narrows": false,
            "tightens": false,
            "tightens_late": false,
            "late": false,
            "sudden": false
          },
          "linked_to_next": true,
          "turn": {
            "sides": [
              "left"
            ],
            "severity_max": 3,
            "severity_min": 3
          }
        },
        "ref_segment_index": 1973,
        "ref_segment_t": 0.818331,
        "grp_keep": "keep_in",
        "grp_cut": "",
        "grp_opening": "",
        "grp_go": "",
        "flg_caution": true,
        "flg_brake": false,
        "flg_finish": false,
        "flg_narrows": false,
        "flg_tightens": false,
        "flg_tightens_late": false,
        "flg_late": false,
        "flg_sudden": false,
        "flg_linked_to_next": true,
        "turn_sides": "left",
        "flg_turn_left": true,
        "flg_turn_right": false,
        "turn_severity_min": 3,
        "turn_severity_max": 3
      }
    },
    {
      "type": "Feature",
      "geometry": {
        "type": "Point",
        "coordinates": [
          1602.862,
          743.21
        ]
      },
      "properties": {
        "kind": "pacenote",
        "stage": "Peïra Cava - La Bollène-Vésubie",
        "reference_track": "col_de_turini",
        "note_index": 211,
        "distance_m": 13700.0,
        "distance_lookup_m": 13530.746,
        "link_to_next": false,
        "notes": [
          "And",
          "Right3"
        ],
        "notes_text": "And, Right3",
        "atoms": [
          {
            "kind": "connector",
            "source": "And",
            "name": "and"
          },
          {
            "kind": "turn",
            "source": "Right3",
            "side": "right",
            "severity": 3
          }
        ],
        "flags": {
          "groups": {
            "keep": null,
            "cut": null,
            "opening": null,
            "go": null
          },
          "bools": {
            "caution": false,
            "brake": false,
            "finish": false,
            "narrows": false,
            "tightens": false,
            "tightens_late": false,
            "late": false,
            "sudden": false
          },
          "linked_to_next": false,
          "turn": {
            "sides": [
              "right"
            ],
            "severity_max": 3,
            "severity_min": 3
          }
        },
        "ref_segment_index": 1980,
        "ref_segment_t": 0.153943,
        "grp_keep": "",
        "grp_cut": "",
        "grp_opening": "",
        "grp_go": "",
        "flg_caution": false,
        "flg_brake": false,
        "flg_finish": false,
        "flg_narrows": false,
        "flg_tightens": false,
        "flg_tightens_late": false,
        "flg_late": false,
        "flg_sudden": false,
        "flg_linked_to_next": false,
        "turn_sides": "right",
        "flg_turn_left": false,
        "flg_turn_right": true,
        "turn_severity_min": 3,
        "turn_severity_max": 3
      }
    },
    {
      "type": "Feature",
      "geometry": {
        "type": "Point",
        "coordinates": [
          1639.004,
          726.059
        ]
      },
      "properties": {
        "kind": "pacenote",
        "stage": "Peïra Cava - La Bollène-Vésubie",
        "reference_track": "col_de_turini",
        "note_index": 212,
        "distance_m": 13741.0,
        "distance_lookup_m": 13571.746,
        "link_to_next": false,
        "notes": [
          "Into",
          "Left2",
          "Tightens"
        ],
        "notes_text": "Into, Left2, Tightens",
        "atoms": [
          {
            "kind": "connector",
            "source": "Into",
            "name": "into"
          },
          {
            "kind": "turn",
            "source": "Left2",
            "side": "left",
            "severity": 2
          },
          {
            "kind": "modifier",
            "source": "Tightens",
            "name": "tightens"
          }
        ],
        "flags": {
          "groups": {
            "keep": null,
            "cut": null,
            "opening": null,
            "go": null
          },
          "bools": {
            "caution": false,
            "brake": false,
            "finish": false,
            "narrows": false,
            "tightens": true,
            "tightens_late": false,
            "late": false,
            "sudden": false
          },
          "linked_to_next": false,
          "turn": {
            "sides": [
              "left"
            ],
            "severity_max": 2,
            "severity_min": 2
          }
        },
        "ref_segment_index": 1985,
        "ref_segment_t": 0.883951,
        "grp_keep": "",
        "grp_cut": "",
        "grp_opening": "",
        "grp_go": "",
        "flg_caution": false,
        "flg_brake": false,
        "flg_finish": false,
        "flg_narrows": false,
        "flg_tightens": true,
        "flg_tightens_late": false,
        "flg_late": false,
        "flg_sudden": false,
        "flg_linked_to_next": false,
        "turn_sides": "left",
        "flg_turn_left": true,
        "flg_turn_right": false,
        "turn_severity_min": 2,
        "turn_severity_max": 2
      }
    },
    {
      "type": "Feature",
      "geometry": {
        "type": "Point",
        "coordinates": [
          1627.506,
          676.994
        ]
      },
      "properties": {
        "kind": "pacenote",
        "stage": "Peïra Cava - La Bollène-Vésubie",
        "reference_track": "col_de_turini",
        "note_index": 213,
        "distance_m": 13794.0,
        "distance_lookup_m": 13624.746,
        "link_to_next": false,
        "notes": [
          "And",
          "Right4"
        ],
        "notes_text": "And, Right4",
        "atoms": [
          {
            "kind": "connector",
            "source": "And",
            "name": "and"
          },
          {
            "kind": "turn",
            "source": "Right4",
            "side": "right",
            "severity": 4
          }
        ],
        "flags": {
          "groups": {
            "keep": null,
            "cut": null,
            "opening": null,
            "go": null
          },
          "bools": {
            "caution": false,
            "brake": false,
            "finish": false,
            "narrows": false,
            "tightens": false,
            "tightens_late": false,
            "late": false,
            "sudden": false
          },
          "linked_to_next": false,
          "turn": {
            "sides": [
              "right"
            ],
            "severity_max": 4,
            "severity_min": 4
          }
        },
        "ref_segment_index": 1995,
        "ref_segment_t": 0.72897,
        "grp_keep": "",
        "grp_cut": "",
        "grp_opening": "",
        "grp_go": "",
        "flg_caution": false,
        "flg_brake": false,
        "flg_finish": false,
        "flg_narrows": false,
        "flg_tightens": false,
        "flg_tightens_late": false,
        "flg_late": false,
        "flg_sudden": false,
        "flg_linked_to_next": false,
        "turn_sides": "right",
        "flg_turn_left": false,
        "flg_turn_right": true,
        "turn_severity_min": 4,
        "turn_severity_max": 4
      }
    },
    {
      "type": "Feature",
      "geometry": {
        "type": "Point",
        "coordinates": [
          1631.316,
          632.52
        ]
      },
      "properties": {
        "kind": "pacenote",
        "stage": "Peïra Cava - La Bollène-Vésubie",
        "reference_track": "col_de_turini",
        "note_index": 214,
        "distance_m": 13844.0,
        "distance_lookup_m": 13674.746,
        "link_to_next": true,
        "notes": [
          "And",
          "Left4",
          "DontCut"
        ],
        "notes_text": "And, Left4, DontCut",
        "atoms": [
          {
            "kind": "connector",
            "source": "And",
            "name": "and"
          },
          {
            "kind": "turn",
            "source": "Left4",
            "side": "left",
            "severity": 4
          },
          {
            "kind": "modifier",
            "source": "DontCut",
            "name": "dont_cut"
          }
        ],
        "flags": {
          "groups": {
            "keep": null,
            "cut": "dont_cut",
            "opening": null,
            "go": null
          },
          "bools": {
            "caution": false,
            "brake": false,
            "finish": false,
            "narrows": false,
            "tightens": false,
            "tightens_late": false,
            "late": false,
            "sudden": false
          },
          "linked_to_next": true,
          "turn": {
            "sides": [
              "left"
            ],
            "severity_max": 4,
            "severity_min": 4
          }
        },
        "ref_segment_index": 2004,
        "ref_segment_t": 0.097667,
        "grp_keep": "",
        "grp_cut": "dont_cut",
        "grp_opening": "",
        "grp_go": "",
        "flg_caution": false,
        "flg_brake": false,
        "flg_finish": false,
        "flg_narrows": false,
        "flg_tightens": false,
        "flg_tightens_late": false,
        "flg_late": false,
        "flg_sudden": false,
        "flg_linked_to_next": true,
        "turn_sides": "left",
        "flg_turn_left": true,
        "flg_turn_right": false,
        "turn_severity_min": 4,
        "turn_severity_max": 4
      }
    },
    {
      "type": "Feature",
      "geometry": {
        "type": "Point",
        "coordinates": [
          1673.09,
          600.146
        ]
      },
      "properties": {
        "kind": "pacenote",
        "stage": "Peïra Cava - La Bollène-Vésubie",
        "reference_track": "col_de_turini",
        "note_index": 215,
        "distance_m": 13897.0,
        "distance_lookup_m": 13727.746,
        "link_to_next": true,
        "notes": [
          "Into",
          "Right3"
        ],
        "notes_text": "Into, Right3",
        "atoms": [
          {
            "kind": "connector",
            "source": "Into",
            "name": "into"
          },
          {
            "kind": "turn",
            "source": "Right3",
            "side": "right",
            "severity": 3
          }
        ],
        "flags": {
          "groups": {
            "keep": null,
            "cut": null,
            "opening": null,
            "go": null
          },
          "bools": {
            "caution": false,
            "brake": false,
            "finish": false,
            "narrows": false,
            "tightens": false,
            "tightens_late": false,
            "late": false,
            "sudden": false
          },
          "linked_to_next": true,
          "turn": {
            "sides": [
              "right"
            ],
            "severity_max": 3,
            "severity_min": 3
          }
        },
        "ref_segment_index": 2010,
        "ref_segment_t": 0.792766,
        "grp_keep": "",
        "grp_cut": "",
        "grp_opening": "",
        "grp_go": "",
        "flg_caution": false,
        "flg_brake": false,
        "flg_finish": false,
        "flg_narrows": false,
        "flg_tightens": false,
        "flg_tightens_late": false,
        "flg_late": false,
        "flg_sudden": false,
        "flg_linked_to_next": true,
        "turn_sides": "right",
        "flg_turn_left": false,
        "flg_turn_right": true,
        "turn_severity_min": 3,
        "turn_severity_max": 3
      }
    },
    {
      "type": "Feature",
      "geometry": {
        "type": "Point",
        "coordinates": [
          1707.832,
          582.865
        ]
      },
      "properties": {
        "kind": "pacenote",
        "stage": "Peïra Cava - La Bollène-Vésubie",
        "reference_track": "col_de_turini",
        "note_index": 216,
        "distance_m": 13936.0,
        "distance_lookup_m": 13766.746,
        "link_to_next": false,
        "notes": [
          "Dist50"
        ],
        "notes_text": "Dist50",
        "atoms": [
          {
            "kind": "distance",
            "source": "Dist50",
            "meters": 50
          }
        ],
        "flags": {
          "groups": {
            "keep": null,
            "cut": null,
            "opening": null,
            "go": null
          },
          "bools": {
            "caution": false,
            "brake": false,
            "finish": false,
            "narrows": false,
            "tightens": false,
            "tightens_late": false,
            "late": false,
            "sudden": false
          },
          "linked_to_next": false,
          "distance_calls_m": [
            50
          ]
        },
        "ref_segment_index": 2015,
        "ref_segment_t": 0.17526,
        "grp_keep": "",
        "grp_cut": "",
        "grp_opening": "",
        "grp_go": "",
        "flg_caution": false,
        "flg_brake": false,
        "flg_finish": false,
        "flg_narrows": false,
        "flg_tightens": false,
        "flg_tightens_late": false,
        "flg_late": false,
        "flg_sudden": false,
        "flg_linked_to_next": false,
        "turn_sides": "",
        "flg_turn_left": false,
        "flg_turn_right": false,
        "distance_calls_m": "50"
      }
    },
    {
      "type": "Feature",
      "geometry": {
        "type": "Point",
        "coordinates": [
          1729.72,
          546.896
        ]
      },
      "properties": {
        "kind": "pacenote",
        "stage": "Peïra Cava - La Bollène-Vésubie",
        "reference_track": "col_de_turini",
        "note_index": 217,
        "distance_m": 13985.0,
        "distance_lookup_m": 13815.746,
        "link_to_next": false,
        "notes": [
          "Right2"
        ],
        "notes_text": "Right2",
        "atoms": [
          {
            "kind": "turn",
            "source": "Right2",
            "side": "right",
            "severity": 2
          }
        ],
        "flags": {
          "groups": {
            "keep": null,
            "cut": null,
            "opening": null,
            "go": null
          },
          "bools": {
            "caution": false,
            "brake": false,
            "finish": false,
            "narrows": false,
            "tightens": false,
            "tightens_late": false,
            "late": false,
            "sudden": false
          },
          "linked_to_next": false,
          "turn": {
            "sides": [
              "right"
            ],
            "severity_max": 2,
            "severity_min": 2
          }
        },
        "ref_segment_index": 2023,
        "ref_segment_t": 0.588372,
        "grp_keep": "",
        "grp_cut": "",
        "grp_opening": "",
        "grp_go": "",
        "flg_caution": false,
        "flg_brake": false,
        "flg_finish": false,
        "flg_narrows": false,
        "flg_tightens": false,
        "flg_tightens_late": false,
        "flg_late": false,
        "flg_sudden": false,
        "flg_linked_to_next": false,
        "turn_sides": "right",
        "flg_turn_left": false,
        "flg_turn_right": true,
        "turn_severity_min": 2,
        "turn_severity_max": 2
      }
    },
    {
      "type": "Feature",
      "geometry": {
        "type": "Point",
        "coordinates": [
          1728.738,
          506.758
        ]
      },
      "properties": {
        "kind": "pacenote",
        "stage": "Peïra Cava - La Bollène-Vésubie",
        "reference_track": "col_de_turini",
        "note_index": 218,
        "distance_m": 14028.0,
        "distance_lookup_m": 13858.746,
        "link_to_next": false,
        "notes": [
          "And",
          "Left2",
          "Opens"
        ],
        "notes_text": "And, Left2, Opens",
        "atoms": [
          {
            "kind": "connector",
            "source": "And",
            "name": "and"
          },
          {
            "kind": "turn",
            "source": "Left2",
            "side": "left",
            "severity": 2
          },
          {
            "kind": "opening",
            "source": "Opens",
            "name": "opens"
          }
        ],
        "flags": {
          "groups": {
            "keep": null,
            "cut": null,
            "opening": "opens",
            "go": null
          },
          "bools": {
            "caution": false,
            "brake": false,
            "finish": false,
            "narrows": false,
            "tightens": false,
            "tightens_late": false,
            "late": false,
            "sudden": false
          },
          "linked_to_next": false,
          "turn": {
            "sides": [
              "left"
            ],
            "severity_max": 2,
            "severity_min": 2
          }
        },
        "ref_segment_index": 2031,
        "ref_segment_t": 0.53353,
        "grp_keep": "",
        "grp_cut": "",
        "grp_opening": "opens",
        "grp_go": "",
        "flg_caution": false,
        "flg_brake": false,
        "flg_finish": false,
        "flg_narrows": false,
        "flg_tightens": false,
        "flg_tightens_late": false,
        "flg_late": false,
        "flg_sudden": false,
        "flg_linked_to_next": false,
        "turn_sides": "left",
        "flg_turn_left": true,
        "flg_turn_right": false,
        "turn_severity_min": 2,
        "turn_severity_max": 2
      }
    },
    {
      "type": "Feature",
      "geometry": {
        "type": "Point",
        "coordinates": [
          1653.43,
          482.861
        ]
      },
      "properties": {
        "kind": "pacenote",
        "stage": "Peïra Cava - La Bollène-Vésubie",
        "reference_track": "col_de_turini",
        "note_index": 219,
        "distance_m": 14123.0,
        "distance_lookup_m": 13953.746,
        "link_to_next": false,
        "notes": [
          "Brake",
          "Into",
          "LeftHP"
        ],
        "notes_text": "Brake, Into, LeftHP",
        "atoms": [
          {
            "kind": "hazard",
            "source": "Brake",
            "name": "brake"
          },
          {
            "kind": "connector",
            "source": "Into",
            "name": "into"
          },
          {
            "kind": "turn",
            "source": "LeftHP",
            "side": "left",
            "style": "hp"
          }
        ],
        "flags": {
          "groups": {
            "keep": null,
            "cut": null,
            "opening": null,
            "go": null
          },
          "bools": {
            "caution": false,
            "brake": true,
            "finish": false,
            "narrows": false,
            "tightens": false,
            "tightens_late": false,
            "late": false,
            "sudden": false
          },
          "linked_to_next": false,
          "turn": {
            "sides": [
              "left"
            ]
          }
        },
        "ref_segment_index": 2045,
        "ref_segment_t": 0.799486,
        "grp_keep": "",
        "grp_cut": "",
        "grp_opening": "",
        "grp_go": "",
        "flg_caution": false,
        "flg_brake": true,
        "flg_finish": false,
        "flg_narrows": false,
        "flg_tightens": false,
        "flg_tightens_late": false,
        "flg_late": false,
        "flg_sudden": false,
        "flg_linked_to_next": false,
        "turn_sides": "left",
        "flg_turn_left": true,
        "flg_turn_right": false
      }
    },
    {
      "type": "Feature",
      "geometry": {
        "type": "Point",
        "coordinates": [
          1605.369,
          470.496
        ]
      },
      "properties": {
        "kind": "pacenote",
        "stage": "Peïra Cava - La Bollène-Vésubie",
        "reference_track": "col_de_turini",
        "note_index": 220,
        "distance_m": 14174.0,
        "distance_lookup_m": 14004.746,
        "link_to_next": false,
        "notes": [
          "Pause0.5s",
          "Right3",
          "Long",
          "TightensLate"
        ],
        "notes_text": "Pause0.5s, Right3, Long, TightensLate",
        "atoms": [
          {
            "kind": "pause",
            "source": "Pause0.5s",
            "seconds": 0.5,
            "reset": false
          },
          {
            "kind": "turn",
            "source": "Right3",
            "side": "right",
            "severity": 3
          },
          {
            "kind": "length",
            "source": "Long",
            "name": "long"
          },
          {
            "kind": "modifier",
            "source": "TightensLate",
            "name": "tightens_late"
          }
        ],
        "flags": {
          "groups": {
            "keep": null,
            "cut": null,
            "opening": null,
            "go": null
          },
          "bools": {
            "caution": false,
            "brake": false,
            "finish": false,
            "narrows": false,
            "tightens": false,
            "tightens_late": true,
            "late": false,
            "sudden": false
          },
          "linked_to_next": false,
          "turn": {
            "sides": [
              "right"
            ],
            "severity_max": 3,
            "severity_min": 3
          },
          "pause_seconds": [
            0.5
          ]
        },
        "ref_segment_index": 2051,
        "ref_segment_t": 0.328314,
        "grp_keep": "",
        "grp_cut": "",
        "grp_opening": "",
        "grp_go": "",
        "flg_caution": false,
        "flg_brake": false,
        "flg_finish": false,
        "flg_narrows": false,
        "flg_tightens": false,
        "flg_tightens_late": true,
        "flg_late": false,
        "flg_sudden": false,
        "flg_linked_to_next": false,
        "turn_sides": "right",
        "flg_turn_left": false,
        "flg_turn_right": true,
        "turn_severity_min": 3,
        "turn_severity_max": 3,
        "pause_seconds": "0.5"
      }
    },
    {
      "type": "Feature",
      "geometry": {
        "type": "Point",
        "coordinates": [
          1526.493,
          458.611
        ]
      },
      "properties": {
        "kind": "pacenote",
        "stage": "Peïra Cava - La Bollène-Vésubie",
        "reference_track": "col_de_turini",
        "note_index": 221,
        "distance_m": 14263.0,
        "distance_lookup_m": 14093.746,
        "link_to_next": false,
        "notes": [
          "Into",
          "Left2"
        ],
        "notes_text": "Into, Left2",
        "atoms": [
          {
            "kind": "connector",
            "source": "Into",
            "name": "into"
          },
          {
            "kind": "turn",
            "source": "Left2",
            "side": "left",
            "severity": 2
          }
        ],
        "flags": {
          "groups": {
            "keep": null,
            "cut": null,
            "opening": null,
            "go": null
          },
          "bools": {
            "caution": false,
            "brake": false,
            "finish": false,
            "narrows": false,
            "tightens": false,
            "tightens_late": false,
            "late": false,
            "sudden": false
          },
          "linked_to_next": false,
          "turn": {
            "sides": [
              "left"
            ],
            "severity_max": 2,
            "severity_min": 2
          }
        },
        "ref_segment_index": 2061,
        "ref_segment_t": 0.603243,
        "grp_keep": "",
        "grp_cut": "",
        "grp_opening": "",
        "grp_go": "",
        "flg_caution": false,
        "flg_brake": false,
        "flg_finish": false,
        "flg_narrows": false,
        "flg_tightens": false,
        "flg_tightens_late": false,
        "flg_late": false,
        "flg_sudden": false,
        "flg_linked_to_next": false,
        "turn_sides": "left",
        "flg_turn_left": true,
        "flg_turn_right": false,
        "turn_severity_min": 2,
        "turn_severity_max": 2
      }
    },
    {
      "type": "Feature",
      "geometry": {
        "type": "Point",
        "coordinates": [
          1469.615,
          483.116
        ]
      },
      "properties": {
        "kind": "pacenote",
        "stage": "Peïra Cava - La Bollène-Vésubie",
        "reference_track": "col_de_turini",
        "note_index": 222,
        "distance_m": 14328.0,
        "distance_lookup_m": 14158.746,
        "link_to_next": false,
        "notes": [
          "Into",
          "RightHP"
        ],
        "notes_text": "Into, RightHP",
        "atoms": [
          {
            "kind": "connector",
            "source": "Into",
            "name": "into"
          },
          {
            "kind": "turn",
            "source": "RightHP",
            "side": "right",
            "style": "hp"
          }
        ],
        "flags": {
          "groups": {
            "keep": null,
            "cut": null,
            "opening": null,
            "go": null
          },
          "bools": {
            "caution": false,
            "brake": false,
            "finish": false,
            "narrows": false,
            "tightens": false,
            "tightens_late": false,
            "late": false,
            "sudden": false
          },
          "linked_to_next": false,
          "turn": {
            "sides": [
              "right"
            ]
          }
        },
        "ref_segment_index": 2070,
        "ref_segment_t": 0.266758,
        "grp_keep": "",
        "grp_cut": "",
        "grp_opening": "",
        "grp_go": "",
        "flg_caution": false,
        "flg_brake": false,
        "flg_finish": false,
        "flg_narrows": false,
        "flg_tightens": false,
        "flg_tightens_late": false,
        "flg_late": false,
        "flg_sudden": false,
        "flg_linked_to_next": false,
        "turn_sides": "right",
        "flg_turn_left": false,
        "flg_turn_right": true
      }
    },
    {
      "type": "Feature",
      "geometry": {
        "type": "Point",
        "coordinates": [
          1411.688,
          433.123
        ]
      },
      "properties": {
        "kind": "pacenote",
        "stage": "Peïra Cava - La Bollène-Vésubie",
        "reference_track": "col_de_turini",
        "note_index": 223,
        "distance_m": 14410.0,
        "distance_lookup_m": 14240.746,
        "link_to_next": false,
        "notes": [
          "Right2",
          "Opens"
        ],
        "notes_text": "Right2, Opens",
        "atoms": [
          {
            "kind": "turn",
            "source": "Right2",
            "side": "right",
            "severity": 2
          },
          {
            "kind": "opening",
            "source": "Opens",
            "name": "opens"
          }
        ],
        "flags": {
          "groups": {
            "keep": null,
            "cut": null,
            "opening": "opens",
            "go": null
          },
          "bools": {
            "caution": false,
            "brake": false,
            "finish": false,
            "narrows": false,
            "tightens": false,
            "tightens_late": false,
            "late": false,
            "sudden": false
          },
          "linked_to_next": false,
          "turn": {
            "sides": [
              "right"
            ],
            "severity_max": 2,
            "severity_min": 2
          }
        },
        "ref_segment_index": 2081,
        "ref_segment_t": 0.522283,
        "grp_keep": "",
        "grp_cut": "",
        "grp_opening": "opens",
        "grp_go": "",
        "flg_caution": false,
        "flg_brake": false,
        "flg_finish": false,
        "flg_narrows": false,
        "flg_tightens": false,
        "flg_tightens_late": false,
        "flg_late": false,
        "flg_sudden": false,
        "flg_linked_to_next": false,
        "turn_sides": "right",
        "flg_turn_left": false,
        "flg_turn_right": true,
        "turn_severity_min": 2,
        "turn_severity_max": 2
      }
    },
    {
      "type": "Feature",
      "geometry": {
        "type": "Point",
        "coordinates": [
          1369.66,
          424.741
        ]
      },
      "properties": {
        "kind": "pacenote",
        "stage": "Peïra Cava - La Bollène-Vésubie",
        "reference_track": "col_de_turini",
        "note_index": 224,
        "distance_m": 14456.0,
        "distance_lookup_m": 14286.746,
        "link_to_next": true,
        "notes": [
          "And",
          "Left2"
        ],
        "notes_text": "And, Left2",
        "atoms": [
          {
            "kind": "connector",
            "source": "And",
            "name": "and"
          },
          {
            "kind": "turn",
            "source": "Left2",
            "side": "left",
            "severity": 2
          }
        ],
        "flags": {
          "groups": {
            "keep": null,
            "cut": null,
            "opening": null,
            "go": null
          },
          "bools": {
            "caution": false,
            "brake": false,
            "finish": false,
            "narrows": false,
            "tightens": false,
            "tightens_late": false,
            "late": false,
            "sudden": false
          },
          "linked_to_next": true,
          "turn": {
            "sides": [
              "left"
            ],
            "severity_max": 2,
            "severity_min": 2
          }
        },
        "ref_segment_index": 2086,
        "ref_segment_t": 0.915374,
        "grp_keep": "",
        "grp_cut": "",
        "grp_opening": "",
        "grp_go": "",
        "flg_caution": false,
        "flg_brake": false,
        "flg_finish": false,
        "flg_narrows": false,
        "flg_tightens": false,
        "flg_tightens_late": false,
        "flg_late": false,
        "flg_sudden": false,
        "flg_linked_to_next": true,
        "turn_sides": "left",
        "flg_turn_left": true,
        "flg_turn_right": false,
        "turn_severity_min": 2,
        "turn_severity_max": 2
      }
    },
    {
      "type": "Feature",
      "geometry": {
        "type": "Point",
        "coordinates": [
          1322.25,
          377.24
        ]
      },
      "properties": {
        "kind": "pacenote",
        "stage": "Peïra Cava - La Bollène-Vésubie",
        "reference_track": "col_de_turini",
        "note_index": 225,
        "distance_m": 14528.0,
        "distance_lookup_m": 14358.746,
        "link_to_next": false,
        "notes": [
          "Into",
          "Right2",
          "Tightens"
        ],
        "notes_text": "Into, Right2, Tightens",
        "atoms": [
          {
            "kind": "connector",
            "source": "Into",
            "name": "into"
          },
          {
            "kind": "turn",
            "source": "Right2",
            "side": "right",
            "severity": 2
          },
          {
            "kind": "modifier",
            "source": "Tightens",
            "name": "tightens"
          }
        ],
        "flags": {
          "groups": {
            "keep": null,
            "cut": null,
            "opening": null,
            "go": null
          },
          "bools": {
            "caution": false,
            "brake": false,
            "finish": false,
            "narrows": false,
            "tightens": true,
            "tightens_late": false,
            "late": false,
            "sudden": false
          },
          "linked_to_next": false,
          "turn": {
            "sides": [
              "right"
            ],
            "severity_max": 2,
            "severity_min": 2
          }
        },
        "ref_segment_index": 2097,
        "ref_segment_t": 0.028889,
        "grp_keep": "",
        "grp_cut": "",
        "grp_opening": "",
        "grp_go": "",
        "flg_caution": false,
        "flg_brake": false,
        "flg_finish": false,
        "flg_narrows": false,
        "flg_tightens": true,
        "flg_tightens_late": false,
        "flg_late": false,
        "flg_sudden": false,
        "flg_linked_to_next": false,
        "turn_sides": "right",
        "flg_turn_left": false,
        "flg_turn_right": true,
        "turn_severity_min": 2,
        "turn_severity_max": 2
      }
    },
    {
      "type": "Feature",
      "geometry": {
        "type": "Point",
        "coordinates": [
          1271.462,
          337.338
        ]
      },
      "properties": {
        "kind": "pacenote",
        "stage": "Peïra Cava - La Bollène-Vésubie",
        "reference_track": "col_de_turini",
        "note_index": 226,
        "distance_m": 14593.0,
        "distance_lookup_m": 14423.746,
        "link_to_next": false,
        "notes": [
          "And",
          "Left3"
        ],
        "notes_text": "And, Left3",
        "atoms": [
          {
            "kind": "connector",
            "source": "And",
            "name": "and"
          },
          {
            "kind": "turn",
            "source": "Left3",
            "side": "left",
            "severity": 3
          }
        ],
        "flags": {
          "groups": {
            "keep": null,
            "cut": null,
            "opening": null,
            "go": null
          },
          "bools": {
            "caution": false,
            "brake": false,
            "finish": false,
            "narrows": false,
            "tightens": false,
            "tightens_late": false,
            "late": false,
            "sudden": false
          },
          "linked_to_next": false,
          "turn": {
            "sides": [
              "left"
            ],
            "severity_max": 3,
            "severity_min": 3
          }
        },
        "ref_segment_index": 2105,
        "ref_segment_t": 0.674828,
        "grp_keep": "",
        "grp_cut": "",
        "grp_opening": "",
        "grp_go": "",
        "flg_caution": false,
        "flg_brake": false,
        "flg_finish": false,
        "flg_narrows": false,
        "flg_tightens": false,
        "flg_tightens_late": false,
        "flg_late": false,
        "flg_sudden": false,
        "flg_linked_to_next": false,
        "turn_sides": "left",
        "flg_turn_left": true,
        "flg_turn_right": false,
        "turn_severity_min": 3,
        "turn_severity_max": 3
      }
    },
    {
      "type": "Feature",
      "geometry": {
        "type": "Point",
        "coordinates": [
          1313.607,
          292.747
        ]
      },
      "properties": {
        "kind": "pacenote",
        "stage": "Peïra Cava - La Bollène-Vésubie",
        "reference_track": "col_de_turini",
        "note_index": 227,
        "distance_m": 14665.0,
        "distance_lookup_m": 14495.746,
        "link_to_next": true,
        "notes": [
          "Caution",
          "Right3",
          "Brake"
        ],
        "notes_text": "Caution, Right3, Brake",
        "atoms": [
          {
            "kind": "hazard",
            "source": "Caution",
            "name": "caution"
          },
          {
            "kind": "turn",
            "source": "Right3",
            "side": "right",
            "severity": 3
          },
          {
            "kind": "hazard",
            "source": "Brake",
            "name": "brake"
          }
        ],
        "flags": {
          "groups": {
            "keep": null,
            "cut": null,
            "opening": null,
            "go": null
          },
          "bools": {
            "caution": true,
            "brake": true,
            "finish": false,
            "narrows": false,
            "tightens": false,
            "tightens_late": false,
            "late": false,
            "sudden": false
          },
          "linked_to_next": true,
          "turn": {
            "sides": [
              "right"
            ],
            "severity_max": 3,
            "severity_min": 3
          }
        },
        "ref_segment_index": 2118,
        "ref_segment_t": 0.956259,
        "grp_keep": "",
        "grp_cut": "",
        "grp_opening": "",
        "grp_go": "",
        "flg_caution": true,
        "flg_brake": true,
        "flg_finish": false,
        "flg_narrows": false,
        "flg_tightens": false,
        "flg_tightens_late": false,
        "flg_late": false,
        "flg_sudden": false,
        "flg_linked_to_next": true,
        "turn_sides": "right",
        "flg_turn_left": false,
        "flg_turn_right": true,
        "turn_severity_min": 3,
        "turn_severity_max": 3
      }
    },
    {
      "type": "Feature",
      "geometry": {
        "type": "Point",
        "coordinates": [
          1343.229,
          259.945
        ]
      },
      "properties": {
        "kind": "pacenote",
        "stage": "Peïra Cava - La Bollène-Vésubie",
        "reference_track": "col_de_turini",
        "note_index": 228,
        "distance_m": 14713.0,
        "distance_lookup_m": 14543.746,
        "link_to_next": false,
        "notes": [
          "Into",
          "LeftHP"
        ],
        "notes_text": "Into, LeftHP",
        "atoms": [
          {
            "kind": "connector",
            "source": "Into",
            "name": "into"
          },
          {
            "kind": "turn",
            "source": "LeftHP",
            "side": "left",
            "style": "hp"
          }
        ],
        "flags": {
          "groups": {
            "keep": null,
            "cut": null,
            "opening": null,
            "go": null
          },
          "bools": {
            "caution": false,
            "brake": false,
            "finish": false,
            "narrows": false,
            "tightens": false,
            "tightens_late": false,
            "late": false,
            "sudden": false
          },
          "linked_to_next": false,
          "turn": {
            "sides": [
              "left"
            ]
          }
        },
        "ref_segment_index": 2124,
        "ref_segment_t": 0.972846,
        "grp_keep": "",
        "grp_cut": "",
        "grp_opening": "",
        "grp_go": "",
        "flg_caution": false,
        "flg_brake": false,
        "flg_finish": false,
        "flg_narrows": false,
        "flg_tightens": false,
        "flg_tightens_late": false,
        "flg_late": false,
        "flg_sudden": false,
        "flg_linked_to_next": false,
        "turn_sides": "left",
        "flg_turn_left": true,
        "flg_turn_right": false
      }
    },
    {
      "type": "Feature",
      "geometry": {
        "type": "Point",
        "coordinates": [
          1352.632,
          204.941
        ]
      },
      "properties": {
        "kind": "pacenote",
        "stage": "Peïra Cava - La Bollène-Vésubie",
        "reference_track": "col_de_turini",
        "note_index": 229,
        "distance_m": 14769.0,
        "distance_lookup_m": 14599.746,
        "link_to_next": false,
        "notes": [
          "Left4"
        ],
        "notes_text": "Left4",
        "atoms": [
          {
            "kind": "turn",
            "source": "Left4",
            "side": "left",
            "severity": 4
          }
        ],
        "flags": {
          "groups": {
            "keep": null,
            "cut": null,
            "opening": null,
            "go": null
          },
          "bools": {
            "caution": false,
            "brake": false,
            "finish": false,
            "narrows": false,
            "tightens": false,
            "tightens_late": false,
            "late": false,
            "sudden": false
          },
          "linked_to_next": false,
          "turn": {
            "sides": [
              "left"
            ],
            "severity_max": 4,
            "severity_min": 4
          }
        },
        "ref_segment_index": 2132,
        "ref_segment_t": 0.369625,
        "grp_keep": "",
        "grp_cut": "",
        "grp_opening": "",
        "grp_go": "",
        "flg_caution": false,
        "flg_brake": false,
        "flg_finish": false,
        "flg_narrows": false,
        "flg_tightens": false,
        "flg_tightens_late": false,
        "flg_late": false,
        "flg_sudden": false,
        "flg_linked_to_next": false,
        "turn_sides": "left",
        "flg_turn_left": true,
        "flg_turn_right": false,
        "turn_severity_min": 4,
        "turn_severity_max": 4
      }
    },
    {
      "type": "Feature",
      "geometry": {
        "type": "Point",
        "coordinates": [
          1402.981,
          199.86
        ]
      },
      "properties": {
        "kind": "pacenote",
        "stage": "Peïra Cava - La Bollène-Vésubie",
        "reference_track": "col_de_turini",
        "note_index": 230,
        "distance_m": 14831.0,
        "distance_lookup_m": 14661.746,
        "link_to_next": false,
        "notes": [
          "Right3"
        ],
        "notes_text": "Right3",
        "atoms": [
          {
            "kind": "turn",
            "source": "Right3",
            "side": "right",
            "severity": 3
          }
        ],
        "flags": {
          "groups": {
            "keep": null,
            "cut": null,
            "opening": null,
            "go": null
          },
          "bools": {
            "caution": false,
            "brake": false,
            "finish": false,
            "narrows": false,
            "tightens": false,
            "tightens_late": false,
            "late": false,
            "sudden": false
          },
          "linked_to_next": false,
          "turn": {
            "sides": [
              "right"
            ],
            "severity_max": 3,
            "severity_min": 3
          }
        },
        "ref_segment_index": 2142,
        "ref_segment_t": 0.207855,
        "grp_keep": "",
        "grp_cut": "",
        "grp_opening": "",
        "grp_go": "",
        "flg_caution": false,
        "flg_brake": false,
        "flg_finish": false,
        "flg_narrows": false,
        "flg_tightens": false,
        "flg_tightens_late": false,
        "flg_late": false,
        "flg_sudden": false,
        "flg_linked_to_next": false,
        "turn_sides": "right",
        "flg_turn_left": false,
        "flg_turn_right": true,
        "turn_severity_min": 3,
        "turn_severity_max": 3
      }
    },
    {
      "type": "Feature",
      "geometry": {
        "type": "Point",
        "coordinates": [
          1439.367,
          241.559
        ]
      },
      "properties": {
        "kind": "pacenote",
        "stage": "Peïra Cava - La Bollène-Vésubie",
        "reference_track": "col_de_turini",
        "note_index": 231,
        "distance_m": 14887.0,
        "distance_lookup_m": 14717.746,
        "link_to_next": false,
        "notes": [
          "Into",
          "Left2"
        ],
        "notes_text": "Into, Left2",
        "atoms": [
          {
            "kind": "connector",
            "source": "Into",
            "name": "into"
          },
          {
            "kind": "turn",
            "source": "Left2",
            "side": "left",
            "severity": 2
          }
        ],
        "flags": {
          "groups": {
            "keep": null,
            "cut": null,
            "opening": null,
            "go": null
          },
          "bools": {
            "caution": false,
            "brake": false,
            "finish": false,
            "narrows": false,
            "tightens": false,
            "tightens_late": false,
            "late": false,
            "sudden": false
          },
          "linked_to_next": false,
          "turn": {
            "sides": [
              "left"
            ],
            "severity_max": 2,
            "severity_min": 2
          }
        },
        "ref_segment_index": 2148,
        "ref_segment_t": 0.751704,
        "grp_keep": "",
        "grp_cut": "",
        "grp_opening": "",
        "grp_go": "",
        "flg_caution": false,
        "flg_brake": false,
        "flg_finish": false,
        "flg_narrows": false,
        "flg_tightens": false,
        "flg_tightens_late": false,
        "flg_late": false,
        "flg_sudden": false,
        "flg_linked_to_next": false,
        "turn_sides": "left",
        "flg_turn_left": true,
        "flg_turn_right": false,
        "turn_severity_min": 2,
        "turn_severity_max": 2
      }
    },
    {
      "type": "Feature",
      "geometry": {
        "type": "Point",
        "coordinates": [
          1488.226,
          242.773
        ]
      },
      "properties": {
        "kind": "pacenote",
        "stage": "Peïra Cava - La Bollène-Vésubie",
        "reference_track": "col_de_turini",
        "note_index": 232,
        "distance_m": 14948.0,
        "distance_lookup_m": 14778.746,
        "link_to_next": false,
        "notes": [
          "And",
          "Right2",
          "Long"
        ],
        "notes_text": "And, Right2, Long",
        "atoms": [
          {
            "kind": "connector",
            "source": "And",
            "name": "and"
          },
          {
            "kind": "turn",
            "source": "Right2",
            "side": "right",
            "severity": 2
          },
          {
            "kind": "length",
            "source": "Long",
            "name": "long"
          }
        ],
        "flags": {
          "groups": {
            "keep": null,
            "cut": null,
            "opening": null,
            "go": null
          },
          "bools": {
            "caution": false,
            "brake": false,
            "finish": false,
            "narrows": false,
            "tightens": false,
            "tightens_late": false,
            "late": false,
            "sudden": false
          },
          "linked_to_next": false,
          "turn": {
            "sides": [
              "right"
            ],
            "severity_max": 2,
            "severity_min": 2
          }
        },
        "ref_segment_index": 2159,
        "ref_segment_t": 0.460952,
        "grp_keep": "",
        "grp_cut": "",
        "grp_opening": "",
        "grp_go": "",
        "flg_caution": false,
        "flg_brake": false,
        "flg_finish": false,
        "flg_narrows": false,
        "flg_tightens": false,
        "flg_tightens_late": false,
        "flg_late": false,
        "flg_sudden": false,
        "flg_linked_to_next": false,
        "turn_sides": "right",
        "flg_turn_left": false,
        "flg_turn_right": true,
        "turn_severity_min": 2,
        "turn_severity_max": 2
      }
    },
    {
      "type": "Feature",
      "geometry": {
        "type": "Point",
        "coordinates": [
          1538.255,
          191.001
        ]
      },
      "properties": {
        "kind": "pacenote",
        "stage": "Peïra Cava - La Bollène-Vésubie",
        "reference_track": "col_de_turini",
        "note_index": 233,
        "distance_m": 15025.0,
        "distance_lookup_m": 14855.746,
        "link_to_next": false,
        "notes": [
          "And",
          "Left3"
        ],
        "notes_text": "And, Left3",
        "atoms": [
          {
            "kind": "connector",
            "source": "And",
            "name": "and"
          },
          {
            "kind": "turn",
            "source": "Left3",
            "side": "left",
            "severity": 3
          }
        ],
        "flags": {
          "groups": {
            "keep": null,
            "cut": null,
            "opening": null,
            "go": null
          },
          "bools": {
            "caution": false,
            "brake": false,
            "finish": false,
            "narrows": false,
            "tightens": false,
            "tightens_late": false,
            "late": false,
            "sudden": false
          },
          "linked_to_next": false,
          "turn": {
            "sides": [
              "left"
            ],
            "severity_max": 3,
            "severity_min": 3
          }
        },
        "ref_segment_index": 2169,
        "ref_segment_t": 0.979182,
        "grp_keep": "",
        "grp_cut": "",
        "grp_opening": "",
        "grp_go": "",
        "flg_caution": false,
        "flg_brake": false,
        "flg_finish": false,
        "flg_narrows": false,
        "flg_tightens": false,
        "flg_tightens_late": false,
        "flg_late": false,
        "flg_sudden": false,
        "flg_linked_to_next": false,
        "turn_sides": "left",
        "flg_turn_left": true,
        "flg_turn_right": false,
        "turn_severity_min": 3,
        "turn_severity_max": 3
      }
    },
    {
      "type": "Feature",
      "geometry": {
        "type": "Point",
        "coordinates": [
          1566.014,
          149.663
        ]
      },
      "properties": {
        "kind": "pacenote",
        "stage": "Peïra Cava - La Bollène-Vésubie",
        "reference_track": "col_de_turini",
        "note_index": 234,
        "distance_m": 15076.0,
        "distance_lookup_m": 14906.746,
        "link_to_next": false,
        "notes": [
          "Brake",
          "Into",
          "RightHP"
        ],
        "notes_text": "Brake, Into, RightHP",
        "atoms": [
          {
            "kind": "hazard",
            "source": "Brake",
            "name": "brake"
          },
          {
            "kind": "connector",
            "source": "Into",
            "name": "into"
          },
          {
            "kind": "turn",
            "source": "RightHP",
            "side": "right",
            "style": "hp"
          }
        ],
        "flags": {
          "groups": {
            "keep": null,
            "cut": null,
            "opening": null,
            "go": null
          },
          "bools": {
            "caution": false,
            "brake": true,
            "finish": false,
            "narrows": false,
            "tightens": false,
            "tightens_late": false,
            "late": false,
            "sudden": false
          },
          "linked_to_next": false,
          "turn": {
            "sides": [
              "right"
            ]
          }
        },
        "ref_segment_index": 2176,
        "ref_segment_t": 0.549169,
        "grp_keep": "",
        "grp_cut": "",
        "grp_opening": "",
        "grp_go": "",
        "flg_caution": false,
        "flg_brake": true,
        "flg_finish": false,
        "flg_narrows": false,
        "flg_tightens": false,
        "flg_tightens_late": false,
        "flg_late": false,
        "flg_sudden": false,
        "flg_linked_to_next": false,
        "turn_sides": "right",
        "flg_turn_left": false,
        "flg_turn_right": true
      }
    },
    {
      "type": "Feature",
      "geometry": {
        "type": "Point",
        "coordinates": [
          1578.568,
          86.706
        ]
      },
      "properties": {
        "kind": "pacenote",
        "stage": "Peïra Cava - La Bollène-Vésubie",
        "reference_track": "col_de_turini",
        "note_index": 235,
        "distance_m": 15144.0,
        "distance_lookup_m": 14974.746,
        "link_to_next": true,
        "notes": [
          "Pause0.5s",
          "Right3"
        ],
        "notes_text": "Pause0.5s, Right3",
        "atoms": [
          {
            "kind": "pause",
            "source": "Pause0.5s",
            "seconds": 0.5,
            "reset": false
          },
          {
            "kind": "turn",
            "source": "Right3",
            "side": "right",
            "severity": 3
          }
        ],
        "flags": {
          "groups": {
            "keep": null,
            "cut": null,
            "opening": null,
            "go": null
          },
          "bools": {
            "caution": false,
            "brake": false,
            "finish": false,
            "narrows": false,
            "tightens": false,
            "tightens_late": false,
            "late": false,
            "sudden": false
          },
          "linked_to_next": true,
          "turn": {
            "sides": [
              "right"
            ],
            "severity_max": 3,
            "severity_min": 3
          },
          "pause_seconds": [
            0.5
          ]
        },
        "ref_segment_index": 2185,
        "ref_segment_t": 0.692051,
        "grp_keep": "",
        "grp_cut": "",
        "grp_opening": "",
        "grp_go": "",
        "flg_caution": false,
        "flg_brake": false,
        "flg_finish": false,
        "flg_narrows": false,
        "flg_tightens": false,
        "flg_tightens_late": false,
        "flg_late": false,
        "flg_sudden": false,
        "flg_linked_to_next": true,
        "turn_sides": "right",
        "flg_turn_left": false,
        "flg_turn_right": true,
        "turn_severity_min": 3,
        "turn_severity_max": 3,
        "pause_seconds": "0.5"
      }
    },
    {
      "type": "Feature",
      "geometry": {
        "type": "Point",
        "coordinates": [
          1609.516,
          61.734
        ]
      },
      "properties": {
        "kind": "pacenote",
        "stage": "Peïra Cava - La Bollène-Vésubie",
        "reference_track": "col_de_turini",
        "note_index": 236,
        "distance_m": 15184.0,
        "distance_lookup_m": 15014.746,
        "link_to_next": false,
        "notes": [
          "Into",
          "Left2"
        ],
        "notes_text": "Into, Left2",
        "atoms": [
          {
            "kind": "connector",
            "source": "Into",
            "name": "into"
          },
          {
            "kind": "turn",
            "source": "Left2",
            "side": "left",
            "severity": 2
          }
        ],
        "flags": {
          "groups": {
            "keep": null,
            "cut": null,
            "opening": null,
            "go": null
          },
          "bools": {
            "caution": false,
            "brake": false,
            "finish": false,
            "narrows": false,
            "tightens": false,
            "tightens_late": false,
            "late": false,
            "sudden": false
          },
          "linked_to_next": false,
          "turn": {
            "sides": [
              "left"
            ],
            "severity_max": 2,
            "severity_min": 2
          }
        },
        "ref_segment_index": 2190,
        "ref_segment_t": 0.453119,
        "grp_keep": "",
        "grp_cut": "",
        "grp_opening": "",
        "grp_go": "",
        "flg_caution": false,
        "flg_brake": false,
        "flg_finish": false,
        "flg_narrows": false,
        "flg_tightens": false,
        "flg_tightens_late": false,
        "flg_late": false,
        "flg_sudden": false,
        "flg_linked_to_next": false,
        "turn_sides": "left",
        "flg_turn_left": true,
        "flg_turn_right": false,
        "turn_severity_min": 2,
        "turn_severity_max": 2
      }
    },
    {
      "type": "Feature",
      "geometry": {
        "type": "Point",
        "coordinates": [
          1624.498,
          26.551
        ]
      },
      "properties": {
        "kind": "pacenote",
        "stage": "Peïra Cava - La Bollène-Vésubie",
        "reference_track": "col_de_turini",
        "note_index": 237,
        "distance_m": 15226.0,
        "distance_lookup_m": 15056.746,
        "link_to_next": false,
        "notes": [
          "And",
          "Right3"
        ],
        "notes_text": "And, Right3",
        "atoms": [
          {
            "kind": "connector",
            "source": "And",
            "name": "and"
          },
          {
            "kind": "turn",
            "source": "Right3",
            "side": "right",
            "severity": 3
          }
        ],
        "flags": {
          "groups": {
            "keep": null,
            "cut": null,
            "opening": null,
            "go": null
          },
          "bools": {
            "caution": false,
            "brake": false,
            "finish": false,
            "narrows": false,
            "tightens": false,
            "tightens_late": false,
            "late": false,
            "sudden": false
          },
          "linked_to_next": false,
          "turn": {
            "sides": [
              "right"
            ],
            "severity_max": 3,
            "severity_min": 3
          }
        },
        "ref_segment_index": 2196,
        "ref_segment_t": 0.588837,
        "grp_keep": "",
        "grp_cut": "",
        "grp_opening": "",
        "grp_go": "",
        "flg_caution": false,
        "flg_brake": false,
        "flg_finish": false,
        "flg_narrows": false,
        "flg_tightens": false,
        "flg_tightens_late": false,
        "flg_late": false,
        "flg_sudden": false,
        "flg_linked_to_next": false,
        "turn_sides": "right",
        "flg_turn_left": false,
        "flg_turn_right": true,
        "turn_severity_min": 3,
        "turn_severity_max": 3
      }
    },
    {
      "type": "Feature",
      "geometry": {
        "type": "Point",
        "coordinates": [
          1595.519,
          -17.146
        ]
      },
      "properties": {
        "kind": "pacenote",
        "stage": "Peïra Cava - La Bollène-Vésubie",
        "reference_track": "col_de_turini",
        "note_index": 238,
        "distance_m": 15279.0,
        "distance_lookup_m": 15109.746,
        "link_to_next": true,
        "notes": [
          "RightKink"
        ],
        "notes_text": "RightKink",
        "atoms": [
          {
            "kind": "turn",
            "source": "RightKink",
            "side": "right",
            "style": "kink"
          }
        ],
        "flags": {
          "groups": {
            "keep": null,
            "cut": null,
            "opening": null,
            "go": null
          },
          "bools": {
            "caution": false,
            "brake": false,
            "finish": false,
            "narrows": false,
            "tightens": false,
            "tightens_late": false,
            "late": false,
            "sudden": false
          },
          "linked_to_next": true,
          "turn": {
            "sides": [
              "right"
            ]
          }
        },
        "ref_segment_index": 2203,
        "ref_segment_t": 0.81541,
        "grp_keep": "",
        "grp_cut": "",
        "grp_opening": "",
        "grp_go": "",
        "flg_caution": false,
        "flg_brake": false,
        "flg_finish": false,
        "flg_narrows": false,
        "flg_tightens": false,
        "flg_tightens_late": false,
        "flg_late": false,
        "flg_sudden": false,
        "flg_linked_to_next": true,
        "turn_sides": "right",
        "flg_turn_left": false,
        "flg_turn_right": true
      }
    },
    {
      "type": "Feature",
      "geometry": {
        "type": "Point",
        "coordinates": [
          1589.699,
          -37.034
        ]
      },
      "properties": {
        "kind": "pacenote",
        "stage": "Peïra Cava - La Bollène-Vésubie",
        "reference_track": "col_de_turini",
        "note_index": 239,
        "distance_m": 15300.0,
        "distance_lookup_m": 15130.746,
        "link_to_next": true,
        "notes": [
          "Into",
          "Left3"
        ],
        "notes_text": "Into, Left3",
        "atoms": [
          {
            "kind": "connector",
            "source": "Into",
            "name": "into"
          },
          {
            "kind": "turn",
            "source": "Left3",
            "side": "left",
            "severity": 3
          }
        ],
        "flags": {
          "groups": {
            "keep": null,
            "cut": null,
            "opening": null,
            "go": null
          },
          "bools": {
            "caution": false,
            "brake": false,
            "finish": false,
            "narrows": false,
            "tightens": false,
            "tightens_late": false,
            "late": false,
            "sudden": false
          },
          "linked_to_next": true,
          "turn": {
            "sides": [
              "left"
            ],
            "severity_max": 3,
            "severity_min": 3
          }
        },
        "ref_segment_index": 2206,
        "ref_segment_t": 0.799092,
        "grp_keep": "",
        "grp_cut": "",
        "grp_opening": "",
        "grp_go": "",
        "flg_caution": false,
        "flg_brake": false,
        "flg_finish": false,
        "flg_narrows": false,
        "flg_tightens": false,
        "flg_tightens_late": false,
        "flg_late": false,
        "flg_sudden": false,
        "flg_linked_to_next": true,
        "turn_sides": "left",
        "flg_turn_left": true,
        "flg_turn_right": false,
        "turn_severity_min": 3,
        "turn_severity_max": 3
      }
    },
    {
      "type": "Feature",
      "geometry": {
        "type": "Point",
        "coordinates": [
          1592.98,
          -63.309
        ]
      },
      "properties": {
        "kind": "pacenote",
        "stage": "Peïra Cava - La Bollène-Vésubie",
        "reference_track": "col_de_turini",
        "note_index": 240,
        "distance_m": 15327.0,
        "distance_lookup_m": 15157.746,
        "link_to_next": false,
        "notes": [
          "Dist70"
        ],
        "notes_text": "Dist70",
        "atoms": [
          {
            "kind": "distance",
            "source": "Dist70",
            "meters": 70
          }
        ],
        "flags": {
          "groups": {
            "keep": null,
            "cut": null,
            "opening": null,
            "go": null
          },
          "bools": {
            "caution": false,
            "brake": false,
            "finish": false,
            "narrows": false,
            "tightens": false,
            "tightens_late": false,
            "late": false,
            "sudden": false
          },
          "linked_to_next": false,
          "distance_calls_m": [
            70
          ]
        },
        "ref_segment_index": 2210,
        "ref_segment_t": 0.10581,
        "grp_keep": "",
        "grp_cut": "",
        "grp_opening": "",
        "grp_go": "",
        "flg_caution": false,
        "flg_brake": false,
        "flg_finish": false,
        "flg_narrows": false,
        "flg_tightens": false,
        "flg_tightens_late": false,
        "flg_late": false,
        "flg_sudden": false,
        "flg_linked_to_next": false,
        "turn_sides": "",
        "flg_turn_left": false,
        "flg_turn_right": false,
        "distance_calls_m": "70"
      }
    },
    {
      "type": "Feature",
      "geometry": {
        "type": "Point",
        "coordinates": [
          1618.804,
          -125.088
        ]
      },
      "properties": {
        "kind": "pacenote",
        "stage": "Peïra Cava - La Bollène-Vésubie",
        "reference_track": "col_de_turini",
        "note_index": 241,
        "distance_m": 15399.0,
        "distance_lookup_m": 15229.746,
        "link_to_next": false,
        "notes": [
          "Left4"
        ],
        "notes_text": "Left4",
        "atoms": [
          {
            "kind": "turn",
            "source": "Left4",
            "side": "left",
            "severity": 4
          }
        ],
        "flags": {
          "groups": {
            "keep": null,
            "cut": null,
            "opening": null,
            "go": null
          },
          "bools": {
            "caution": false,
            "brake": false,
            "finish": false,
            "narrows": false,
            "tightens": false,
            "tightens_late": false,
            "late": false,
            "sudden": false
          },
          "linked_to_next": false,
          "turn": {
            "sides": [
              "left"
            ],
            "severity_max": 4,
            "severity_min": 4
          }
        },
        "ref_segment_index": 2220,
        "ref_segment_t": 0.285583,
        "grp_keep": "",
        "grp_cut": "",
        "grp_opening": "",
        "grp_go": "",
        "flg_caution": false,
        "flg_brake": false,
        "flg_finish": false,
        "flg_narrows": false,
        "flg_tightens": false,
        "flg_tightens_late": false,
        "flg_late": false,
        "flg_sudden": false,
        "flg_linked_to_next": false,
        "turn_sides": "left",
        "flg_turn_left": true,
        "flg_turn_right": false,
        "turn_severity_min": 4,
        "turn_severity_max": 4
      }
    },
    {
      "type": "Feature",
      "geometry": {
        "type": "Point",
        "coordinates": [
          1598.697,
          -161.748
        ]
      },
      "properties": {
        "kind": "pacenote",
        "stage": "Peïra Cava - La Bollène-Vésubie",
        "reference_track": "col_de_turini",
        "note_index": 242,
        "distance_m": 15441.0,
        "distance_lookup_m": 15271.746,
        "link_to_next": false,
        "notes": [
          "Caution",
          "Right3",
          "Tighten2"
        ],
        "notes_text": "Caution, Right3, Tighten2",
        "atoms": [
          {
            "kind": "hazard",
            "source": "Caution",
            "name": "caution"
          },
          {
            "kind": "turn",
            "source": "Right3",
            "side": "right",
            "severity": 3
          },
          {
            "kind": "modifier",
            "source": "Tighten2",
            "name": "tighten",
            "level": 2
          }
        ],
        "flags": {
          "groups": {
            "keep": null,
            "cut": null,
            "opening": null,
            "go": null
          },
          "bools": {
            "caution": true,
            "brake": false,
            "finish": false,
            "narrows": false,
            "tightens": false,
            "tightens_late": false,
            "late": false,
            "sudden": false
          },
          "linked_to_next": false,
          "turn": {
            "sides": [
              "right"
            ],
            "severity_max": 3,
            "severity_min": 3
          }
        },
        "ref_segment_index": 2225,
        "ref_segment_t": 0.761003,
        "grp_keep": "",
        "grp_cut": "",
        "grp_opening": "",
        "grp_go": "",
        "flg_caution": true,
        "flg_brake": false,
        "flg_finish": false,
        "flg_narrows": false,
        "flg_tightens": false,
        "flg_tightens_late": false,
        "flg_late": false,
        "flg_sudden": false,
        "flg_linked_to_next": false,
        "turn_sides": "right",
        "flg_turn_left": false,
        "flg_turn_right": true,
        "turn_severity_min": 3,
        "turn_severity_max": 3
      }
    },
    {
      "type": "Feature",
      "geometry": {
        "type": "Point",
        "coordinates": [
          1577.1,
          -226.919
        ]
      },
      "properties": {
        "kind": "pacenote",
        "stage": "Peïra Cava - La Bollène-Vésubie",
        "reference_track": "col_de_turini",
        "note_index": 243,
        "distance_m": 15511.0,
        "distance_lookup_m": 15341.746,
        "link_to_next": true,
        "notes": [
          "And",
          "Left2",
          "Long",
          "TightensLate"
        ],
        "notes_text": "And, Left2, Long, TightensLate",
        "atoms": [
          {
            "kind": "connector",
            "source": "And",
            "name": "and"
          },
          {
            "kind": "turn",
            "source": "Left2",
            "side": "left",
            "severity": 2
          },
          {
            "kind": "length",
            "source": "Long",
            "name": "long"
          },
          {
            "kind": "modifier",
            "source": "TightensLate",
            "name": "tightens_late"
          }
        ],
        "flags": {
          "groups": {
            "keep": null,
            "cut": null,
            "opening": null,
            "go": null
          },
          "bools": {
            "caution": false,
            "brake": false,
            "finish": false,
            "narrows": false,
            "tightens": false,
            "tightens_late": true,
            "late": false,
            "sudden": false
          },
          "linked_to_next": true,
          "turn": {
            "sides": [
              "left"
            ],
            "severity_max": 2,
            "severity_min": 2
          }
        },
        "ref_segment_index": 2234,
        "ref_segment_t": 0.58242,
        "grp_keep": "",
        "grp_cut": "",
        "grp_opening": "",
        "grp_go": "",
        "flg_caution": false,
        "flg_brake": false,
        "flg_finish": false,
        "flg_narrows": false,
        "flg_tightens": false,
        "flg_tightens_late": true,
        "flg_late": false,
        "flg_sudden": false,
        "flg_linked_to_next": true,
        "turn_sides": "left",
        "flg_turn_left": true,
        "flg_turn_right": false,
        "turn_severity_min": 2,
        "turn_severity_max": 2
      }
    },
    {
      "type": "Feature",
      "geometry": {
        "type": "Point",
        "coordinates": [
          1576.79,
          -294.842
        ]
      },
      "properties": {
        "kind": "pacenote",
        "stage": "Peïra Cava - La Bollène-Vésubie",
        "reference_track": "col_de_turini",
        "note_index": 244,
        "distance_m": 15579.0,
        "distance_lookup_m": 15409.746,
        "link_to_next": false,
        "notes": [
          "And",
          "Right4",
          "Opens"
        ],
        "notes_text": "And, Right4, Opens",
        "atoms": [
          {
            "kind": "connector",
            "source": "And",
            "name": "and"
          },
          {
            "kind": "turn",
            "source": "Right4",
            "side": "right",
            "severity": 4
          },
          {
            "kind": "opening",
            "source": "Opens",
            "name": "opens"
          }
        ],
        "flags": {
          "groups": {
            "keep": null,
            "cut": null,
            "opening": "opens",
            "go": null
          },
          "bools": {
            "caution": false,
            "brake": false,
            "finish": false,
            "narrows": false,
            "tightens": false,
            "tightens_late": false,
            "late": false,
            "sudden": false
          },
          "linked_to_next": false,
          "turn": {
            "sides": [
              "right"
            ],
            "severity_max": 4,
            "severity_min": 4
          }
        },
        "ref_segment_index": 2241,
        "ref_segment_t": 0.17562,
        "grp_keep": "",
        "grp_cut": "",
        "grp_opening": "opens",
        "grp_go": "",
        "flg_caution": false,
        "flg_brake": false,
        "flg_finish": false,
        "flg_narrows": false,
        "flg_tightens": false,
        "flg_tightens_late": false,
        "flg_late": false,
        "flg_sudden": false,
        "flg_linked_to_next": false,
        "turn_sides": "right",
        "flg_turn_left": false,
        "flg_turn_right": true,
        "turn_severity_min": 4,
        "turn_severity_max": 4
      }
    },
    {
      "type": "Feature",
      "geometry": {
        "type": "Point",
        "coordinates": [
          1577.748,
          -389.46
        ]
      },
      "properties": {
        "kind": "pacenote",
        "stage": "Peïra Cava - La Bollène-Vésubie",
        "reference_track": "col_de_turini",
        "note_index": 245,
        "distance_m": 15674.0,
        "distance_lookup_m": 15504.746,
        "link_to_next": false,
        "notes": [
          "And",
          "Left5"
        ],
        "notes_text": "And, Left5",
        "atoms": [
          {
            "kind": "connector",
            "source": "And",
            "name": "and"
          },
          {
            "kind": "turn",
            "source": "Left5",
            "side": "left",
            "severity": 5
          }
        ],
        "flags": {
          "groups": {
            "keep": null,
            "cut": null,
            "opening": null,
            "go": null
          },
          "bools": {
            "caution": false,
            "brake": false,
            "finish": false,
            "narrows": false,
            "tightens": false,
            "tightens_late": false,
            "late": false,
            "sudden": false
          },
          "linked_to_next": false,
          "turn": {
            "sides": [
              "left"
            ],
            "severity_max": 5,
            "severity_min": 5
          }
        },
        "ref_segment_index": 2248,
        "ref_segment_t": 0.682765,
        "grp_keep": "",
        "grp_cut": "",
        "grp_opening": "",
        "grp_go": "",
        "flg_caution": false,
        "flg_brake": false,
        "flg_finish": false,
        "flg_narrows": false,
        "flg_tightens": false,
        "flg_tightens_late": false,
        "flg_late": false,
        "flg_sudden": false,
        "flg_linked_to_next": false,
        "turn_sides": "left",
        "flg_turn_left": true,
        "flg_turn_right": false,
        "turn_severity_min": 5,
        "turn_severity_max": 5
      }
    },
    {
      "type": "Feature",
      "geometry": {
        "type": "Point",
        "coordinates": [
          1571.135,
          -466.564
        ]
      },
      "properties": {
        "kind": "pacenote",
        "stage": "Peïra Cava - La Bollène-Vésubie",
        "reference_track": "col_de_turini",
        "note_index": 246,
        "distance_m": 15752.0,
        "distance_lookup_m": 15582.746,
        "link_to_next": false,
        "notes": [
          "Into",
          "Right3",
          "Tightens"
        ],
        "notes_text": "Into, Right3, Tightens",
        "atoms": [
          {
            "kind": "connector",
            "source": "Into",
            "name": "into"
          },
          {
            "kind": "turn",
            "source": "Right3",
            "side": "right",
            "severity": 3
          },
          {
            "kind": "modifier",
            "source": "Tightens",
            "name": "tightens"
          }
        ],
        "flags": {
          "groups": {
            "keep": null,
            "cut": null,
            "opening": null,
            "go": null
          },
          "bools": {
            "caution": false,
            "brake": false,
            "finish": false,
            "narrows": false,
            "tightens": true,
            "tightens_late": false,
            "late": false,
            "sudden": false
          },
          "linked_to_next": false,
          "turn": {
            "sides": [
              "right"
            ],
            "severity_max": 3,
            "severity_min": 3
          }
        },
        "ref_segment_index": 2254,
        "ref_segment_t": 0.811067,
        "grp_keep": "",
        "grp_cut": "",
        "grp_opening": "",
        "grp_go": "",
        "flg_caution": false,
        "flg_brake": false,
        "flg_finish": false,
        "flg_narrows": false,
        "flg_tightens": true,
        "flg_tightens_late": false,
        "flg_late": false,
        "flg_sudden": false,
        "flg_linked_to_next": false,
        "turn_sides": "right",
        "flg_turn_left": false,
        "flg_turn_right": true,
        "turn_severity_min": 3,
        "turn_severity_max": 3
      }
    },
    {
      "type": "Feature",
      "geometry": {
        "type": "Point",
        "coordinates": [
          1523.492,
          -531.133
        ]
      },
      "properties": {
        "kind": "pacenote",
        "stage": "Peïra Cava - La Bollène-Vésubie",
        "reference_track": "col_de_turini",
        "note_index": 247,
        "distance_m": 15833.0,
        "distance_lookup_m": 15663.746,
        "link_to_next": false,
        "notes": [
          "Right2"
        ],
        "notes_text": "Right2",
        "atoms": [
          {
            "kind": "turn",
            "source": "Right2",
            "side": "right",
            "severity": 2
          }
        ],
        "flags": {
          "groups": {
            "keep": null,
            "cut": null,
            "opening": null,
            "go": null
          },
          "bools": {
            "caution": false,
            "brake": false,
            "finish": false,
            "narrows": false,
            "tightens": false,
            "tightens_late": false,
            "late": false,
            "sudden": false
          },
          "linked_to_next": false,
          "turn": {
            "sides": [
              "right"
            ],
            "severity_max": 2,
            "severity_min": 2
          }
        },
        "ref_segment_index": 2261,
        "ref_segment_t": 0.772746,
        "grp_keep": "",
        "grp_cut": "",
        "grp_opening": "",
        "grp_go": "",
        "flg_caution": false,
        "flg_brake": false,
        "flg_finish": false,
        "flg_narrows": false,
        "flg_tightens": false,
        "flg_tightens_late": false,
        "flg_late": false,
        "flg_sudden": false,
        "flg_linked_to_next": false,
        "turn_sides": "right",
        "flg_turn_left": false,
        "flg_turn_right": true,
        "turn_severity_min": 2,
        "turn_severity_max": 2
      }
    },
    {
      "type": "Feature",
      "geometry": {
        "type": "Point",
        "coordinates": [
          1486.827,
          -559.78
        ]
      },
      "properties": {
        "kind": "pacenote",
        "stage": "Peïra Cava - La Bollène-Vésubie",
        "reference_track": "col_de_turini",
        "note_index": 248,
        "distance_m": 15880.0,
        "distance_lookup_m": 15710.746,
        "link_to_next": false,
        "notes": [
          "And",
          "Left2",
          "Tightens"
        ],
        "notes_text": "And, Left2, Tightens",
        "atoms": [
          {
            "kind": "connector",
            "source": "And",
            "name": "and"
          },
          {
            "kind": "turn",
            "source": "Left2",
            "side": "left",
            "severity": 2
          },
          {
            "kind": "modifier",
            "source": "Tightens",
            "name": "tightens"
          }
        ],
        "flags": {
          "groups": {
            "keep": null,
            "cut": null,
            "opening": null,
            "go": null
          },
          "bools": {
            "caution": false,
            "brake": false,
            "finish": false,
            "narrows": false,
            "tightens": true,
            "tightens_late": false,
            "late": false,
            "sudden": false
          },
          "linked_to_next": false,
          "turn": {
            "sides": [
              "left"
            ],
            "severity_max": 2,
            "severity_min": 2
          }
        },
        "ref_segment_index": 2265,
        "ref_segment_t": 0.512627,
        "grp_keep": "",
        "grp_cut": "",
        "grp_opening": "",
        "grp_go": "",
        "flg_caution": false,
        "flg_brake": false,
        "flg_finish": false,
        "flg_narrows": false,
        "flg_tightens": true,
        "flg_tightens_late": false,
        "flg_late": false,
        "flg_sudden": false,
        "flg_linked_to_next": false,
        "turn_sides": "left",
        "flg_turn_left": true,
        "flg_turn_right": false,
        "turn_severity_min": 2,
        "turn_severity_max": 2
      }
    },
    {
      "type": "Feature",
      "geometry": {
        "type": "Point",
        "coordinates": [
          1414.316,
          -609.948
        ]
      },
      "properties": {
        "kind": "pacenote",
        "stage": "Peïra Cava - La Bollène-Vésubie",
        "reference_track": "col_de_turini",
        "note_index": 249,
        "distance_m": 15969.0,
        "distance_lookup_m": 15799.746,
        "link_to_next": true,
        "notes": [
          "Left4"
        ],
        "notes_text": "Left4",
        "atoms": [
          {
            "kind": "turn",
            "source": "Left4",
            "side": "left",
            "severity": 4
          }
        ],
        "flags": {
          "groups": {
            "keep": null,
            "cut": null,
            "opening": null,
            "go": null
          },
          "bools": {
            "caution": false,
            "brake": false,
            "finish": false,
            "narrows": false,
            "tightens": false,
            "tightens_late": false,
            "late": false,
            "sudden": false
          },
          "linked_to_next": true,
          "turn": {
            "sides": [
              "left"
            ],
            "severity_max": 4,
            "severity_min": 4
          }
        },
        "ref_segment_index": 2272,
        "ref_segment_t": 0.626042,
        "grp_keep": "",
        "grp_cut": "",
        "grp_opening": "",
        "grp_go": "",
        "flg_caution": false,
        "flg_brake": false,
        "flg_finish": false,
        "flg_narrows": false,
        "flg_tightens": false,
        "flg_tightens_late": false,
        "flg_late": false,
        "flg_sudden": false,
        "flg_linked_to_next": true,
        "turn_sides": "left",
        "flg_turn_left": true,
        "flg_turn_right": false,
        "turn_severity_min": 4,
        "turn_severity_max": 4
      }
    },
    {
      "type": "Feature",
      "geometry": {
        "type": "Point",
        "coordinates": [
          1396.044,
          -629.648
        ]
      },
      "properties": {
        "kind": "pacenote",
        "stage": "Peïra Cava - La Bollène-Vésubie",
        "reference_track": "col_de_turini",
        "note_index": 250,
        "distance_m": 15996.0,
        "distance_lookup_m": 15826.746,
        "link_to_next": false,
        "notes": [
          "Into",
          "Right3",
          "TightensLate"
        ],
        "notes_text": "Into, Right3, TightensLate",
        "atoms": [
          {
            "kind": "connector",
            "source": "Into",
            "name": "into"
          },
          {
            "kind": "turn",
            "source": "Right3",
            "side": "right",
            "severity": 3
          },
          {
            "kind": "modifier",
            "source": "TightensLate",
            "name": "tightens_late"
          }
        ],
        "flags": {
          "groups": {
            "keep": null,
            "cut": null,
            "opening": null,
            "go": null
          },
          "bools": {
            "caution": false,
            "brake": false,
            "finish": false,
            "narrows": false,
            "tightens": false,
            "tightens_late": true,
            "late": false,
            "sudden": false
          },
          "linked_to_next": false,
          "turn": {
            "sides": [
              "right"
            ],
            "severity_max": 3,
            "severity_min": 3
          }
        },
        "ref_segment_index": 2274,
        "ref_segment_t": 0.77059,
        "grp_keep": "",
        "grp_cut": "",
        "grp_opening": "",
        "grp_go": "",
        "flg_caution": false,
        "flg_brake": false,
        "flg_finish": false,
        "flg_narrows": false,
        "flg_tightens": false,
        "flg_tightens_late": true,
        "flg_late": false,
        "flg_sudden": false,
        "flg_linked_to_next": false,
        "turn_sides": "right",
        "flg_turn_left": false,
        "flg_turn_right": true,
        "turn_severity_min": 3,
        "turn_severity_max": 3
      }
    },
    {
      "type": "Feature",
      "geometry": {
        "type": "Point",
        "coordinates": [
          1360.966,
          -690.728
        ]
      },
      "properties": {
        "kind": "pacenote",
        "stage": "Peïra Cava - La Bollène-Vésubie",
        "reference_track": "col_de_turini",
        "note_index": 251,
        "distance_m": 16067.0,
        "distance_lookup_m": 15897.746,
        "link_to_next": true,
        "notes": [
          "Into",
          "Left2"
        ],
        "notes_text": "Into, Left2",
        "atoms": [
          {
            "kind": "connector",
            "source": "Into",
            "name": "into"
          },
          {
            "kind": "turn",
            "source": "Left2",
            "side": "left",
            "severity": 2
          }
        ],
        "flags": {
          "groups": {
            "keep": null,
            "cut": null,
            "opening": null,
            "go": null
          },
          "bools": {
            "caution": false,
            "brake": false,
            "finish": false,
            "narrows": false,
            "tightens": false,
            "tightens_late": false,
            "late": false,
            "sudden": false
          },
          "linked_to_next": true,
          "turn": {
            "sides": [
              "left"
            ],
            "severity_max": 2,
            "severity_min": 2
          }
        },
        "ref_segment_index": 2279,
        "ref_segment_t": 0.983051,
        "grp_keep": "",
        "grp_cut": "",
        "grp_opening": "",
        "grp_go": "",
        "flg_caution": false,
        "flg_brake": false,
        "flg_finish": false,
        "flg_narrows": false,
        "flg_tightens": false,
        "flg_tightens_late": false,
        "flg_late": false,
        "flg_sudden": false,
        "flg_linked_to_next": true,
        "turn_sides": "left",
        "flg_turn_left": true,
        "flg_turn_right": false,
        "turn_severity_min": 2,
        "turn_severity_max": 2
      }
    },
    {
      "type": "Feature",
      "geometry": {
        "type": "Point",
        "coordinates": [
          1346.576,
          -732.0
        ]
      },
      "properties": {
        "kind": "pacenote",
        "stage": "Peïra Cava - La Bollène-Vésubie",
        "reference_track": "col_de_turini",
        "note_index": 252,
        "distance_m": 16111.0,
        "distance_lookup_m": 15941.746,
        "link_to_next": false,
        "notes": [
          "And",
          "Right2",
          "Late"
        ],
        "notes_text": "And, Right2, Late",
        "atoms": [
          {
            "kind": "connector",
            "source": "And",
            "name": "and"
          },
          {
            "kind": "turn",
            "source": "Right2",
            "side": "right",
            "severity": 2
          },
          {
            "kind": "modifier",
            "source": "Late",
            "name": "late"
          }
        ],
        "flags": {
          "groups": {
            "keep": null,
            "cut": null,
            "opening": null,
            "go": null
          },
          "bools": {
            "caution": false,
            "brake": false,
            "finish": false,
            "narrows": false,
            "tightens": false,
            "tightens_late": false,
            "late": true,
            "sudden": false
          },
          "linked_to_next": false,
          "turn": {
            "sides": [
              "right"
            ],
            "severity_max": 2,
            "severity_min": 2
          }
        },
        "ref_segment_index": 2282,
        "ref_segment_t": 0.900465,
        "grp_keep": "",
        "grp_cut": "",
        "grp_opening": "",
        "grp_go": "",
        "flg_caution": false,
        "flg_brake": false,
        "flg_finish": false,
        "flg_narrows": false,
        "flg_tightens": false,
        "flg_tightens_late": false,
        "flg_late": true,
        "flg_sudden": false,
        "flg_linked_to_next": false,
        "turn_sides": "right",
        "flg_turn_left": false,
        "flg_turn_right": true,
        "turn_severity_min": 2,
        "turn_severity_max": 2
      }
    },
    {
      "type": "Feature",
      "geometry": {
        "type": "Point",
        "coordinates": [
          1338.094,
          -777.115
        ]
      },
      "properties": {
        "kind": "pacenote",
        "stage": "Peïra Cava - La Bollène-Vésubie",
        "reference_track": "col_de_turini",
        "note_index": 253,
        "distance_m": 16157.0,
        "distance_lookup_m": 15987.746,
        "link_to_next": true,
        "notes": [
          "Left2"
        ],
        "notes_text": "Left2",
        "atoms": [
          {
            "kind": "turn",
            "source": "Left2",
            "side": "left",
            "severity": 2
          }
        ],
        "flags": {
          "groups": {
            "keep": null,
            "cut": null,
            "opening": null,
            "go": null
          },
          "bools": {
            "caution": false,
            "brake": false,
            "finish": false,
            "narrows": false,
            "tightens": false,
            "tightens_late": false,
            "late": false,
            "sudden": false
          },
          "linked_to_next": true,
          "turn": {
            "sides": [
              "left"
            ],
            "severity_max": 2,
            "severity_min": 2
          }
        },
        "ref_segment_index": 2285,
        "ref_segment_t": 0.863451,
        "grp_keep": "",
        "grp_cut": "",
        "grp_opening": "",
        "grp_go": "",
        "flg_caution": false,
        "flg_brake": false,
        "flg_finish": false,
        "flg_narrows": false,
        "flg_tightens": false,
        "flg_tightens_late": false,
        "flg_late": false,
        "flg_sudden": false,
        "flg_linked_to_next": true,
        "turn_sides": "left",
        "flg_turn_left": true,
        "flg_turn_right": false,
        "turn_severity_min": 2,
        "turn_severity_max": 2
      }
    },
    {
      "type": "Feature",
      "geometry": {
        "type": "Point",
        "coordinates": [
          1329.426,
          -817.893
        ]
      },
      "properties": {
        "kind": "pacenote",
        "stage": "Peïra Cava - La Bollène-Vésubie",
        "reference_track": "col_de_turini",
        "note_index": 254,
        "distance_m": 16199.0,
        "distance_lookup_m": 16029.746,
        "link_to_next": true,
        "notes": [
          "And",
          "Right3"
        ],
        "notes_text": "And, Right3",
        "atoms": [
          {
            "kind": "connector",
            "source": "And",
            "name": "and"
          },
          {
            "kind": "turn",
            "source": "Right3",
            "side": "right",
            "severity": 3
          }
        ],
        "flags": {
          "groups": {
            "keep": null,
            "cut": null,
            "opening": null,
            "go": null
          },
          "bools": {
            "caution": false,
            "brake": false,
            "finish": false,
            "narrows": false,
            "tightens": false,
            "tightens_late": false,
            "late": false,
            "sudden": false
          },
          "linked_to_next": true,
          "turn": {
            "sides": [
              "right"
            ],
            "severity_max": 3,
            "severity_min": 3
          }
        },
        "ref_segment_index": 2288,
        "ref_segment_t": 0.52378,
        "grp_keep": "",
        "grp_cut": "",
        "grp_opening": "",
        "grp_go": "",
        "flg_caution": false,
        "flg_brake": false,
        "flg_finish": false,
        "flg_narrows": false,
        "flg_tightens": false,
        "flg_tightens_late": false,
        "flg_late": false,
        "flg_sudden": false,
        "flg_linked_to_next": true,
        "turn_sides": "right",
        "flg_turn_left": false,
        "flg_turn_right": true,
        "turn_severity_min": 3,
        "turn_severity_max": 3
      }
    },
    {
      "type": "Feature",
      "geometry": {
        "type": "Point",
        "coordinates": [
          1321.988,
          -844.881
        ]
      },
      "properties": {
        "kind": "pacenote",
        "stage": "Peïra Cava - La Bollène-Vésubie",
        "reference_track": "col_de_turini",
        "note_index": 255,
        "distance_m": 16227.0,
        "distance_lookup_m": 16057.746,
        "link_to_next": true,
        "notes": [
          "And",
          "Left4",
          "Short"
        ],
        "notes_text": "And, Left4, Short",
        "atoms": [
          {
            "kind": "connector",
            "source": "And",
            "name": "and"
          },
          {
            "kind": "turn",
            "source": "Left4",
            "side": "left",
            "severity": 4
          },
          {
            "kind": "length",
            "source": "Short",
            "name": "short"
          }
        ],
        "flags": {
          "groups": {
            "keep": null,
            "cut": null,
            "opening": null,
            "go": null
          },
          "bools": {
            "caution": false,
            "brake": false,
            "finish": false,
            "narrows": false,
            "tightens": false,
            "tightens_late": false,
            "late": false,
            "sudden": false
          },
          "linked_to_next": true,
          "turn": {
            "sides": [
              "left"
            ],
            "severity_max": 4,
            "severity_min": 4
          }
        },
        "ref_segment_index": 2290,
        "ref_segment_t": 0.275676,
        "grp_keep": "",
        "grp_cut": "",
        "grp_opening": "",
        "grp_go": "",
        "flg_caution": false,
        "flg_brake": false,
        "flg_finish": false,
        "flg_narrows": false,
        "flg_tightens": false,
        "flg_tightens_late": false,
        "flg_late": false,
        "flg_sudden": false,
        "flg_linked_to_next": true,
        "turn_sides": "left",
        "flg_turn_left": true,
        "flg_turn_right": false,
        "turn_severity_min": 4,
        "turn_severity_max": 4
      }
    },
    {
      "type": "Feature",
      "geometry": {
        "type": "Point",
        "coordinates": [
          1315.519,
          -865.905
        ]
      },
      "properties": {
        "kind": "pacenote",
        "stage": "Peïra Cava - La Bollène-Vésubie",
        "reference_track": "col_de_turini",
        "note_index": 256,
        "distance_m": 16249.0,
        "distance_lookup_m": 16079.746,
        "link_to_next": false,
        "notes": [
          "Dist90"
        ],
        "notes_text": "Dist90",
        "atoms": [
          {
            "kind": "distance",
            "source": "Dist90",
            "meters": 90
          }
        ],
        "flags": {
          "groups": {
            "keep": null,
            "cut": null,
            "opening": null,
            "go": null
          },
          "bools": {
            "caution": false,
            "brake": false,
            "finish": false,
            "narrows": false,
            "tightens": false,
            "tightens_late": false,
            "late": false,
            "sudden": false
          },
          "linked_to_next": false,
          "distance_calls_m": [
            90
          ]
        },
        "ref_segment_index": 2291,
        "ref_segment_t": 0.647906,
        "grp_keep": "",
        "grp_cut": "",
        "grp_opening": "",
        "grp_go": "",
        "flg_caution": false,
        "flg_brake": false,
        "flg_finish": false,
        "flg_narrows": false,
        "flg_tightens": false,
        "flg_tightens_late": false,
        "flg_late": false,
        "flg_sudden": false,
        "flg_linked_to_next": false,
        "turn_sides": "",
        "flg_turn_left": false,
        "flg_turn_right": false,
        "distance_calls_m": "90"
      }
    },
    {
      "type": "Feature",
      "geometry": {
        "type": "Point",
        "coordinates": [
          1287.37,
          -952.409
        ]
      },
      "properties": {
        "kind": "pacenote",
        "stage": "Peïra Cava - La Bollène-Vésubie",
        "reference_track": "col_de_turini",
        "note_index": 257,
        "distance_m": 16340.0,
        "distance_lookup_m": 16170.746,
        "link_to_next": true,
        "notes": [
          "Right4"
        ],
        "notes_text": "Right4",
        "atoms": [
          {
            "kind": "turn",
            "source": "Right4",
            "side": "right",
            "severity": 4
          }
        ],
        "flags": {
          "groups": {
            "keep": null,
            "cut": null,
            "opening": null,
            "go": null
          },
          "bools": {
            "caution": false,
            "brake": false,
            "finish": false,
            "narrows": false,
            "tightens": false,
            "tightens_late": false,
            "late": false,
            "sudden": false
          },
          "linked_to_next": true,
          "turn": {
            "sides": [
              "right"
            ],
            "severity_max": 4,
            "severity_min": 4
          }
        },
        "ref_segment_index": 2297,
        "ref_segment_t": 0.102171,
        "grp_keep": "",
        "grp_cut": "",
        "grp_opening": "",
        "grp_go": "",
        "flg_caution": false,
        "flg_brake": false,
        "flg_finish": false,
        "flg_narrows": false,
        "flg_tightens": false,
        "flg_tightens_late": false,
        "flg_late": false,
        "flg_sudden": false,
        "flg_linked_to_next": true,
        "turn_sides": "right",
        "flg_turn_left": false,
        "flg_turn_right": true,
        "turn_severity_min": 4,
        "turn_severity_max": 4
      }
    },
    {
      "type": "Feature",
      "geometry": {
        "type": "Point",
        "coordinates": [
          1278.576,
          -973.613
        ]
      },
      "properties": {
        "kind": "pacenote",
        "stage": "Peïra Cava - La Bollène-Vésubie",
        "reference_track": "col_de_turini",
        "note_index": 258,
        "distance_m": 16363.0,
        "distance_lookup_m": 16193.746,
        "link_to_next": false,
        "notes": [
          "Into",
          "Left3",
          "Short"
        ],
        "notes_text": "Into, Left3, Short",
        "atoms": [
          {
            "kind": "connector",
            "source": "Into",
            "name": "into"
          },
          {
            "kind": "turn",
            "source": "Left3",
            "side": "left",
            "severity": 3
          },
          {
            "kind": "length",
            "source": "Short",
            "name": "short"
          }
        ],
        "flags": {
          "groups": {
            "keep": null,
            "cut": null,
            "opening": null,
            "go": null
          },
          "bools": {
            "caution": false,
            "brake": false,
            "finish": false,
            "narrows": false,
            "tightens": false,
            "tightens_late": false,
            "late": false,
            "sudden": false
          },
          "linked_to_next": false,
          "turn": {
            "sides": [
              "left"
            ],
            "severity_max": 3,
            "severity_min": 3
          }
        },
        "ref_segment_index": 2298,
        "ref_segment_t": 0.444876,
        "grp_keep": "",
        "grp_cut": "",
        "grp_opening": "",
        "grp_go": "",
        "flg_caution": false,
        "flg_brake": false,
        "flg_finish": false,
        "flg_narrows": false,
        "flg_tightens": false,
        "flg_tightens_late": false,
        "flg_late": false,
        "flg_sudden": false,
        "flg_linked_to_next": false,
        "turn_sides": "left",
        "flg_turn_left": true,
        "flg_turn_right": false,
        "turn_severity_min": 3,
        "turn_severity_max": 3
      }
    },
    {
      "type": "Feature",
      "geometry": {
        "type": "Point",
        "coordinates": [
          1253.559,
          -1021.123
        ]
      },
      "properties": {
        "kind": "pacenote",
        "stage": "Peïra Cava - La Bollène-Vésubie",
        "reference_track": "col_de_turini",
        "note_index": 259,
        "distance_m": 16417.0,
        "distance_lookup_m": 16247.746,
        "link_to_next": true,
        "notes": [
          "Into",
          "Left3"
        ],
        "notes_text": "Into, Left3",
        "atoms": [
          {
            "kind": "connector",
            "source": "Into",
            "name": "into"
          },
          {
            "kind": "turn",
            "source": "Left3",
            "side": "left",
            "severity": 3
          }
        ],
        "flags": {
          "groups": {
            "keep": null,
            "cut": null,
            "opening": null,
            "go": null
          },
          "bools": {
            "caution": false,
            "brake": false,
            "finish": false,
            "narrows": false,
            "tightens": false,
            "tightens_late": false,
            "late": false,
            "sudden": false
          },
          "linked_to_next": true,
          "turn": {
            "sides": [
              "left"
            ],
            "severity_max": 3,
            "severity_min": 3
          }
        },
        "ref_segment_index": 2301,
        "ref_segment_t": 0.593583,
        "grp_keep": "",
        "grp_cut": "",
        "grp_opening": "",
        "grp_go": "",
        "flg_caution": false,
        "flg_brake": false,
        "flg_finish": false,
        "flg_narrows": false,
        "flg_tightens": false,
        "flg_tightens_late": false,
        "flg_late": false,
        "flg_sudden": false,
        "flg_linked_to_next": true,
        "turn_sides": "left",
        "flg_turn_left": true,
        "flg_turn_right": false,
        "turn_severity_min": 3,
        "turn_severity_max": 3
      }
    },
    {
      "type": "Feature",
      "geometry": {
        "type": "Point",
        "coordinates": [
          1238.293,
          -1051.286
        ]
      },
      "properties": {
        "kind": "pacenote",
        "stage": "Peïra Cava - La Bollène-Vésubie",
        "reference_track": "col_de_turini",
        "note_index": 260,
        "distance_m": 16451.0,
        "distance_lookup_m": 16281.746,
        "link_to_next": false,
        "notes": [
          "Dist40"
        ],
        "notes_text": "Dist40",
        "atoms": [
          {
            "kind": "distance",
            "source": "Dist40",
            "meters": 40
          }
        ],
        "flags": {
          "groups": {
            "keep": null,
            "cut": null,
            "opening": null,
            "go": null
          },
          "bools": {
            "caution": false,
            "brake": false,
            "finish": false,
            "narrows": false,
            "tightens": false,
            "tightens_late": false,
            "late": false,
            "sudden": false
          },
          "linked_to_next": false,
          "distance_calls_m": [
            40
          ]
        },
        "ref_segment_index": 2303,
        "ref_segment_t": 0.712262,
        "grp_keep": "",
        "grp_cut": "",
        "grp_opening": "",
        "grp_go": "",
        "flg_caution": false,
        "flg_brake": false,
        "flg_finish": false,
        "flg_narrows": false,
        "flg_tightens": false,
        "flg_tightens_late": false,
        "flg_late": false,
        "flg_sudden": false,
        "flg_linked_to_next": false,
        "turn_sides": "",
        "flg_turn_left": false,
        "flg_turn_right": false,
        "distance_calls_m": "40"
      }
    },
    {
      "type": "Feature",
      "geometry": {
        "type": "Point",
        "coordinates": [
          1221.717,
          -1098.25
        ]
      },
      "properties": {
        "kind": "pacenote",
        "stage": "Peïra Cava - La Bollène-Vésubie",
        "reference_track": "col_de_turini",
        "note_index": 261,
        "distance_m": 16501.0,
        "distance_lookup_m": 16331.746,
        "link_to_next": false,
        "notes": [
          "Right2",
          "Tightens"
        ],
        "notes_text": "Right2, Tightens",
        "atoms": [
          {
            "kind": "turn",
            "source": "Right2",
            "side": "right",
            "severity": 2
          },
          {
            "kind": "modifier",
            "source": "Tightens",
            "name": "tightens"
          }
        ],
        "flags": {
          "groups": {
            "keep": null,
            "cut": null,
            "opening": null,
            "go": null
          },
          "bools": {
            "caution": false,
            "brake": false,
            "finish": false,
            "narrows": false,
            "tightens": true,
            "tightens_late": false,
            "late": false,
            "sudden": false
          },
          "linked_to_next": false,
          "turn": {
            "sides": [
              "right"
            ],
            "severity_max": 2,
            "severity_min": 2
          }
        },
        "ref_segment_index": 2307,
        "ref_segment_t": 0.01801,
        "grp_keep": "",
        "grp_cut": "",
        "grp_opening": "",
        "grp_go": "",
        "flg_caution": false,
        "flg_brake": false,
        "flg_finish": false,
        "flg_narrows": false,
        "flg_tightens": true,
        "flg_tightens_late": false,
        "flg_late": false,
        "flg_sudden": false,
        "flg_linked_to_next": false,
        "turn_sides": "right",
        "flg_turn_left": false,
        "flg_turn_right": true,
        "turn_severity_min": 2,
        "turn_severity_max": 2
      }
    },
    {
      "type": "Feature",
      "geometry": {
        "type": "Point",
        "coordinates": [
          1209.746,
          -1153.873
        ]
      },
      "properties": {
        "kind": "pacenote",
        "stage": "Peïra Cava - La Bollène-Vésubie",
        "reference_track": "col_de_turini",
        "note_index": 262,
        "distance_m": 16558.0,
        "distance_lookup_m": 16388.746,
        "link_to_next": true,
        "notes": [
          "And",
          "Left3",
          "Tightens"
        ],
        "notes_text": "And, Left3, Tightens",
        "atoms": [
          {
            "kind": "connector",
            "source": "And",
            "name": "and"
          },
          {
            "kind": "turn",
            "source": "Left3",
            "side": "left",
            "severity": 3
          },
          {
            "kind": "modifier",
            "source": "Tightens",
            "name": "tightens"
          }
        ],
        "flags": {
          "groups": {
            "keep": null,
            "cut": null,
            "opening": null,
            "go": null
          },
          "bools": {
            "caution": false,
            "brake": false,
            "finish": false,
            "narrows": false,
            "tightens": true,
            "tightens_late": false,
            "late": false,
            "sudden": false
          },
          "linked_to_next": true,
          "turn": {
            "sides": [
              "left"
            ],
            "severity_max": 3,
            "severity_min": 3
          }
        },
        "ref_segment_index": 2311,
        "ref_segment_t": 0.055072,
        "grp_keep": "",
        "grp_cut": "",
        "grp_opening": "",
        "grp_go": "",
        "flg_caution": false,
        "flg_brake": false,
        "flg_finish": false,
        "flg_narrows": false,
        "flg_tightens": true,
        "flg_tightens_late": false,
        "flg_late": false,
        "flg_sudden": false,
        "flg_linked_to_next": true,
        "turn_sides": "left",
        "flg_turn_left": true,
        "flg_turn_right": false,
        "turn_severity_min": 3,
        "turn_severity_max": 3
      }
    },
    {
      "type": "Feature",
      "geometry": {
        "type": "Point",
        "coordinates": [
          1192.419,
          -1197.237
        ]
      },
      "properties": {
        "kind": "pacenote",
        "stage": "Peïra Cava - La Bollène-Vésubie",
        "reference_track": "col_de_turini",
        "note_index": 263,
        "distance_m": 16605.0,
        "distance_lookup_m": 16435.746,
        "link_to_next": false,
        "notes": [
          "Dist40"
        ],
        "notes_text": "Dist40",
        "atoms": [
          {
            "kind": "distance",
            "source": "Dist40",
            "meters": 40
          }
        ],
        "flags": {
          "groups": {
            "keep": null,
            "cut": null,
            "opening": null,
            "go": null
          },
          "bools": {
            "caution": false,
            "brake": false,
            "finish": false,
            "narrows": false,
            "tightens": false,
            "tightens_late": false,
            "late": false,
            "sudden": false
          },
          "linked_to_next": false,
          "distance_calls_m": [
            40
          ]
        },
        "ref_segment_index": 2314,
        "ref_segment_t": 0.837248,
        "grp_keep": "",
        "grp_cut": "",
        "grp_opening": "",
        "grp_go": "",
        "flg_caution": false,
        "flg_brake": false,
        "flg_finish": false,
        "flg_narrows": false,
        "flg_tightens": false,
        "flg_tightens_late": false,
        "flg_late": false,
        "flg_sudden": false,
        "flg_linked_to_next": false,
        "turn_sides": "",
        "flg_turn_left": false,
        "flg_turn_right": false,
        "distance_calls_m": "40"
      }
    },
    {
      "type": "Feature",
      "geometry": {
        "type": "Point",
        "coordinates": [
          1168.772,
          -1231.79
        ]
      },
      "properties": {
        "kind": "pacenote",
        "stage": "Peïra Cava - La Bollène-Vésubie",
        "reference_track": "col_de_turini",
        "note_index": 264,
        "distance_m": 16647.0,
        "distance_lookup_m": 16477.746,
        "link_to_next": false,
        "notes": [
          "RightOpenHP"
        ],
        "notes_text": "RightOpenHP",
        "atoms": [
          {
            "kind": "turn",
            "source": "RightOpenHP",
            "side": "right",
            "style": "openhp"
          }
        ],
        "flags": {
          "groups": {
            "keep": null,
            "cut": null,
            "opening": null,
            "go": null
          },
          "bools": {
            "caution": false,
            "brake": false,
            "finish": false,
            "narrows": false,
            "tightens": false,
            "tightens_late": false,
            "late": false,
            "sudden": false
          },
          "linked_to_next": false,
          "turn": {
            "sides": [
              "right"
            ]
          }
        },
        "ref_segment_index": 2318,
        "ref_segment_t": 0.0938,
        "grp_keep": "",
        "grp_cut": "",
        "grp_opening": "",
        "grp_go": "",
        "flg_caution": false,
        "flg_brake": false,
        "flg_finish": false,
        "flg_narrows": false,
        "flg_tightens": false,
        "flg_tightens_late": false,
        "flg_late": false,
        "flg_sudden": false,
        "flg_linked_to_next": false,
        "turn_sides": "right",
        "flg_turn_left": false,
        "flg_turn_right": true
      }
    },
    {
      "type": "Feature",
      "geometry": {
        "type": "Point",
        "coordinates": [
          1144.282,
          -1286.83
        ]
      },
      "properties": {
        "kind": "pacenote",
        "stage": "Peïra Cava - La Bollène-Vésubie",
        "reference_track": "col_de_turini",
        "note_index": 265,
        "distance_m": 16708.0,
        "distance_lookup_m": 16538.746,
        "link_to_next": false,
        "notes": [
          "Pause1s",
          "Left4"
        ],
        "notes_text": "Pause1s, Left4",
        "atoms": [
          {
            "kind": "pause",
            "source": "Pause1s",
            "seconds": 1.0,
            "reset": false
          },
          {
            "kind": "turn",
            "source": "Left4",
            "side": "left",
            "severity": 4
          }
        ],
        "flags": {
          "groups": {
            "keep": null,
            "cut": null,
            "opening": null,
            "go": null
          },
          "bools": {
            "caution": false,
            "brake": false,
            "finish": false,
            "narrows": false,
            "tightens": false,
            "tightens_late": false,
            "late": false,
            "sudden": false
          },
          "linked_to_next": false,
          "turn": {
            "sides": [
              "left"
            ],
            "severity_max": 4,
            "severity_min": 4
          },
          "pause_seconds": [
            1.0
          ]
        },
        "ref_segment_index": 2323,
        "ref_segment_t": 0.23255,
        "grp_keep": "",
        "grp_cut": "",
        "grp_opening": "",
        "grp_go": "",
        "flg_caution": false,
        "flg_brake": false,
        "flg_finish": false,
        "flg_narrows": false,
        "flg_tightens": false,
        "flg_tightens_late": false,
        "flg_late": false,
        "flg_sudden": false,
        "flg_linked_to_next": false,
        "turn_sides": "left",
        "flg_turn_left": true,
        "flg_turn_right": false,
        "turn_severity_min": 4,
        "turn_severity_max": 4,
        "pause_seconds": "1.0"
      }
    },
    {
      "type": "Feature",
      "geometry": {
        "type": "Point",
        "coordinates": [
          1130.299,
          -1331.065
        ]
      },
      "properties": {
        "kind": "pacenote",
        "stage": "Peïra Cava - La Bollène-Vésubie",
        "reference_track": "col_de_turini",
        "note_index": 266,
        "distance_m": 16755.0,
        "distance_lookup_m": 16585.746,
        "link_to_next": false,
        "notes": [
          "Into",
          "Left4",
          "Tighten2"
        ],
        "notes_text": "Into, Left4, Tighten2",
        "atoms": [
          {
            "kind": "connector",
            "source": "Into",
            "name": "into"
          },
          {
            "kind": "turn",
            "source": "Left4",
            "side": "left",
            "severity": 4
          },
          {
            "kind": "modifier",
            "source": "Tighten2",
            "name": "tighten",
            "level": 2
          }
        ],
        "flags": {
          "groups": {
            "keep": null,
            "cut": null,
            "opening": null,
            "go": null
          },
          "bools": {
            "caution": false,
            "brake": false,
            "finish": false,
            "narrows": false,
            "tightens": false,
            "tightens_late": false,
            "late": false,
            "sudden": false
          },
          "linked_to_next": false,
          "turn": {
            "sides": [
              "left"
            ],
            "severity_max": 4,
            "severity_min": 4
          }
        },
        "ref_segment_index": 2327,
        "ref_segment_t": 0.284816,
        "grp_keep": "",
        "grp_cut": "",
        "grp_opening": "",
        "grp_go": "",
        "flg_caution": false,
        "flg_brake": false,
        "flg_finish": false,
        "flg_narrows": false,
        "flg_tightens": false,
        "flg_tightens_late": false,
        "flg_late": false,
        "flg_sudden": false,
        "flg_linked_to_next": false,
        "turn_sides": "left",
        "flg_turn_left": true,
        "flg_turn_right": false,
        "turn_severity_min": 4,
        "turn_severity_max": 4
      }
    },
    {
      "type": "Feature",
      "geometry": {
        "type": "Point",
        "coordinates": [
          1061.819,
          -1393.331
        ]
      },
      "properties": {
        "kind": "pacenote",
        "stage": "Peïra Cava - La Bollène-Vésubie",
        "reference_track": "col_de_turini",
        "note_index": 267,
        "distance_m": 16849.0,
        "distance_lookup_m": 16679.746,
        "link_to_next": false,
        "notes": [
          "And",
          "Right2",
          "ThroughTunnel"
        ],
        "notes_text": "And, Right2, ThroughTunnel",
        "atoms": [
          {
            "kind": "connector",
            "source": "And",
            "name": "and"
          },
          {
            "kind": "turn",
            "source": "Right2",
            "side": "right",
            "severity": 2
          },
          {
            "kind": "other",
            "source": "ThroughTunnel",
            "name": "ThroughTunnel"
          }
        ],
        "flags": {
          "groups": {
            "keep": null,
            "cut": null,
            "opening": null,
            "go": null
          },
          "bools": {
            "caution": false,
            "brake": false,
            "finish": false,
            "narrows": false,
            "tightens": false,
            "tightens_late": false,
            "late": false,
            "sudden": false
          },
          "linked_to_next": false,
          "turn": {
            "sides": [
              "right"
            ],
            "severity_max": 2,
            "severity_min": 2
          }
        },
        "ref_segment_index": 2334,
        "ref_segment_t": 0.889328,
        "grp_keep": "",
        "grp_cut": "",
        "grp_opening": "",
        "grp_go": "",
        "flg_caution": false,
        "flg_brake": false,
        "flg_finish": false,
        "flg_narrows": false,
        "flg_tightens": false,
        "flg_tightens_late": false,
        "flg_late": false,
        "flg_sudden": false,
        "flg_linked_to_next": false,
        "turn_sides": "right",
        "flg_turn_left": false,
        "flg_turn_right": true,
        "turn_severity_min": 2,
        "turn_severity_max": 2
      }
    },
    {
      "type": "Feature",
      "geometry": {
        "type": "Point",
        "coordinates": [
          994.482,
          -1438.112
        ]
      },
      "properties": {
        "kind": "pacenote",
        "stage": "Peïra Cava - La Bollène-Vésubie",
        "reference_track": "col_de_turini",
        "note_index": 268,
        "distance_m": 16930.0,
        "distance_lookup_m": 16760.746,
        "link_to_next": false,
        "notes": [
          "Left4",
          "Short"
        ],
        "notes_text": "Left4, Short",
        "atoms": [
          {
            "kind": "turn",
            "source": "Left4",
            "side": "left",
            "severity": 4
          },
          {
            "kind": "length",
            "source": "Short",
            "name": "short"
          }
        ],
        "flags": {
          "groups": {
            "keep": null,
            "cut": null,
            "opening": null,
            "go": null
          },
          "bools": {
            "caution": false,
            "brake": false,
            "finish": false,
            "narrows": false,
            "tightens": false,
            "tightens_late": false,
            "late": false,
            "sudden": false
          },
          "linked_to_next": false,
          "turn": {
            "sides": [
              "left"
            ],
            "severity_max": 4,
            "severity_min": 4
          }
        },
        "ref_segment_index": 2340,
        "ref_segment_t": 0.912771,
        "grp_keep": "",
        "grp_cut": "",
        "grp_opening": "",
        "grp_go": "",
        "flg_caution": false,
        "flg_brake": false,
        "flg_finish": false,
        "flg_narrows": false,
        "flg_tightens": false,
        "flg_tightens_late": false,
        "flg_late": false,
        "flg_sudden": false,
        "flg_linked_to_next": false,
        "turn_sides": "left",
        "flg_turn_left": true,
        "flg_turn_right": false,
        "turn_severity_min": 4,
        "turn_severity_max": 4
      }
    },
    {
      "type": "Feature",
      "geometry": {
        "type": "Point",
        "coordinates": [
          961.047,
          -1453.208
        ]
      },
      "properties": {
        "kind": "pacenote",
        "stage": "Peïra Cava - La Bollène-Vésubie",
        "reference_track": "col_de_turini",
        "note_index": 269,
        "distance_m": 16967.0,
        "distance_lookup_m": 16797.746,
        "link_to_next": true,
        "notes": [
          "Caution",
          "Right2"
        ],
        "notes_text": "Caution, Right2",
        "atoms": [
          {
            "kind": "hazard",
            "source": "Caution",
            "name": "caution"
          },
          {
            "kind": "turn",
            "source": "Right2",
            "side": "right",
            "severity": 2
          }
        ],
        "flags": {
          "groups": {
            "keep": null,
            "cut": null,
            "opening": null,
            "go": null
          },
          "bools": {
            "caution": true,
            "brake": false,
            "finish": false,
            "narrows": false,
            "tightens": false,
            "tightens_late": false,
            "late": false,
            "sudden": false
          },
          "linked_to_next": true,
          "turn": {
            "sides": [
              "right"
            ],
            "severity_max": 2,
            "severity_min": 2
          }
        },
        "ref_segment_index": 2343,
        "ref_segment_t": 0.629526,
        "grp_keep": "",
        "grp_cut": "",
        "grp_opening": "",
        "grp_go": "",
        "flg_caution": true,
        "flg_brake": false,
        "flg_finish": false,
        "flg_narrows": false,
        "flg_tightens": false,
        "flg_tightens_late": false,
        "flg_late": false,
        "flg_sudden": false,
        "flg_linked_to_next": true,
        "turn_sides": "right",
        "flg_turn_left": false,
        "flg_turn_right": true,
        "turn_severity_min": 2,
        "turn_severity_max": 2
      }
    },
    {
      "type": "Feature",
      "geometry": {
        "type": "Point",
        "coordinates": [
          929.591,
          -1469.346
        ]
      },
      "properties": {
        "kind": "pacenote",
        "stage": "Peïra Cava - La Bollène-Vésubie",
        "reference_track": "col_de_turini",
        "note_index": 270,
        "distance_m": 17003.0,
        "distance_lookup_m": 16833.746,
        "link_to_next": false,
        "notes": [
          "Into",
          "Left1"
        ],
        "notes_text": "Into, Left1",
        "atoms": [
          {
            "kind": "connector",
            "source": "Into",
            "name": "into"
          },
          {
            "kind": "turn",
            "source": "Left1",
            "side": "left",
            "severity": 1
          }
        ],
        "flags": {
          "groups": {
            "keep": null,
            "cut": null,
            "opening": null,
            "go": null
          },
          "bools": {
            "caution": false,
            "brake": false,
            "finish": false,
            "narrows": false,
            "tightens": false,
            "tightens_late": false,
            "late": false,
            "sudden": false
          },
          "linked_to_next": false,
          "turn": {
            "sides": [
              "left"
            ],
            "severity_max": 1,
            "severity_min": 1
          }
        },
        "ref_segment_index": 2346,
        "ref_segment_t": 0.71613,
        "grp_keep": "",
        "grp_cut": "",
        "grp_opening": "",
        "grp_go": "",
        "flg_caution": false,
        "flg_brake": false,
        "flg_finish": false,
        "flg_narrows": false,
        "flg_tightens": false,
        "flg_tightens_late": false,
        "flg_late": false,
        "flg_sudden": false,
        "flg_linked_to_next": false,
        "turn_sides": "left",
        "flg_turn_left": true,
        "flg_turn_right": false,
        "turn_severity_min": 1,
        "turn_severity_max": 1
      }
    },
    {
      "type": "Feature",
      "geometry": {
        "type": "Point",
        "coordinates": [
          890.096,
          -1496.081
        ]
      },
      "properties": {
        "kind": "pacenote",
        "stage": "Peïra Cava - La Bollène-Vésubie",
        "reference_track": "col_de_turini",
        "note_index": 271,
        "distance_m": 17051.0,
        "distance_lookup_m": 16881.746,
        "link_to_next": true,
        "notes": [
          "And",
          "Right3"
        ],
        "notes_text": "And, Right3",
        "atoms": [
          {
            "kind": "connector",
            "source": "And",
            "name": "and"
          },
          {
            "kind": "turn",
            "source": "Right3",
            "side": "right",
            "severity": 3
          }
        ],
        "flags": {
          "groups": {
            "keep": null,
            "cut": null,
            "opening": null,
            "go": null
          },
          "bools": {
            "caution": false,
            "brake": false,
            "finish": false,
            "narrows": false,
            "tightens": false,
            "tightens_late": false,
            "late": false,
            "sudden": false
          },
          "linked_to_next": true,
          "turn": {
            "sides": [
              "right"
            ],
            "severity_max": 3,
            "severity_min": 3
          }
        },
        "ref_segment_index": 2350,
        "ref_segment_t": 0.83091,
        "grp_keep": "",
        "grp_cut": "",
        "grp_opening": "",
        "grp_go": "",
        "flg_caution": false,
        "flg_brake": false,
        "flg_finish": false,
        "flg_narrows": false,
        "flg_tightens": false,
        "flg_tightens_late": false,
        "flg_late": false,
        "flg_sudden": false,
        "flg_linked_to_next": true,
        "turn_sides": "right",
        "flg_turn_left": false,
        "flg_turn_right": true,
        "turn_severity_min": 3,
        "turn_severity_max": 3
      }
    },
    {
      "type": "Feature",
      "geometry": {
        "type": "Point",
        "coordinates": [
          867.39,
          -1505.673
        ]
      },
      "properties": {
        "kind": "pacenote",
        "stage": "Peïra Cava - La Bollène-Vésubie",
        "reference_track": "col_de_turini",
        "note_index": 272,
        "distance_m": 17076.0,
        "distance_lookup_m": 16906.746,
        "link_to_next": true,
        "notes": [
          "Into",
          "Left3"
        ],
        "notes_text": "Into, Left3",
        "atoms": [
          {
            "kind": "connector",
            "source": "Into",
            "name": "into"
          },
          {
            "kind": "turn",
            "source": "Left3",
            "side": "left",
            "severity": 3
          }
        ],
        "flags": {
          "groups": {
            "keep": null,
            "cut": null,
            "opening": null,
            "go": null
          },
          "bools": {
            "caution": false,
            "brake": false,
            "finish": false,
            "narrows": false,
            "tightens": false,
            "tightens_late": false,
            "late": false,
            "sudden": false
          },
          "linked_to_next": true,
          "turn": {
            "sides": [
              "left"
            ],
            "severity_max": 3,
            "severity_min": 3
          }
        },
        "ref_segment_index": 2352,
        "ref_segment_t": 0.982004,
        "grp_keep": "",
        "grp_cut": "",
        "grp_opening": "",
        "grp_go": "",
        "flg_caution": false,
        "flg_brake": false,
        "flg_finish": false,
        "flg_narrows": false,
        "flg_tightens": false,
        "flg_tightens_late": false,
        "flg_late": false,
        "flg_sudden": false,
        "flg_linked_to_next": true,
        "turn_sides": "left",
        "flg_turn_left": true,
        "flg_turn_right": false,
        "turn_severity_min": 3,
        "turn_severity_max": 3
      }
    },
    {
      "type": "Feature",
      "geometry": {
        "type": "Point",
        "coordinates": [
          846.096,
          -1511.047
        ]
      },
      "properties": {
        "kind": "pacenote",
        "stage": "Peïra Cava - La Bollène-Vésubie",
        "reference_track": "col_de_turini",
        "note_index": 273,
        "distance_m": 17098.0,
        "distance_lookup_m": 16928.746,
        "link_to_next": false,
        "notes": [
          "And",
          "Right3"
        ],
        "notes_text": "And, Right3",
        "atoms": [
          {
            "kind": "connector",
            "source": "And",
            "name": "and"
          },
          {
            "kind": "turn",
            "source": "Right3",
            "side": "right",
            "severity": 3
          }
        ],
        "flags": {
          "groups": {
            "keep": null,
            "cut": null,
            "opening": null,
            "go": null
          },
          "bools": {
            "caution": false,
            "brake": false,
            "finish": false,
            "narrows": false,
            "tightens": false,
            "tightens_late": false,
            "late": false,
            "sudden": false
          },
          "linked_to_next": false,
          "turn": {
            "sides": [
              "right"
            ],
            "severity_max": 3,
            "severity_min": 3
          }
        },
        "ref_segment_index": 2354,
        "ref_segment_t": 0.882632,
        "grp_keep": "",
        "grp_cut": "",
        "grp_opening": "",
        "grp_go": "",
        "flg_caution": false,
        "flg_brake": false,
        "flg_finish": false,
        "flg_narrows": false,
        "flg_tightens": false,
        "flg_tightens_late": false,
        "flg_late": false,
        "flg_sudden": false,
        "flg_linked_to_next": false,
        "turn_sides": "right",
        "flg_turn_left": false,
        "flg_turn_right": true,
        "turn_severity_min": 3,
        "turn_severity_max": 3
      }
    },
    {
      "type": "Feature",
      "geometry": {
        "type": "Point",
        "coordinates": [
          806.705,
          -1518.04
        ]
      },
      "properties": {
        "kind": "pacenote",
        "stage": "Peïra Cava - La Bollène-Vésubie",
        "reference_track": "col_de_turini",
        "note_index": 274,
        "distance_m": 17138.0,
        "distance_lookup_m": 16968.746,
        "link_to_next": false,
        "notes": [
          "Pause0.1s_Reset",
          "And",
          "Left3"
        ],
        "notes_text": "Pause0.1s_Reset, And, Left3",
        "atoms": [
          {
            "kind": "pause",
            "source": "Pause0.1s_Reset",
            "seconds": 0.1,
            "reset": true
          },
          {
            "kind": "connector",
            "source": "And",
            "name": "and"
          },
          {
            "kind": "turn",
            "source": "Left3",
            "side": "left",
            "severity": 3
          }
        ],
        "flags": {
          "groups": {
            "keep": null,
            "cut": null,
            "opening": null,
            "go": null
          },
          "bools": {
            "caution": false,
            "brake": false,
            "finish": false,
            "narrows": false,
            "tightens": false,
            "tightens_late": false,
            "late": false,
            "sudden": false
          },
          "linked_to_next": false,
          "turn": {
            "sides": [
              "left"
            ],
            "severity_max": 3,
            "severity_min": 3
          },
          "pause_seconds": [
            0.1
          ]
        },
        "ref_segment_index": 2359,
        "ref_segment_t": 0.160895,
        "grp_keep": "",
        "grp_cut": "",
        "grp_opening": "",
        "grp_go": "",
        "flg_caution": false,
        "flg_brake": false,
        "flg_finish": false,
        "flg_narrows": false,
        "flg_tightens": false,
        "flg_tightens_late": false,
        "flg_late": false,
        "flg_sudden": false,
        "flg_linked_to_next": false,
        "turn_sides": "left",
        "flg_turn_left": true,
        "flg_turn_right": false,
        "turn_severity_min": 3,
        "turn_severity_max": 3,
        "pause_seconds": "0.1"
      }
    },
    {
      "type": "Feature",
      "geometry": {
        "type": "Point",
        "coordinates": [
          774.26,
          -1536.017
        ]
      },
      "properties": {
        "kind": "pacenote",
        "stage": "Peïra Cava - La Bollène-Vésubie",
        "reference_track": "col_de_turini",
        "note_index": 275,
        "distance_m": 17176.0,
        "distance_lookup_m": 17006.746,
        "link_to_next": true,
        "notes": [
          "And",
          "Left4"
        ],
        "notes_text": "And, Left4",
        "atoms": [
          {
            "kind": "connector",
            "source": "And",
            "name": "and"
          },
          {
            "kind": "turn",
            "source": "Left4",
            "side": "left",
            "severity": 4
          }
        ],
        "flags": {
          "groups": {
            "keep": null,
            "cut": null,
            "opening": null,
            "go": null
          },
          "bools": {
            "caution": false,
            "brake": false,
            "finish": false,
            "narrows": false,
            "tightens": false,
            "tightens_late": false,
            "late": false,
            "sudden": false
          },
          "linked_to_next": true,
          "turn": {
            "sides": [
              "left"
            ],
            "severity_max": 4,
            "severity_min": 4
          }
        },
        "ref_segment_index": 2366,
        "ref_segment_t": 0.207692,
        "grp_keep": "",
        "grp_cut": "",
        "grp_opening": "",
        "grp_go": "",
        "flg_caution": false,
        "flg_brake": false,
        "flg_finish": false,
        "flg_narrows": false,
        "flg_tightens": false,
        "flg_tightens_late": false,
        "flg_late": false,
        "flg_sudden": false,
        "flg_linked_to_next": true,
        "turn_sides": "left",
        "flg_turn_left": true,
        "flg_turn_right": false,
        "turn_severity_min": 4,
        "turn_severity_max": 4
      }
    },
    {
      "type": "Feature",
      "geometry": {
        "type": "Point",
        "coordinates": [
          791.974,
          -1569.066
        ]
      },
      "properties": {
        "kind": "pacenote",
        "stage": "Peïra Cava - La Bollène-Vésubie",
        "reference_track": "col_de_turini",
        "note_index": 276,
        "distance_m": 17213.0,
        "distance_lookup_m": 17043.746,
        "link_to_next": false,
        "notes": [
          "And",
          "Right5"
        ],
        "notes_text": "And, Right5",
        "atoms": [
          {
            "kind": "connector",
            "source": "And",
            "name": "and"
          },
          {
            "kind": "turn",
            "source": "Right5",
            "side": "right",
            "severity": 5
          }
        ],
        "flags": {
          "groups": {
            "keep": null,
            "cut": null,
            "opening": null,
            "go": null
          },
          "bools": {
            "caution": false,
            "brake": false,
            "finish": false,
            "narrows": false,
            "tightens": false,
            "tightens_late": false,
            "late": false,
            "sudden": false
          },
          "linked_to_next": false,
          "turn": {
            "sides": [
              "right"
            ],
            "severity_max": 5,
            "severity_min": 5
          }
        },
        "ref_segment_index": 2373,
        "ref_segment_t": 0.435309,
        "grp_keep": "",
        "grp_cut": "",
        "grp_opening": "",
        "grp_go": "",
        "flg_caution": false,
        "flg_brake": false,
        "flg_finish": false,
        "flg_narrows": false,
        "flg_tightens": false,
        "flg_tightens_late": false,
        "flg_late": false,
        "flg_sudden": false,
        "flg_linked_to_next": false,
        "turn_sides": "right",
        "flg_turn_left": false,
        "flg_turn_right": true,
        "turn_severity_min": 5,
        "turn_severity_max": 5
      }
    },
    {
      "type": "Feature",
      "geometry": {
        "type": "Point",
        "coordinates": [
          843.179,
          -1615.851
        ]
      },
      "properties": {
        "kind": "pacenote",
        "stage": "Peïra Cava - La Bollène-Vésubie",
        "reference_track": "col_de_turini",
        "note_index": 277,
        "distance_m": 17283.0,
        "distance_lookup_m": 17113.746,
        "link_to_next": false,
        "notes": [
          "Brake",
          "Right2",
          "Opens"
        ],
        "notes_text": "Brake, Right2, Opens",
        "atoms": [
          {
            "kind": "hazard",
            "source": "Brake",
            "name": "brake"
          },
          {
            "kind": "turn",
            "source": "Right2",
            "side": "right",
            "severity": 2
          },
          {
            "kind": "opening",
            "source": "Opens",
            "name": "opens"
          }
        ],
        "flags": {
          "groups": {
            "keep": null,
            "cut": null,
            "opening": "opens",
            "go": null
          },
          "bools": {
            "caution": false,
            "brake": true,
            "finish": false,
            "narrows": false,
            "tightens": false,
            "tightens_late": false,
            "late": false,
            "sudden": false
          },
          "linked_to_next": false,
          "turn": {
            "sides": [
              "right"
            ],
            "severity_max": 2,
            "severity_min": 2
          }
        },
        "ref_segment_index": 2381,
        "ref_segment_t": 0.854478,
        "grp_keep": "",
        "grp_cut": "",
        "grp_opening": "opens",
        "grp_go": "",
        "flg_caution": false,
        "flg_brake": true,
        "flg_finish": false,
        "flg_narrows": false,
        "flg_tightens": false,
        "flg_tightens_late": false,
        "flg_late": false,
        "flg_sudden": false,
        "flg_linked_to_next": false,
        "turn_sides": "right",
        "flg_turn_left": false,
        "flg_turn_right": true,
        "turn_severity_min": 2,
        "turn_severity_max": 2
      }
    },
    {
      "type": "Feature",
      "geometry": {
        "type": "Point",
        "coordinates": [
          875.32,
          -1664.99
        ]
      },
      "properties": {
        "kind": "pacenote",
        "stage": "Peïra Cava - La Bollène-Vésubie",
        "reference_track": "col_de_turini",
        "note_index": 278,
        "distance_m": 17343.0,
        "distance_lookup_m": 17173.746,
        "link_to_next": false,
        "notes": [
          "Left2",
          "Long",
          "OpensLate"
        ],
        "notes_text": "Left2, Long, OpensLate",
        "atoms": [
          {
            "kind": "turn",
            "source": "Left2",
            "side": "left",
            "severity": 2
          },
          {
            "kind": "length",
            "source": "Long",
            "name": "long"
          },
          {
            "kind": "opening",
            "source": "OpensLate",
            "name": "opens_late"
          }
        ],
        "flags": {
          "groups": {
            "keep": null,
            "cut": null,
            "opening": "opens_late",
            "go": null
          },
          "bools": {
            "caution": false,
            "brake": false,
            "finish": false,
            "narrows": false,
            "tightens": false,
            "tightens_late": false,
            "late": false,
            "sudden": false
          },
          "linked_to_next": false,
          "turn": {
            "sides": [
              "left"
            ],
            "severity_max": 2,
            "severity_min": 2
          }
        },
        "ref_segment_index": 2387,
        "ref_segment_t": 0.833967,
        "grp_keep": "",
        "grp_cut": "",
        "grp_opening": "opens_late",
        "grp_go": "",
        "flg_caution": false,
        "flg_brake": false,
        "flg_finish": false,
        "flg_narrows": false,
        "flg_tightens": false,
        "flg_tightens_late": false,
        "flg_late": false,
        "flg_sudden": false,
        "flg_linked_to_next": false,
        "turn_sides": "left",
        "flg_turn_left": true,
        "flg_turn_right": false,
        "turn_severity_min": 2,
        "turn_severity_max": 2
      }
    },
    {
      "type": "Feature",
      "geometry": {
        "type": "Point",
        "coordinates": [
          902.955,
          -1752.697
        ]
      },
      "properties": {
        "kind": "pacenote",
        "stage": "Peïra Cava - La Bollène-Vésubie",
        "reference_track": "col_de_turini",
        "note_index": 279,
        "distance_m": 17435.0,
        "distance_lookup_m": 17265.746,
        "link_to_next": true,
        "notes": [
          "And",
          "Right4",
          "Narrows"
        ],
        "notes_text": "And, Right4, Narrows",
        "atoms": [
          {
            "kind": "connector",
            "source": "And",
            "name": "and"
          },
          {
            "kind": "turn",
            "source": "Right4",
            "side": "right",
            "severity": 4
          },
          {
            "kind": "modifier",
            "source": "Narrows",
            "name": "narrows"
          }
        ],
        "flags": {
          "groups": {
            "keep": null,
            "cut": null,
            "opening": null,
            "go": null
          },
          "bools": {
            "caution": false,
            "brake": false,
            "finish": false,
            "narrows": true,
            "tightens": false,
            "tightens_late": false,
            "late": false,
            "sudden": false
          },
          "linked_to_next": true,
          "turn": {
            "sides": [
              "right"
            ],
            "severity_max": 4,
            "severity_min": 4
          }
        },
        "ref_segment_index": 2395,
        "ref_segment_t": 0.64255,
        "grp_keep": "",
        "grp_cut": "",
        "grp_opening": "",
        "grp_go": "",
        "flg_caution": false,
        "flg_brake": false,
        "flg_finish": false,
        "flg_narrows": true,
        "flg_tightens": false,
        "flg_tightens_late": false,
        "flg_late": false,
        "flg_sudden": false,
        "flg_linked_to_next": true,
        "turn_sides": "right",
        "flg_turn_left": false,
        "flg_turn_right": true,
        "turn_severity_min": 4,
        "turn_severity_max": 4
      }
    },
    {
      "type": "Feature",
      "geometry": {
        "type": "Point",
        "coordinates": [
          909.185,
          -1785.17
        ]
      },
      "properties": {
        "kind": "pacenote",
        "stage": "Peïra Cava - La Bollène-Vésubie",
        "reference_track": "col_de_turini",
        "note_index": 280,
        "distance_m": 17468.0,
        "distance_lookup_m": 17298.746,
        "link_to_next": false,
        "notes": [
          "Dist70"
        ],
        "notes_text": "Dist70",
        "atoms": [
          {
            "kind": "distance",
            "source": "Dist70",
            "meters": 70
          }
        ],
        "flags": {
          "groups": {
            "keep": null,
            "cut": null,
            "opening": null,
            "go": null
          },
          "bools": {
            "caution": false,
            "brake": false,
            "finish": false,
            "narrows": false,
            "tightens": false,
            "tightens_late": false,
            "late": false,
            "sudden": false
          },
          "linked_to_next": false,
          "distance_calls_m": [
            70
          ]
        },
        "ref_segment_index": 2398,
        "ref_segment_t": 0.161224,
        "grp_keep": "",
        "grp_cut": "",
        "grp_opening": "",
        "grp_go": "",
        "flg_caution": false,
        "flg_brake": false,
        "flg_finish": false,
        "flg_narrows": false,
        "flg_tightens": false,
        "flg_tightens_late": false,
        "flg_late": false,
        "flg_sudden": false,
        "flg_linked_to_next": false,
        "turn_sides": "",
        "flg_turn_left": false,
        "flg_turn_right": false,
        "distance_calls_m": "70"
      }
    },
    {
      "type": "Feature",
      "geometry": {
        "type": "Point",
        "coordinates": [
          916.506,
          -1852.796
        ]
      },
      "properties": {
        "kind": "pacenote",
        "stage": "Peïra Cava - La Bollène-Vésubie",
        "reference_track": "col_de_turini",
        "note_index": 281,
        "distance_m": 17536.0,
        "distance_lookup_m": 17366.746,
        "link_to_next": true,
        "notes": [
          "Right2",
          "TightensLate"
        ],
        "notes_text": "Right2, TightensLate",
        "atoms": [
          {
            "kind": "turn",
            "source": "Right2",
            "side": "right",
            "severity": 2
          },
          {
            "kind": "modifier",
            "source": "TightensLate",
            "name": "tightens_late"
          }
        ],
        "flags": {
          "groups": {
            "keep": null,
            "cut": null,
            "opening": null,
            "go": null
          },
          "bools": {
            "caution": false,
            "brake": false,
            "finish": false,
            "narrows": false,
            "tightens": false,
            "tightens_late": true,
            "late": false,
            "sudden": false
          },
          "linked_to_next": true,
          "turn": {
            "sides": [
              "right"
            ],
            "severity_max": 2,
            "severity_min": 2
          }
        },
        "ref_segment_index": 2403,
        "ref_segment_t": 0.03633,
        "grp_keep": "",
        "grp_cut": "",
        "grp_opening": "",
        "grp_go": "",
        "flg_caution": false,
        "flg_brake": false,
        "flg_finish": false,
        "flg_narrows": false,
        "flg_tightens": false,
        "flg_tightens_late": true,
        "flg_late": false,
        "flg_sudden": false,
        "flg_linked_to_next": true,
        "turn_sides": "right",
        "flg_turn_left": false,
        "flg_turn_right": true,
        "turn_severity_min": 2,
        "turn_severity_max": 2
      }
    },
    {
      "type": "Feature",
      "geometry": {
        "type": "Point",
        "coordinates": [
          924.372,
          -1909.279
        ]
      },
      "properties": {
        "kind": "pacenote",
        "stage": "Peïra Cava - La Bollène-Vésubie",
        "reference_track": "col_de_turini",
        "note_index": 282,
        "distance_m": 17593.0,
        "distance_lookup_m": 17423.746,
        "link_to_next": false,
        "notes": [
          "Dist70"
        ],
        "notes_text": "Dist70",
        "atoms": [
          {
            "kind": "distance",
            "source": "Dist70",
            "meters": 70
          }
        ],
        "flags": {
          "groups": {
            "keep": null,
            "cut": null,
            "opening": null,
            "go": null
          },
          "bools": {
            "caution": false,
            "brake": false,
            "finish": false,
            "narrows": false,
            "tightens": false,
            "tightens_late": false,
            "late": false,
            "sudden": false
          },
          "linked_to_next": false,
          "distance_calls_m": [
            70
          ]
        },
        "ref_segment_index": 2406,
        "ref_segment_t": 0.964126,
        "grp_keep": "",
        "grp_cut": "",
        "grp_opening": "",
        "grp_go": "",
        "flg_caution": false,
        "flg_brake": false,
        "flg_finish": false,
        "flg_narrows": false,
        "flg_tightens": false,
        "flg_tightens_late": false,
        "flg_late": false,
        "flg_sudden": false,
        "flg_linked_to_next": false,
        "turn_sides": "",
        "flg_turn_left": false,
        "flg_turn_right": false,
        "distance_calls_m": "70"
      }
    },
    {
      "type": "Feature",
      "geometry": {
        "type": "Point",
        "coordinates": [
          935.254,
          -1980.336
        ]
      },
      "properties": {
        "kind": "pacenote",
        "stage": "Peïra Cava - La Bollène-Vésubie",
        "reference_track": "col_de_turini",
        "note_index": 283,
        "distance_m": 17665.0,
        "distance_lookup_m": 17495.746,
        "link_to_next": false,
        "notes": [
          "Left4",
          "Long"
        ],
        "notes_text": "Left4, Long",
        "atoms": [
          {
            "kind": "turn",
            "source": "Left4",
            "side": "left",
            "severity": 4
          },
          {
            "kind": "length",
            "source": "Long",
            "name": "long"
          }
        ],
        "flags": {
          "groups": {
            "keep": null,
            "cut": null,
            "opening": null,
            "go": null
          },
          "bools": {
            "caution": false,
            "brake": false,
            "finish": false,
            "narrows": false,
            "tightens": false,
            "tightens_late": false,
            "late": false,
            "sudden": false
          },
          "linked_to_next": false,
          "turn": {
            "sides": [
              "left"
            ],
            "severity_max": 4,
            "severity_min": 4
          }
        },
        "ref_segment_index": 2411,
        "ref_segment_t": 0.670117,
        "grp_keep": "",
        "grp_cut": "",
        "grp_opening": "",
        "grp_go": "",
        "flg_caution": false,
        "flg_brake": false,
        "flg_finish": false,
        "flg_narrows": false,
        "flg_tightens": false,
        "flg_tightens_late": false,
        "flg_late": false,
        "flg_sudden": false,
        "flg_linked_to_next": false,
        "turn_sides": "left",
        "flg_turn_left": true,
        "flg_turn_right": false,
        "turn_severity_min": 4,
        "turn_severity_max": 4
      }
    },
    {
      "type": "Feature",
      "geometry": {
        "type": "Point",
        "coordinates": [
          940.875,
          -2055.832
        ]
      },
      "properties": {
        "kind": "pacenote",
        "stage": "Peïra Cava - La Bollène-Vésubie",
        "reference_track": "col_de_turini",
        "note_index": 284,
        "distance_m": 17741.0,
        "distance_lookup_m": 17571.746,
        "link_to_next": false,
        "notes": [
          "And",
          "Right4"
        ],
        "notes_text": "And, Right4",
        "atoms": [
          {
            "kind": "connector",
            "source": "And",
            "name": "and"
          },
          {
            "kind": "turn",
            "source": "Right4",
            "side": "right",
            "severity": 4
          }
        ],
        "flags": {
          "groups": {
            "keep": null,
            "cut": null,
            "opening": null,
            "go": null
          },
          "bools": {
            "caution": false,
            "brake": false,
            "finish": false,
            "narrows": false,
            "tightens": false,
            "tightens_late": false,
            "late": false,
            "sudden": false
          },
          "linked_to_next": false,
          "turn": {
            "sides": [
              "right"
            ],
            "severity_max": 4,
            "severity_min": 4
          }
        },
        "ref_segment_index": 2416,
        "ref_segment_t": 0.536595,
        "grp_keep": "",
        "grp_cut": "",
        "grp_opening": "",
        "grp_go": "",
        "flg_caution": false,
        "flg_brake": false,
        "flg_finish": false,
        "flg_narrows": false,
        "flg_tightens": false,
        "flg_tightens_late": false,
        "flg_late": false,
        "flg_sudden": false,
        "flg_linked_to_next": false,
        "turn_sides": "right",
        "flg_turn_left": false,
        "flg_turn_right": true,
        "turn_severity_min": 4,
        "turn_severity_max": 4
      }
    },
    {
      "type": "Feature",
      "geometry": {
        "type": "Point",
        "coordinates": [
          934.017,
          -2108.12
        ]
      },
      "properties": {
        "kind": "pacenote",
        "stage": "Peïra Cava - La Bollène-Vésubie",
        "reference_track": "col_de_turini",
        "note_index": 285,
        "distance_m": 17794.0,
        "distance_lookup_m": 17624.746,
        "link_to_next": true,
        "notes": [
          "Left5"
        ],
        "notes_text": "Left5",
        "atoms": [
          {
            "kind": "turn",
            "source": "Left5",
            "side": "left",
            "severity": 5
          }
        ],
        "flags": {
          "groups": {
            "keep": null,
            "cut": null,
            "opening": null,
            "go": null
          },
          "bools": {
            "caution": false,
            "brake": false,
            "finish": false,
            "narrows": false,
            "tightens": false,
            "tightens_late": false,
            "late": false,
            "sudden": false
          },
          "linked_to_next": true,
          "turn": {
            "sides": [
              "left"
            ],
            "severity_max": 5,
            "severity_min": 5
          }
        },
        "ref_segment_index": 2419,
        "ref_segment_t": 0.898616,
        "grp_keep": "",
        "grp_cut": "",
        "grp_opening": "",
        "grp_go": "",
        "flg_caution": false,
        "flg_brake": false,
        "flg_finish": false,
        "flg_narrows": false,
        "flg_tightens": false,
        "flg_tightens_late": false,
        "flg_late": false,
        "flg_sudden": false,
        "flg_linked_to_next": true,
        "turn_sides": "left",
        "flg_turn_left": true,
        "flg_turn_right": false,
        "turn_severity_min": 5,
        "turn_severity_max": 5
      }
    },
    {
      "type": "Feature",
      "geometry": {
        "type": "Point",
        "coordinates": [
          920.523,
          -2162.371
        ]
      },
      "properties": {
        "kind": "pacenote",
        "stage": "Peïra Cava - La Bollène-Vésubie",
        "reference_track": "col_de_turini",
        "note_index": 286,
        "distance_m": 17850.0,
        "distance_lookup_m": 17680.746,
        "link_to_next": true,
        "notes": [
          "And",
          "KinksStartingRight"
        ],
        "notes_text": "And, KinksStartingRight",
        "atoms": [
          {
            "kind": "connector",
            "source": "And",
            "name": "and"
          },
          {
            "kind": "feature",
            "source": "KinksStartingRight",
            "name": "kinks_starting_right"
          }
        ],
        "flags": {
          "groups": {
            "keep": null,
            "cut": null,
            "opening": null,
            "go": null
          },
          "bools": {
            "caution": false,
            "brake": false,
            "finish": false,
            "narrows": false,
            "tightens": false,
            "tightens_late": false,
            "late": false,
            "sudden": false
          },
          "linked_to_next": true
        },
        "ref_segment_index": 2423,
        "ref_segment_t": 0.367815,
        "grp_keep": "",
        "grp_cut": "",
        "grp_opening": "",
        "grp_go": "",
        "flg_caution": false,
        "flg_brake": false,
        "flg_finish": false,
        "flg_narrows": false,
        "flg_tightens": false,
        "flg_tightens_late": false,
        "flg_late": false,
        "flg_sudden": false,
        "flg_linked_to_next": true,
        "turn_sides": "",
        "flg_turn_left": false,
        "flg_turn_right": false
      }
    },
    {
      "type": "Feature",
      "geometry": {
        "type": "Point",
        "coordinates": [
          908.533,
          -2231.316
        ]
      },
      "properties": {
        "kind": "pacenote",
        "stage": "Peïra Cava - La Bollène-Vésubie",
        "reference_track": "col_de_turini",
        "note_index": 287,
        "distance_m": 17920.0,
        "distance_lookup_m": 17750.746,
        "link_to_next": false,
        "notes": [
          "Dist50"
        ],
        "notes_text": "Dist50",
        "atoms": [
          {
            "kind": "distance",
            "source": "Dist50",
            "meters": 50
          }
        ],
        "flags": {
          "groups": {
            "keep": null,
            "cut": null,
            "opening": null,
            "go": null
          },
          "bools": {
            "caution": false,
            "brake": false,
            "finish": false,
            "narrows": false,
            "tightens": false,
            "tightens_late": false,
            "late": false,
            "sudden": false
          },
          "linked_to_next": false,
          "distance_calls_m": [
            50
          ]
        },
        "ref_segment_index": 2427,
        "ref_segment_t": 0.596344,
        "grp_keep": "",
        "grp_cut": "",
        "grp_opening": "",
        "grp_go": "",
        "flg_caution": false,
        "flg_brake": false,
        "flg_finish": false,
        "flg_narrows": false,
        "flg_tightens": false,
        "flg_tightens_late": false,
        "flg_late": false,
        "flg_sudden": false,
        "flg_linked_to_next": false,
        "turn_sides": "",
        "flg_turn_left": false,
        "flg_turn_right": false,
        "distance_calls_m": "50"
      }
    },
    {
      "type": "Feature",
      "geometry": {
        "type": "Point",
        "coordinates": [
          902.739,
          -2280.948
        ]
      },
      "properties": {
        "kind": "pacenote",
        "stage": "Peïra Cava - La Bollène-Vésubie",
        "reference_track": "col_de_turini",
        "note_index": 288,
        "distance_m": 17970.0,
        "distance_lookup_m": 17800.746,
        "link_to_next": true,
        "notes": [
          "Right5"
        ],
        "notes_text": "Right5",
        "atoms": [
          {
            "kind": "turn",
            "source": "Right5",
            "side": "right",
            "severity": 5
          }
        ],
        "flags": {
          "groups": {
            "keep": null,
            "cut": null,
            "opening": null,
            "go": null
          },
          "bools": {
            "caution": false,
            "brake": false,
            "finish": false,
            "narrows": false,
            "tightens": false,
            "tightens_late": false,
            "late": false,
            "sudden": false
          },
          "linked_to_next": true,
          "turn": {
            "sides": [
              "right"
            ],
            "severity_max": 5,
            "severity_min": 5
          }
        },
        "ref_segment_index": 2430,
        "ref_segment_t": 0.71422,
        "grp_keep": "",
        "grp_cut": "",
        "grp_opening": "",
        "grp_go": "",
        "flg_caution": false,
        "flg_brake": false,
        "flg_finish": false,
        "flg_narrows": false,
        "flg_tightens": false,
        "flg_tightens_late": false,
        "flg_late": false,
        "flg_sudden": false,
        "flg_linked_to_next": true,
        "turn_sides": "right",
        "flg_turn_left": false,
        "flg_turn_right": true,
        "turn_severity_min": 5,
        "turn_severity_max": 5
      }
    },
    {
      "type": "Feature",
      "geometry": {
        "type": "Point",
        "coordinates": [
          899.055,
          -2316.677
        ]
      },
      "properties": {
        "kind": "pacenote",
        "stage": "Peïra Cava - La Bollène-Vésubie",
        "reference_track": "col_de_turini",
        "note_index": 289,
        "distance_m": 18006.0,
        "distance_lookup_m": 17836.746,
        "link_to_next": false,
        "notes": [
          "Dist40"
        ],
        "notes_text": "Dist40",
        "atoms": [
          {
            "kind": "distance",
            "source": "Dist40",
            "meters": 40
          }
        ],
        "flags": {
          "groups": {
            "keep": null,
            "cut": null,
            "opening": null,
            "go": null
          },
          "bools": {
            "caution": false,
            "brake": false,
            "finish": false,
            "narrows": false,
            "tightens": false,
            "tightens_late": false,
            "late": false,
            "sudden": false
          },
          "linked_to_next": false,
          "distance_calls_m": [
            40
          ]
        },
        "ref_segment_index": 2433,
        "ref_segment_t": 0.181818,
        "grp_keep": "",
        "grp_cut": "",
        "grp_opening": "",
        "grp_go": "",
        "flg_caution": false,
        "flg_brake": false,
        "flg_finish": false,
        "flg_narrows": false,
        "flg_tightens": false,
        "flg_tightens_late": false,
        "flg_late": false,
        "flg_sudden": false,
        "flg_linked_to_next": false,
        "turn_sides": "",
        "flg_turn_left": false,
        "flg_turn_right": false,
        "distance_calls_m": "40"
      }
    },
    {
      "type": "Feature",
      "geometry": {
        "type": "Point",
        "coordinates": [
          899.621,
          -2362.57
        ]
      },
      "properties": {
        "kind": "pacenote",
        "stage": "Peïra Cava - La Bollène-Vésubie",
        "reference_track": "col_de_turini",
        "note_index": 290,
        "distance_m": 18052.0,
        "distance_lookup_m": 17882.746,
        "link_to_next": false,
        "notes": [
          "Caution",
          "Left4",
          "Brake"
        ],
        "notes_text": "Caution, Left4, Brake",
        "atoms": [
          {
            "kind": "hazard",
            "source": "Caution",
            "name": "caution"
          },
          {
            "kind": "turn",
            "source": "Left4",
            "side": "left",
            "severity": 4
          },
          {
            "kind": "hazard",
            "source": "Brake",
            "name": "brake"
          }
        ],
        "flags": {
          "groups": {
            "keep": null,
            "cut": null,
            "opening": null,
            "go": null
          },
          "bools": {
            "caution": true,
            "brake": true,
            "finish": false,
            "narrows": false,
            "tightens": false,
            "tightens_late": false,
            "late": false,
            "sudden": false
          },
          "linked_to_next": false,
          "turn": {
            "sides": [
              "left"
            ],
            "severity_max": 4,
            "severity_min": 4
          }
        },
        "ref_segment_index": 2436,
        "ref_segment_t": 0.472933,
        "grp_keep": "",
        "grp_cut": "",
        "grp_opening": "",
        "grp_go": "",
        "flg_caution": true,
        "flg_brake": true,
        "flg_finish": false,
        "flg_narrows": false,
        "flg_tightens": false,
        "flg_tightens_late": false,
        "flg_late": false,
        "flg_sudden": false,
        "flg_linked_to_next": false,
        "turn_sides": "left",
        "flg_turn_left": true,
        "flg_turn_right": false,
        "turn_severity_min": 4,
        "turn_severity_max": 4
      }
    },
    {
      "type": "Feature",
      "geometry": {
        "type": "Point",
        "coordinates": [
          911.34,
          -2418.756
        ]
      },
      "properties": {
        "kind": "pacenote",
        "stage": "Peïra Cava - La Bollène-Vésubie",
        "reference_track": "col_de_turini",
        "note_index": 291,
        "distance_m": 18110.0,
        "distance_lookup_m": 17940.746,
        "link_to_next": false,
        "notes": [
          "Into",
          "Left2"
        ],
        "notes_text": "Into, Left2",
        "atoms": [
          {
            "kind": "connector",
            "source": "Into",
            "name": "into"
          },
          {
            "kind": "turn",
            "source": "Left2",
            "side": "left",
            "severity": 2
          }
        ],
        "flags": {
          "groups": {
            "keep": null,
            "cut": null,
            "opening": null,
            "go": null
          },
          "bools": {
            "caution": false,
            "brake": false,
            "finish": false,
            "narrows": false,
            "tightens": false,
            "tightens_late": false,
            "late": false,
            "sudden": false
          },
          "linked_to_next": false,
          "turn": {
            "sides": [
              "left"
            ],
            "severity_max": 2,
            "severity_min": 2
          }
        },
        "ref_segment_index": 2441,
        "ref_segment_t": 0.329659,
        "grp_keep": "",
        "grp_cut": "",
        "grp_opening": "",
        "grp_go": "",
        "flg_caution": false,
        "flg_brake": false,
        "flg_finish": false,
        "flg_narrows": false,
        "flg_tightens": false,
        "flg_tightens_late": false,
        "flg_late": false,
        "flg_sudden": false,
        "flg_linked_to_next": false,
        "turn_sides": "left",
        "flg_turn_left": true,
        "flg_turn_right": false,
        "turn_severity_min": 2,
        "turn_severity_max": 2
      }
    },
    {
      "type": "Feature",
      "geometry": {
        "type": "Point",
        "coordinates": [
          948.515,
          -2486.183
        ]
      },
      "properties": {
        "kind": "pacenote",
        "stage": "Peïra Cava - La Bollène-Vésubie",
        "reference_track": "col_de_turini",
        "note_index": 292,
        "distance_m": 18188.0,
        "distance_lookup_m": 18018.746,
        "link_to_next": true,
        "notes": [
          "And",
          "Right4",
          "Long",
          "Tighten2",
          "Late"
        ],
        "notes_text": "And, Right4, Long, Tighten2, Late",
        "atoms": [
          {
            "kind": "connector",
            "source": "And",
            "name": "and"
          },
          {
            "kind": "turn",
            "source": "Right4",
            "side": "right",
            "severity": 4
          },
          {
            "kind": "length",
            "source": "Long",
            "name": "long"
          },
          {
            "kind": "modifier",
            "source": "Tighten2",
            "name": "tighten",
            "level": 2
          },
          {
            "kind": "modifier",
            "source": "Late",
            "name": "late"
          }
        ],
        "flags": {
          "groups": {
            "keep": null,
            "cut": null,
            "opening": null,
            "go": null
          },
          "bools": {
            "caution": false,
            "brake": false,
            "finish": false,
            "narrows": false,
            "tightens": false,
            "tightens_late": false,
            "late": true,
            "sudden": false
          },
          "linked_to_next": true,
          "turn": {
            "sides": [
              "right"
            ],
            "severity_max": 4,
            "severity_min": 4
          }
        },
        "ref_segment_index": 2448,
        "ref_segment_t": 0.346225,
        "grp_keep": "",
        "grp_cut": "",
        "grp_opening": "",
        "grp_go": "",
        "flg_caution": false,
        "flg_brake": false,
        "flg_finish": false,
        "flg_narrows": false,
        "flg_tightens": false,
        "flg_tightens_late": false,
        "flg_late": true,
        "flg_sudden": false,
        "flg_linked_to_next": true,
        "turn_sides": "right",
        "flg_turn_left": false,
        "flg_turn_right": true,
        "turn_severity_min": 4,
        "turn_severity_max": 4
      }
    },
    {
      "type": "Feature",
      "geometry": {
        "type": "Point",
        "coordinates": [
          968.073,
          -2595.321
        ]
      },
      "properties": {
        "kind": "pacenote",
        "stage": "Peïra Cava - La Bollène-Vésubie",
        "reference_track": "col_de_turini",
        "note_index": 293,
        "distance_m": 18300.0,
        "distance_lookup_m": 18130.746,
        "link_to_next": false,
        "notes": [
          "Dist40"
        ],
        "notes_text": "Dist40",
        "atoms": [
          {
            "kind": "distance",
            "source": "Dist40",
            "meters": 40
          }
        ],
        "flags": {
          "groups": {
            "keep": null,
            "cut": null,
            "opening": null,
            "go": null
          },
          "bools": {
            "caution": false,
            "brake": false,
            "finish": false,
            "narrows": false,
            "tightens": false,
            "tightens_late": false,
            "late": false,
            "sudden": false
          },
          "linked_to_next": false,
          "distance_calls_m": [
            40
          ]
        },
        "ref_segment_index": 2458,
        "ref_segment_t": 0.957958,
        "grp_keep": "",
        "grp_cut": "",
        "grp_opening": "",
        "grp_go": "",
        "flg_caution": false,
        "flg_brake": false,
        "flg_finish": false,
        "flg_narrows": false,
        "flg_tightens": false,
        "flg_tightens_late": false,
        "flg_late": false,
        "flg_sudden": false,
        "flg_linked_to_next": false,
        "turn_sides": "",
        "flg_turn_left": false,
        "flg_turn_right": false,
        "distance_calls_m": "40"
      }
    },
    {
      "type": "Feature",
      "geometry": {
        "type": "Point",
        "coordinates": [
          959.24,
          -2634.886
        ]
      },
      "properties": {
        "kind": "pacenote",
        "stage": "Peïra Cava - La Bollène-Vésubie",
        "reference_track": "col_de_turini",
        "note_index": 294,
        "distance_m": 18341.0,
        "distance_lookup_m": 18171.746,
        "link_to_next": false,
        "notes": [
          "Left3",
          "Brake"
        ],
        "notes_text": "Left3, Brake",
        "atoms": [
          {
            "kind": "turn",
            "source": "Left3",
            "side": "left",
            "severity": 3
          },
          {
            "kind": "hazard",
            "source": "Brake",
            "name": "brake"
          }
        ],
        "flags": {
          "groups": {
            "keep": null,
            "cut": null,
            "opening": null,
            "go": null
          },
          "bools": {
            "caution": false,
            "brake": true,
            "finish": false,
            "narrows": false,
            "tightens": false,
            "tightens_late": false,
            "late": false,
            "sudden": false
          },
          "linked_to_next": false,
          "turn": {
            "sides": [
              "left"
            ],
            "severity_max": 3,
            "severity_min": 3
          }
        },
        "ref_segment_index": 2463,
        "ref_segment_t": 0.962759,
        "grp_keep": "",
        "grp_cut": "",
        "grp_opening": "",
        "grp_go": "",
        "flg_caution": false,
        "flg_brake": true,
        "flg_finish": false,
        "flg_narrows": false,
        "flg_tightens": false,
        "flg_tightens_late": false,
        "flg_late": false,
        "flg_sudden": false,
        "flg_linked_to_next": false,
        "turn_sides": "left",
        "flg_turn_left": true,
        "flg_turn_right": false,
        "turn_severity_min": 3,
        "turn_severity_max": 3
      }
    },
    {
      "type": "Feature",
      "geometry": {
        "type": "Point",
        "coordinates": [
          935.54,
          -2679.858
        ]
      },
      "properties": {
        "kind": "pacenote",
        "stage": "Peïra Cava - La Bollène-Vésubie",
        "reference_track": "col_de_turini",
        "note_index": 295,
        "distance_m": 18392.0,
        "distance_lookup_m": 18222.746,
        "link_to_next": false,
        "notes": [
          "Into",
          "LeftHP"
        ],
        "notes_text": "Into, LeftHP",
        "atoms": [
          {
            "kind": "connector",
            "source": "Into",
            "name": "into"
          },
          {
            "kind": "turn",
            "source": "LeftHP",
            "side": "left",
            "style": "hp"
          }
        ],
        "flags": {
          "groups": {
            "keep": null,
            "cut": null,
            "opening": null,
            "go": null
          },
          "bools": {
            "caution": false,
            "brake": false,
            "finish": false,
            "narrows": false,
            "tightens": false,
            "tightens_late": false,
            "late": false,
            "sudden": false
          },
          "linked_to_next": false,
          "turn": {
            "sides": [
              "left"
            ]
          }
        },
        "ref_segment_index": 2470,
        "ref_segment_t": 0.961336,
        "grp_keep": "",
        "grp_cut": "",
        "grp_opening": "",
        "grp_go": "",
        "flg_caution": false,
        "flg_brake": false,
        "flg_finish": false,
        "flg_narrows": false,
        "flg_tightens": false,
        "flg_tightens_late": false,
        "flg_late": false,
        "flg_sudden": false,
        "flg_linked_to_next": false,
        "turn_sides": "left",
        "flg_turn_left": true,
        "flg_turn_right": false
      }
    },
    {
      "type": "Feature",
      "geometry": {
        "type": "Point",
        "coordinates": [
          919.558,
          -2735.439
        ]
      },
      "properties": {
        "kind": "pacenote",
        "stage": "Peïra Cava - La Bollène-Vésubie",
        "reference_track": "col_de_turini",
        "note_index": 296,
        "distance_m": 18450.0,
        "distance_lookup_m": 18280.746,
        "link_to_next": true,
        "notes": [
          "And",
          "Right2"
        ],
        "notes_text": "And, Right2",
        "atoms": [
          {
            "kind": "connector",
            "source": "And",
            "name": "and"
          },
          {
            "kind": "turn",
            "source": "Right2",
            "side": "right",
            "severity": 2
          }
        ],
        "flags": {
          "groups": {
            "keep": null,
            "cut": null,
            "opening": null,
            "go": null
          },
          "bools": {
            "caution": false,
            "brake": false,
            "finish": false,
            "narrows": false,
            "tightens": false,
            "tightens_late": false,
            "late": false,
            "sudden": false
          },
          "linked_to_next": true,
          "turn": {
            "sides": [
              "right"
            ],
            "severity_max": 2,
            "severity_min": 2
          }
        },
        "ref_segment_index": 2480,
        "ref_segment_t": 0.040243,
        "grp_keep": "",
        "grp_cut": "",
        "grp_opening": "",
        "grp_go": "",
        "flg_caution": false,
        "flg_brake": false,
        "flg_finish": false,
        "flg_narrows": false,
        "flg_tightens": false,
        "flg_tightens_late": false,
        "flg_late": false,
        "flg_sudden": false,
        "flg_linked_to_next": true,
        "turn_sides": "right",
        "flg_turn_left": false,
        "flg_turn_right": true,
        "turn_severity_min": 2,
        "turn_severity_max": 2
      }
    },
    {
      "type": "Feature",
      "geometry": {
        "type": "Point",
        "coordinates": [
          913.489,
          -2775.856
        ]
      },
      "properties": {
        "kind": "pacenote",
        "stage": "Peïra Cava - La Bollène-Vésubie",
        "reference_track": "col_de_turini",
        "note_index": 297,
        "distance_m": 18491.0,
        "distance_lookup_m": 18321.746,
        "link_to_next": false,
        "notes": [
          "Finish"
        ],
        "notes_text": "Finish",
        "atoms": [
          {
            "kind": "control",
            "source": "Finish",
            "name": "finish"
          }
        ],
        "flags": {
          "groups": {
            "keep": null,
            "cut": null,
            "opening": null,
            "go": null
          },
          "bools": {
            "caution": false,
            "brake": false,
            "finish": true,
            "narrows": false,
            "tightens": false,
            "tightens_late": false,
            "late": false,
            "sudden": false
          },
          "linked_to_next": false
        },
        "ref_segment_index": 2490,
        "ref_segment_t": 0.368137,
        "grp_keep": "",
        "grp_cut": "",
        "grp_opening": "",
        "grp_go": "",
        "flg_caution": false,
        "flg_brake": false,
        "flg_finish": true,
        "flg_narrows": false,
        "flg_tightens": false,
        "flg_tightens_late": false,
        "flg_late": false,
        "flg_sudden": false,
        "flg_linked_to_next": false,
        "turn_sides": "",
        "flg_turn_left": false,
        "flg_turn_right": false
      }
    },
    {
      "type": "Feature",
      "geometry": {
        "type": "Point",
        "coordinates": [
          912.565,
          -2785.439
        ]
      },
      "properties": {
        "kind": "pacenote",
        "stage": "Peïra Cava - La Bollène-Vésubie",
        "reference_track": "col_de_turini",
        "note_index": 298,
        "distance_m": 18545.0,
        "distance_lookup_m": 18375.746,
        "link_to_next": false,
        "notes": [
          "StopAtMarshals"
        ],
        "notes_text": "StopAtMarshals",
        "atoms": [
          {
            "kind": "control",
            "source": "StopAtMarshals",
            "name": "stop_at_marshals"
          }
        ],
        "flags": {
          "groups": {
            "keep": null,
            "cut": null,
            "opening": null,
            "go": null
          },
          "bools": {
            "caution": false,
            "brake": false,
            "finish": false,
            "narrows": false,
            "tightens": false,
            "tightens_late": false,
            "late": false,
            "sudden": false
          },
          "linked_to_next": false
        },
        "ref_segment_index": 2495,
        "ref_segment_t": 1.0,
        "grp_keep": "",
        "grp_cut": "",
        "grp_opening": "",
        "grp_go": "",
        "flg_caution": false,
        "flg_brake": false,
        "flg_finish": false,
        "flg_narrows": false,
        "flg_tightens": false,
        "flg_tightens_late": false,
        "flg_late": false,
        "flg_sudden": false,
        "flg_linked_to_next": false,
        "turn_sides": "",
        "flg_turn_left": false,
        "flg_turn_right": false
      }
    }
  ]
}
