{
  "type": "FeatureCollection",
  "name": "pacenotes:Sommet de Munster",
  "properties": {
    "source_yaml": "c:\\temp\\acc\\vendor\\PacenotePal\\pacenotes\\Sommet de Munster.yml",
    "reference_shp": "c:\\temp\\acc\\reference_tracks\\valee_de_munster.shp",
    "coordinate_space": "acc_world_zx",
    "swap_xz": true,
    "start_dist_m_offset": 11929.927,
    "subtract_start_dist": true,
    "reference_point_count": 1147,
    "reference_station_max_m": -1170.717,
    "pacenote_count": 62,
    "max_pacenote_distance_m": 10796.0,
    "notes_beyond_reference_end": 1,
    "gis_field_schema": {
      "group_fields": {
        "grp_keep": [
          "keep_in",
          "keep_left",
          "keep_middle",
          "keep_out",
          "keep_right"
        ],
        "grp_cut": [
          "cut",
          "dont_cut",
          "small_cut"
        ],
        "grp_opening": [
          "opens",
          "opens_late",
          "widens"
        ],
        "grp_go": [
          "go_left",
          "go_right",
          "go_straight"
        ]
      },
      "bool_fields": [
        "flg_caution",
        "flg_brake",
        "flg_finish",
        "flg_narrows",
        "flg_tightens",
        "flg_tightens_late",
        "flg_late",
        "flg_sudden",
        "flg_linked_to_next",
        "flg_turn_left",
        "flg_turn_right"
      ],
      "notes": {
        "grp_*": "Mutually exclusive categorical flags for QGIS/WebGIS dropdown filters.",
        "flg_*": "Independent boolean flags for checkbox filters and rule-based styling.",
        "turn_sides": "Comma-separated turn sides when a numbered/style turn is present.",
        "notes_text": "Original PacenotePal token sequence for map labels."
      }
    }
  },
  "features": [
    {
      "type": "Feature",
      "geometry": {
        "type": "Point",
        "coordinates": [
          1283.577,
          1131.464
        ]
      },
      "properties": {
        "kind": "pacenote",
        "stage": "Sommet de Munster",
        "reference_track": "valee_de_munster",
        "note_index": 0,
        "distance_m": 5176.0,
        "distance_lookup_m": -6753.927,
        "link_to_next": false,
        "notes": [
          "Dist80"
        ],
        "notes_text": "Dist80",
        "atoms": [
          {
            "kind": "distance",
            "source": "Dist80",
            "meters": 80
          }
        ],
        "flags": {
          "groups": {
            "keep": null,
            "cut": null,
            "opening": null,
            "go": null
          },
          "bools": {
            "caution": false,
            "brake": false,
            "finish": false,
            "narrows": false,
            "tightens": false,
            "tightens_late": false,
            "late": false,
            "sudden": false
          },
          "linked_to_next": false,
          "distance_calls_m": [
            80
          ]
        },
        "ref_segment_index": 0,
        "ref_segment_t": 0.0,
        "grp_keep": "",
        "grp_cut": "",
        "grp_opening": "",
        "grp_go": "",
        "flg_caution": false,
        "flg_brake": false,
        "flg_finish": false,
        "flg_narrows": false,
        "flg_tightens": false,
        "flg_tightens_late": false,
        "flg_late": false,
        "flg_sudden": false,
        "flg_linked_to_next": false,
        "turn_sides": "",
        "flg_turn_left": false,
        "flg_turn_right": false,
        "distance_calls_m": "80"
      }
    },
    {
      "type": "Feature",
      "geometry": {
        "type": "Point",
        "coordinates": [
          1283.577,
          1131.464
        ]
      },
      "properties": {
        "kind": "pacenote",
        "stage": "Sommet de Munster",
        "reference_track": "valee_de_munster",
        "note_index": 1,
        "distance_m": 5231.0,
        "distance_lookup_m": -6698.927,
        "link_to_next": false,
        "notes": [
          "OverCrest",
          "Into",
          "Right4",
          "Long",
          "Opens"
        ],
        "notes_text": "OverCrest, Into, Right4, Long, Opens",
        "atoms": [
          {
            "kind": "feature",
            "source": "OverCrest",
            "name": "over_crest"
          },
          {
            "kind": "connector",
            "source": "Into",
            "name": "into"
          },
          {
            "kind": "turn",
            "source": "Right4",
            "side": "right",
            "severity": 4
          },
          {
            "kind": "length",
            "source": "Long",
            "name": "long"
          },
          {
            "kind": "opening",
            "source": "Opens",
            "name": "opens"
          }
        ],
        "flags": {
          "groups": {
            "keep": null,
            "cut": null,
            "opening": "opens",
            "go": null
          },
          "bools": {
            "caution": false,
            "brake": false,
            "finish": false,
            "narrows": false,
            "tightens": false,
            "tightens_late": false,
            "late": false,
            "sudden": false
          },
          "linked_to_next": false,
          "turn": {
            "sides": [
              "right"
            ],
            "severity_max": 4,
            "severity_min": 4
          }
        },
        "ref_segment_index": 0,
        "ref_segment_t": 0.0,
        "grp_keep": "",
        "grp_cut": "",
        "grp_opening": "opens",
        "grp_go": "",
        "flg_caution": false,
        "flg_brake": false,
        "flg_finish": false,
        "flg_narrows": false,
        "flg_tightens": false,
        "flg_tightens_late": false,
        "flg_late": false,
        "flg_sudden": false,
        "flg_linked_to_next": false,
        "turn_sides": "right",
        "flg_turn_left": false,
        "flg_turn_right": true,
        "turn_severity_min": 4,
        "turn_severity_max": 4
      }
    },
    {
      "type": "Feature",
      "geometry": {
        "type": "Point",
        "coordinates": [
          1283.577,
          1131.464
        ]
      },
      "properties": {
        "kind": "pacenote",
        "stage": "Sommet de Munster",
        "reference_track": "valee_de_munster",
        "note_index": 2,
        "distance_m": 5358.0,
        "distance_lookup_m": -6571.927,
        "link_to_next": false,
        "notes": [
          "Dist60"
        ],
        "notes_text": "Dist60",
        "atoms": [
          {
            "kind": "distance",
            "source": "Dist60",
            "meters": 60
          }
        ],
        "flags": {
          "groups": {
            "keep": null,
            "cut": null,
            "opening": null,
            "go": null
          },
          "bools": {
            "caution": false,
            "brake": false,
            "finish": false,
            "narrows": false,
            "tightens": false,
            "tightens_late": false,
            "late": false,
            "sudden": false
          },
          "linked_to_next": false,
          "distance_calls_m": [
            60
          ]
        },
        "ref_segment_index": 0,
        "ref_segment_t": 0.0,
        "grp_keep": "",
        "grp_cut": "",
        "grp_opening": "",
        "grp_go": "",
        "flg_caution": false,
        "flg_brake": false,
        "flg_finish": false,
        "flg_narrows": false,
        "flg_tightens": false,
        "flg_tightens_late": false,
        "flg_late": false,
        "flg_sudden": false,
        "flg_linked_to_next": false,
        "turn_sides": "",
        "flg_turn_left": false,
        "flg_turn_right": false,
        "distance_calls_m": "60"
      }
    },
    {
      "type": "Feature",
      "geometry": {
        "type": "Point",
        "coordinates": [
          1283.577,
          1131.464
        ]
      },
      "properties": {
        "kind": "pacenote",
        "stage": "Sommet de Munster",
        "reference_track": "valee_de_munster",
        "note_index": 3,
        "distance_m": 5403.0,
        "distance_lookup_m": -6526.927,
        "link_to_next": true,
        "notes": [
          "Left3",
          "DontCut",
          "And"
        ],
        "notes_text": "Left3, DontCut, And",
        "atoms": [
          {
            "kind": "turn",
            "source": "Left3",
            "side": "left",
            "severity": 3
          },
          {
            "kind": "modifier",
            "source": "DontCut",
            "name": "dont_cut"
          },
          {
            "kind": "connector",
            "source": "And",
            "name": "and"
          }
        ],
        "flags": {
          "groups": {
            "keep": null,
            "cut": "dont_cut",
            "opening": null,
            "go": null
          },
          "bools": {
            "caution": false,
            "brake": false,
            "finish": false,
            "narrows": false,
            "tightens": false,
            "tightens_late": false,
            "late": false,
            "sudden": false
          },
          "linked_to_next": true,
          "turn": {
            "sides": [
              "left"
            ],
            "severity_max": 3,
            "severity_min": 3
          }
        },
        "ref_segment_index": 0,
        "ref_segment_t": 0.0,
        "grp_keep": "",
        "grp_cut": "dont_cut",
        "grp_opening": "",
        "grp_go": "",
        "flg_caution": false,
        "flg_brake": false,
        "flg_finish": false,
        "flg_narrows": false,
        "flg_tightens": false,
        "flg_tightens_late": false,
        "flg_late": false,
        "flg_sudden": false,
        "flg_linked_to_next": true,
        "turn_sides": "left",
        "flg_turn_left": true,
        "flg_turn_right": false,
        "turn_severity_min": 3,
        "turn_severity_max": 3
      }
    },
    {
      "type": "Feature",
      "geometry": {
        "type": "Point",
        "coordinates": [
          1283.577,
          1131.464
        ]
      },
      "properties": {
        "kind": "pacenote",
        "stage": "Sommet de Munster",
        "reference_track": "valee_de_munster",
        "note_index": 4,
        "distance_m": 5444.0,
        "distance_lookup_m": -6485.927,
        "link_to_next": false,
        "notes": [
          "Sudden",
          "Right4"
        ],
        "notes_text": "Sudden, Right4",
        "atoms": [
          {
            "kind": "modifier",
            "source": "Sudden",
            "name": "sudden"
          },
          {
            "kind": "turn",
            "source": "Right4",
            "side": "right",
            "severity": 4
          }
        ],
        "flags": {
          "groups": {
            "keep": null,
            "cut": null,
            "opening": null,
            "go": null
          },
          "bools": {
            "caution": false,
            "brake": false,
            "finish": false,
            "narrows": false,
            "tightens": false,
            "tightens_late": false,
            "late": false,
            "sudden": true
          },
          "linked_to_next": false,
          "turn": {
            "sides": [
              "right"
            ],
            "severity_max": 4,
            "severity_min": 4
          }
        },
        "ref_segment_index": 0,
        "ref_segment_t": 0.0,
        "grp_keep": "",
        "grp_cut": "",
        "grp_opening": "",
        "grp_go": "",
        "flg_caution": false,
        "flg_brake": false,
        "flg_finish": false,
        "flg_narrows": false,
        "flg_tightens": false,
        "flg_tightens_late": false,
        "flg_late": false,
        "flg_sudden": true,
        "flg_linked_to_next": false,
        "turn_sides": "right",
        "flg_turn_left": false,
        "flg_turn_right": true,
        "turn_severity_min": 4,
        "turn_severity_max": 4
      }
    },
    {
      "type": "Feature",
      "geometry": {
        "type": "Point",
        "coordinates": [
          1283.577,
          1131.464
        ]
      },
      "properties": {
        "kind": "pacenote",
        "stage": "Sommet de Munster",
        "reference_track": "valee_de_munster",
        "note_index": 5,
        "distance_m": 5506.0,
        "distance_lookup_m": -6423.927,
        "link_to_next": false,
        "notes": [
          "Dist70"
        ],
        "notes_text": "Dist70",
        "atoms": [
          {
            "kind": "distance",
            "source": "Dist70",
            "meters": 70
          }
        ],
        "flags": {
          "groups": {
            "keep": null,
            "cut": null,
            "opening": null,
            "go": null
          },
          "bools": {
            "caution": false,
            "brake": false,
            "finish": false,
            "narrows": false,
            "tightens": false,
            "tightens_late": false,
            "late": false,
            "sudden": false
          },
          "linked_to_next": false,
          "distance_calls_m": [
            70
          ]
        },
        "ref_segment_index": 0,
        "ref_segment_t": 0.0,
        "grp_keep": "",
        "grp_cut": "",
        "grp_opening": "",
        "grp_go": "",
        "flg_caution": false,
        "flg_brake": false,
        "flg_finish": false,
        "flg_narrows": false,
        "flg_tightens": false,
        "flg_tightens_late": false,
        "flg_late": false,
        "flg_sudden": false,
        "flg_linked_to_next": false,
        "turn_sides": "",
        "flg_turn_left": false,
        "flg_turn_right": false,
        "distance_calls_m": "70"
      }
    },
    {
      "type": "Feature",
      "geometry": {
        "type": "Point",
        "coordinates": [
          1283.577,
          1131.464
        ]
      },
      "properties": {
        "kind": "pacenote",
        "stage": "Sommet de Munster",
        "reference_track": "valee_de_munster",
        "note_index": 6,
        "distance_m": 5580.0,
        "distance_lookup_m": -6349.927,
        "link_to_next": true,
        "notes": [
          "Left5",
          "And"
        ],
        "notes_text": "Left5, And",
        "atoms": [
          {
            "kind": "turn",
            "source": "Left5",
            "side": "left",
            "severity": 5
          },
          {
            "kind": "connector",
            "source": "And",
            "name": "and"
          }
        ],
        "flags": {
          "groups": {
            "keep": null,
            "cut": null,
            "opening": null,
            "go": null
          },
          "bools": {
            "caution": false,
            "brake": false,
            "finish": false,
            "narrows": false,
            "tightens": false,
            "tightens_late": false,
            "late": false,
            "sudden": false
          },
          "linked_to_next": true,
          "turn": {
            "sides": [
              "left"
            ],
            "severity_max": 5,
            "severity_min": 5
          }
        },
        "ref_segment_index": 0,
        "ref_segment_t": 0.0,
        "grp_keep": "",
        "grp_cut": "",
        "grp_opening": "",
        "grp_go": "",
        "flg_caution": false,
        "flg_brake": false,
        "flg_finish": false,
        "flg_narrows": false,
        "flg_tightens": false,
        "flg_tightens_late": false,
        "flg_late": false,
        "flg_sudden": false,
        "flg_linked_to_next": true,
        "turn_sides": "left",
        "flg_turn_left": true,
        "flg_turn_right": false,
        "turn_severity_min": 5,
        "turn_severity_max": 5
      }
    },
    {
      "type": "Feature",
      "geometry": {
        "type": "Point",
        "coordinates": [
          1283.577,
          1131.464
        ]
      },
      "properties": {
        "kind": "pacenote",
        "stage": "Sommet de Munster",
        "reference_track": "valee_de_munster",
        "note_index": 7,
        "distance_m": 5661.0,
        "distance_lookup_m": -6268.927,
        "link_to_next": false,
        "notes": [
          "Right6"
        ],
        "notes_text": "Right6",
        "atoms": [
          {
            "kind": "turn",
            "source": "Right6",
            "side": "right",
            "severity": 6
          }
        ],
        "flags": {
          "groups": {
            "keep": null,
            "cut": null,
            "opening": null,
            "go": null
          },
          "bools": {
            "caution": false,
            "brake": false,
            "finish": false,
            "narrows": false,
            "tightens": false,
            "tightens_late": false,
            "late": false,
            "sudden": false
          },
          "linked_to_next": false,
          "turn": {
            "sides": [
              "right"
            ],
            "severity_max": 6,
            "severity_min": 6
          }
        },
        "ref_segment_index": 0,
        "ref_segment_t": 0.0,
        "grp_keep": "",
        "grp_cut": "",
        "grp_opening": "",
        "grp_go": "",
        "flg_caution": false,
        "flg_brake": false,
        "flg_finish": false,
        "flg_narrows": false,
        "flg_tightens": false,
        "flg_tightens_late": false,
        "flg_late": false,
        "flg_sudden": false,
        "flg_linked_to_next": false,
        "turn_sides": "right",
        "flg_turn_left": false,
        "flg_turn_right": true,
        "turn_severity_min": 6,
        "turn_severity_max": 6
      }
    },
    {
      "type": "Feature",
      "geometry": {
        "type": "Point",
        "coordinates": [
          1283.577,
          1131.464
        ]
      },
      "properties": {
        "kind": "pacenote",
        "stage": "Sommet de Munster",
        "reference_track": "valee_de_munster",
        "note_index": 8,
        "distance_m": 5727.0,
        "distance_lookup_m": -6202.927,
        "link_to_next": false,
        "notes": [
          "Dist200"
        ],
        "notes_text": "Dist200",
        "atoms": [
          {
            "kind": "distance",
            "source": "Dist200",
            "meters": 200
          }
        ],
        "flags": {
          "groups": {
            "keep": null,
            "cut": null,
            "opening": null,
            "go": null
          },
          "bools": {
            "caution": false,
            "brake": false,
            "finish": false,
            "narrows": false,
            "tightens": false,
            "tightens_late": false,
            "late": false,
            "sudden": false
          },
          "linked_to_next": false,
          "distance_calls_m": [
            200
          ]
        },
        "ref_segment_index": 0,
        "ref_segment_t": 0.0,
        "grp_keep": "",
        "grp_cut": "",
        "grp_opening": "",
        "grp_go": "",
        "flg_caution": false,
        "flg_brake": false,
        "flg_finish": false,
        "flg_narrows": false,
        "flg_tightens": false,
        "flg_tightens_late": false,
        "flg_late": false,
        "flg_sudden": false,
        "flg_linked_to_next": false,
        "turn_sides": "",
        "flg_turn_left": false,
        "flg_turn_right": false,
        "distance_calls_m": "200"
      }
    },
    {
      "type": "Feature",
      "geometry": {
        "type": "Point",
        "coordinates": [
          1283.577,
          1131.464
        ]
      },
      "properties": {
        "kind": "pacenote",
        "stage": "Sommet de Munster",
        "reference_track": "valee_de_munster",
        "note_index": 9,
        "distance_m": 5942.0,
        "distance_lookup_m": -5987.927,
        "link_to_next": true,
        "notes": [
          "Left6",
          "Pause0.1s",
          "And"
        ],
        "notes_text": "Left6, Pause0.1s, And",
        "atoms": [
          {
            "kind": "turn",
            "source": "Left6",
            "side": "left",
            "severity": 6
          },
          {
            "kind": "pause",
            "source": "Pause0.1s",
            "seconds": 0.1,
            "reset": false
          },
          {
            "kind": "connector",
            "source": "And",
            "name": "and"
          }
        ],
        "flags": {
          "groups": {
            "keep": null,
            "cut": null,
            "opening": null,
            "go": null
          },
          "bools": {
            "caution": false,
            "brake": false,
            "finish": false,
            "narrows": false,
            "tightens": false,
            "tightens_late": false,
            "late": false,
            "sudden": false
          },
          "linked_to_next": true,
          "turn": {
            "sides": [
              "left"
            ],
            "severity_max": 6,
            "severity_min": 6
          },
          "pause_seconds": [
            0.1
          ]
        },
        "ref_segment_index": 0,
        "ref_segment_t": 0.0,
        "grp_keep": "",
        "grp_cut": "",
        "grp_opening": "",
        "grp_go": "",
        "flg_caution": false,
        "flg_brake": false,
        "flg_finish": false,
        "flg_narrows": false,
        "flg_tightens": false,
        "flg_tightens_late": false,
        "flg_late": false,
        "flg_sudden": false,
        "flg_linked_to_next": true,
        "turn_sides": "left",
        "flg_turn_left": true,
        "flg_turn_right": false,
        "turn_severity_min": 6,
        "turn_severity_max": 6,
        "pause_seconds": "0.1"
      }
    },
    {
      "type": "Feature",
      "geometry": {
        "type": "Point",
        "coordinates": [
          1283.577,
          1131.464
        ]
      },
      "properties": {
        "kind": "pacenote",
        "stage": "Sommet de Munster",
        "reference_track": "valee_de_munster",
        "note_index": 10,
        "distance_m": 6051.0,
        "distance_lookup_m": -5878.927,
        "link_to_next": false,
        "notes": [
          "RightFlat"
        ],
        "notes_text": "RightFlat",
        "atoms": [
          {
            "kind": "turn",
            "source": "RightFlat",
            "side": "right",
            "style": "flat"
          }
        ],
        "flags": {
          "groups": {
            "keep": null,
            "cut": null,
            "opening": null,
            "go": null
          },
          "bools": {
            "caution": false,
            "brake": false,
            "finish": false,
            "narrows": false,
            "tightens": false,
            "tightens_late": false,
            "late": false,
            "sudden": false
          },
          "linked_to_next": false,
          "turn": {
            "sides": [
              "right"
            ]
          }
        },
        "ref_segment_index": 0,
        "ref_segment_t": 0.0,
        "grp_keep": "",
        "grp_cut": "",
        "grp_opening": "",
        "grp_go": "",
        "flg_caution": false,
        "flg_brake": false,
        "flg_finish": false,
        "flg_narrows": false,
        "flg_tightens": false,
        "flg_tightens_late": false,
        "flg_late": false,
        "flg_sudden": false,
        "flg_linked_to_next": false,
        "turn_sides": "right",
        "flg_turn_left": false,
        "flg_turn_right": true
      }
    },
    {
      "type": "Feature",
      "geometry": {
        "type": "Point",
        "coordinates": [
          1283.577,
          1131.464
        ]
      },
      "properties": {
        "kind": "pacenote",
        "stage": "Sommet de Munster",
        "reference_track": "valee_de_munster",
        "note_index": 11,
        "distance_m": 6116.0,
        "distance_lookup_m": -5813.927,
        "link_to_next": false,
        "notes": [
          "Dist80"
        ],
        "notes_text": "Dist80",
        "atoms": [
          {
            "kind": "distance",
            "source": "Dist80",
            "meters": 80
          }
        ],
        "flags": {
          "groups": {
            "keep": null,
            "cut": null,
            "opening": null,
            "go": null
          },
          "bools": {
            "caution": false,
            "brake": false,
            "finish": false,
            "narrows": false,
            "tightens": false,
            "tightens_late": false,
            "late": false,
            "sudden": false
          },
          "linked_to_next": false,
          "distance_calls_m": [
            80
          ]
        },
        "ref_segment_index": 0,
        "ref_segment_t": 0.0,
        "grp_keep": "",
        "grp_cut": "",
        "grp_opening": "",
        "grp_go": "",
        "flg_caution": false,
        "flg_brake": false,
        "flg_finish": false,
        "flg_narrows": false,
        "flg_tightens": false,
        "flg_tightens_late": false,
        "flg_late": false,
        "flg_sudden": false,
        "flg_linked_to_next": false,
        "turn_sides": "",
        "flg_turn_left": false,
        "flg_turn_right": false,
        "distance_calls_m": "80"
      }
    },
    {
      "type": "Feature",
      "geometry": {
        "type": "Point",
        "coordinates": [
          1283.577,
          1131.464
        ]
      },
      "properties": {
        "kind": "pacenote",
        "stage": "Sommet de Munster",
        "reference_track": "valee_de_munster",
        "note_index": 12,
        "distance_m": 6204.0,
        "distance_lookup_m": -5725.927,
        "link_to_next": false,
        "notes": [
          "Caution",
          "Pause0.25s_Reset",
          "Left3",
          "Tightens",
          "Pause0.1s",
          "BadCamber"
        ],
        "notes_text": "Caution, Pause0.25s_Reset, Left3, Tightens, Pause0.1s, BadCamber",
        "atoms": [
          {
            "kind": "hazard",
            "source": "Caution",
            "name": "caution"
          },
          {
            "kind": "pause",
            "source": "Pause0.25s_Reset",
            "seconds": 0.25,
            "reset": true
          },
          {
            "kind": "turn",
            "source": "Left3",
            "side": "left",
            "severity": 3
          },
          {
            "kind": "modifier",
            "source": "Tightens",
            "name": "tightens"
          },
          {
            "kind": "pause",
            "source": "Pause0.1s",
            "seconds": 0.1,
            "reset": false
          },
          {
            "kind": "hazard",
            "source": "BadCamber",
            "name": "bad_camber"
          }
        ],
        "flags": {
          "groups": {
            "keep": null,
            "cut": null,
            "opening": null,
            "go": null
          },
          "bools": {
            "caution": true,
            "brake": false,
            "finish": false,
            "narrows": false,
            "tightens": true,
            "tightens_late": false,
            "late": false,
            "sudden": false
          },
          "linked_to_next": false,
          "turn": {
            "sides": [
              "left"
            ],
            "severity_max": 3,
            "severity_min": 3
          },
          "pause_seconds": [
            0.25,
            0.1
          ]
        },
        "ref_segment_index": 0,
        "ref_segment_t": 0.0,
        "grp_keep": "",
        "grp_cut": "",
        "grp_opening": "",
        "grp_go": "",
        "flg_caution": true,
        "flg_brake": false,
        "flg_finish": false,
        "flg_narrows": false,
        "flg_tightens": true,
        "flg_tightens_late": false,
        "flg_late": false,
        "flg_sudden": false,
        "flg_linked_to_next": false,
        "turn_sides": "left",
        "flg_turn_left": true,
        "flg_turn_right": false,
        "turn_severity_min": 3,
        "turn_severity_max": 3,
        "pause_seconds": "0.25,0.1"
      }
    },
    {
      "type": "Feature",
      "geometry": {
        "type": "Point",
        "coordinates": [
          1283.577,
          1131.464
        ]
      },
      "properties": {
        "kind": "pacenote",
        "stage": "Sommet de Munster",
        "reference_track": "valee_de_munster",
        "note_index": 13,
        "distance_m": 6326.0,
        "distance_lookup_m": -5603.927,
        "link_to_next": false,
        "notes": [
          "Right4",
          "DontCut"
        ],
        "notes_text": "Right4, DontCut",
        "atoms": [
          {
            "kind": "turn",
            "source": "Right4",
            "side": "right",
            "severity": 4
          },
          {
            "kind": "modifier",
            "source": "DontCut",
            "name": "dont_cut"
          }
        ],
        "flags": {
          "groups": {
            "keep": null,
            "cut": "dont_cut",
            "opening": null,
            "go": null
          },
          "bools": {
            "caution": false,
            "brake": false,
            "finish": false,
            "narrows": false,
            "tightens": false,
            "tightens_late": false,
            "late": false,
            "sudden": false
          },
          "linked_to_next": false,
          "turn": {
            "sides": [
              "right"
            ],
            "severity_max": 4,
            "severity_min": 4
          }
        },
        "ref_segment_index": 0,
        "ref_segment_t": 0.0,
        "grp_keep": "",
        "grp_cut": "dont_cut",
        "grp_opening": "",
        "grp_go": "",
        "flg_caution": false,
        "flg_brake": false,
        "flg_finish": false,
        "flg_narrows": false,
        "flg_tightens": false,
        "flg_tightens_late": false,
        "flg_late": false,
        "flg_sudden": false,
        "flg_linked_to_next": false,
        "turn_sides": "right",
        "flg_turn_left": false,
        "flg_turn_right": true,
        "turn_severity_min": 4,
        "turn_severity_max": 4
      }
    },
    {
      "type": "Feature",
      "geometry": {
        "type": "Point",
        "coordinates": [
          1283.577,
          1131.464
        ]
      },
      "properties": {
        "kind": "pacenote",
        "stage": "Sommet de Munster",
        "reference_track": "valee_de_munster",
        "note_index": 14,
        "distance_m": 6435.0,
        "distance_lookup_m": -5494.927,
        "link_to_next": false,
        "notes": [
          "Dist150"
        ],
        "notes_text": "Dist150",
        "atoms": [
          {
            "kind": "distance",
            "source": "Dist150",
            "meters": 150
          }
        ],
        "flags": {
          "groups": {
            "keep": null,
            "cut": null,
            "opening": null,
            "go": null
          },
          "bools": {
            "caution": false,
            "brake": false,
            "finish": false,
            "narrows": false,
            "tightens": false,
            "tightens_late": false,
            "late": false,
            "sudden": false
          },
          "linked_to_next": false,
          "distance_calls_m": [
            150
          ]
        },
        "ref_segment_index": 0,
        "ref_segment_t": 0.0,
        "grp_keep": "",
        "grp_cut": "",
        "grp_opening": "",
        "grp_go": "",
        "flg_caution": false,
        "flg_brake": false,
        "flg_finish": false,
        "flg_narrows": false,
        "flg_tightens": false,
        "flg_tightens_late": false,
        "flg_late": false,
        "flg_sudden": false,
        "flg_linked_to_next": false,
        "turn_sides": "",
        "flg_turn_left": false,
        "flg_turn_right": false,
        "distance_calls_m": "150"
      }
    },
    {
      "type": "Feature",
      "geometry": {
        "type": "Point",
        "coordinates": [
          1283.577,
          1131.464
        ]
      },
      "properties": {
        "kind": "pacenote",
        "stage": "Sommet de Munster",
        "reference_track": "valee_de_munster",
        "note_index": 15,
        "distance_m": 6580.0,
        "distance_lookup_m": -5349.927,
        "link_to_next": false,
        "notes": [
          "Right6"
        ],
        "notes_text": "Right6",
        "atoms": [
          {
            "kind": "turn",
            "source": "Right6",
            "side": "right",
            "severity": 6
          }
        ],
        "flags": {
          "groups": {
            "keep": null,
            "cut": null,
            "opening": null,
            "go": null
          },
          "bools": {
            "caution": false,
            "brake": false,
            "finish": false,
            "narrows": false,
            "tightens": false,
            "tightens_late": false,
            "late": false,
            "sudden": false
          },
          "linked_to_next": false,
          "turn": {
            "sides": [
              "right"
            ],
            "severity_max": 6,
            "severity_min": 6
          }
        },
        "ref_segment_index": 0,
        "ref_segment_t": 0.0,
        "grp_keep": "",
        "grp_cut": "",
        "grp_opening": "",
        "grp_go": "",
        "flg_caution": false,
        "flg_brake": false,
        "flg_finish": false,
        "flg_narrows": false,
        "flg_tightens": false,
        "flg_tightens_late": false,
        "flg_late": false,
        "flg_sudden": false,
        "flg_linked_to_next": false,
        "turn_sides": "right",
        "flg_turn_left": false,
        "flg_turn_right": true,
        "turn_severity_min": 6,
        "turn_severity_max": 6
      }
    },
    {
      "type": "Feature",
      "geometry": {
        "type": "Point",
        "coordinates": [
          1283.577,
          1131.464
        ]
      },
      "properties": {
        "kind": "pacenote",
        "stage": "Sommet de Munster",
        "reference_track": "valee_de_munster",
        "note_index": 16,
        "distance_m": 6665.0,
        "distance_lookup_m": -5264.927,
        "link_to_next": false,
        "notes": [
          "Into",
          "Left5",
          "OverCrest"
        ],
        "notes_text": "Into, Left5, OverCrest",
        "atoms": [
          {
            "kind": "connector",
            "source": "Into",
            "name": "into"
          },
          {
            "kind": "turn",
            "source": "Left5",
            "side": "left",
            "severity": 5
          },
          {
            "kind": "feature",
            "source": "OverCrest",
            "name": "over_crest"
          }
        ],
        "flags": {
          "groups": {
            "keep": null,
            "cut": null,
            "opening": null,
            "go": null
          },
          "bools": {
            "caution": false,
            "brake": false,
            "finish": false,
            "narrows": false,
            "tightens": false,
            "tightens_late": false,
            "late": false,
            "sudden": false
          },
          "linked_to_next": false,
          "turn": {
            "sides": [
              "left"
            ],
            "severity_max": 5,
            "severity_min": 5
          }
        },
        "ref_segment_index": 0,
        "ref_segment_t": 0.0,
        "grp_keep": "",
        "grp_cut": "",
        "grp_opening": "",
        "grp_go": "",
        "flg_caution": false,
        "flg_brake": false,
        "flg_finish": false,
        "flg_narrows": false,
        "flg_tightens": false,
        "flg_tightens_late": false,
        "flg_late": false,
        "flg_sudden": false,
        "flg_linked_to_next": false,
        "turn_sides": "left",
        "flg_turn_left": true,
        "flg_turn_right": false,
        "turn_severity_min": 5,
        "turn_severity_max": 5
      }
    },
    {
      "type": "Feature",
      "geometry": {
        "type": "Point",
        "coordinates": [
          1283.577,
          1131.464
        ]
      },
      "properties": {
        "kind": "pacenote",
        "stage": "Sommet de Munster",
        "reference_track": "valee_de_munster",
        "note_index": 17,
        "distance_m": 6763.0,
        "distance_lookup_m": -5166.927,
        "link_to_next": false,
        "notes": [
          "Caution",
          "Left3",
          "Pause0.1s_Reset",
          "Tighten2",
          "Late"
        ],
        "notes_text": "Caution, Left3, Pause0.1s_Reset, Tighten2, Late",
        "atoms": [
          {
            "kind": "hazard",
            "source": "Caution",
            "name": "caution"
          },
          {
            "kind": "turn",
            "source": "Left3",
            "side": "left",
            "severity": 3
          },
          {
            "kind": "pause",
            "source": "Pause0.1s_Reset",
            "seconds": 0.1,
            "reset": true
          },
          {
            "kind": "modifier",
            "source": "Tighten2",
            "name": "tighten",
            "level": 2
          },
          {
            "kind": "modifier",
            "source": "Late",
            "name": "late"
          }
        ],
        "flags": {
          "groups": {
            "keep": null,
            "cut": null,
            "opening": null,
            "go": null
          },
          "bools": {
            "caution": true,
            "brake": false,
            "finish": false,
            "narrows": false,
            "tightens": false,
            "tightens_late": false,
            "late": true,
            "sudden": false
          },
          "linked_to_next": false,
          "turn": {
            "sides": [
              "left"
            ],
            "severity_max": 3,
            "severity_min": 3
          },
          "pause_seconds": [
            0.1
          ]
        },
        "ref_segment_index": 0,
        "ref_segment_t": 0.0,
        "grp_keep": "",
        "grp_cut": "",
        "grp_opening": "",
        "grp_go": "",
        "flg_caution": true,
        "flg_brake": false,
        "flg_finish": false,
        "flg_narrows": false,
        "flg_tightens": false,
        "flg_tightens_late": false,
        "flg_late": true,
        "flg_sudden": false,
        "flg_linked_to_next": false,
        "turn_sides": "left",
        "flg_turn_left": true,
        "flg_turn_right": false,
        "turn_severity_min": 3,
        "turn_severity_max": 3,
        "pause_seconds": "0.1"
      }
    },
    {
      "type": "Feature",
      "geometry": {
        "type": "Point",
        "coordinates": [
          1283.577,
          1131.464
        ]
      },
      "properties": {
        "kind": "pacenote",
        "stage": "Sommet de Munster",
        "reference_track": "valee_de_munster",
        "note_index": 18,
        "distance_m": 6883.0,
        "distance_lookup_m": -5046.927,
        "link_to_next": false,
        "notes": [
          "Dist40",
          "OverCrest",
          "Into"
        ],
        "notes_text": "Dist40, OverCrest, Into",
        "atoms": [
          {
            "kind": "distance",
            "source": "Dist40",
            "meters": 40
          },
          {
            "kind": "feature",
            "source": "OverCrest",
            "name": "over_crest"
          },
          {
            "kind": "connector",
            "source": "Into",
            "name": "into"
          }
        ],
        "flags": {
          "groups": {
            "keep": null,
            "cut": null,
            "opening": null,
            "go": null
          },
          "bools": {
            "caution": false,
            "brake": false,
            "finish": false,
            "narrows": false,
            "tightens": false,
            "tightens_late": false,
            "late": false,
            "sudden": false
          },
          "linked_to_next": false,
          "distance_calls_m": [
            40
          ]
        },
        "ref_segment_index": 0,
        "ref_segment_t": 0.0,
        "grp_keep": "",
        "grp_cut": "",
        "grp_opening": "",
        "grp_go": "",
        "flg_caution": false,
        "flg_brake": false,
        "flg_finish": false,
        "flg_narrows": false,
        "flg_tightens": false,
        "flg_tightens_late": false,
        "flg_late": false,
        "flg_sudden": false,
        "flg_linked_to_next": false,
        "turn_sides": "",
        "flg_turn_left": false,
        "flg_turn_right": false,
        "distance_calls_m": "40"
      }
    },
    {
      "type": "Feature",
      "geometry": {
        "type": "Point",
        "coordinates": [
          1283.577,
          1131.464
        ]
      },
      "properties": {
        "kind": "pacenote",
        "stage": "Sommet de Munster",
        "reference_track": "valee_de_munster",
        "note_index": 19,
        "distance_m": 6920.0,
        "distance_lookup_m": -5009.927,
        "link_to_next": true,
        "notes": [
          "RightHP",
          "Pause1s"
        ],
        "notes_text": "RightHP, Pause1s",
        "atoms": [
          {
            "kind": "turn",
            "source": "RightHP",
            "side": "right",
            "style": "hp"
          },
          {
            "kind": "pause",
            "source": "Pause1s",
            "seconds": 1.0,
            "reset": false
          }
        ],
        "flags": {
          "groups": {
            "keep": null,
            "cut": null,
            "opening": null,
            "go": null
          },
          "bools": {
            "caution": false,
            "brake": false,
            "finish": false,
            "narrows": false,
            "tightens": false,
            "tightens_late": false,
            "late": false,
            "sudden": false
          },
          "linked_to_next": true,
          "turn": {
            "sides": [
              "right"
            ]
          },
          "pause_seconds": [
            1.0
          ]
        },
        "ref_segment_index": 0,
        "ref_segment_t": 0.0,
        "grp_keep": "",
        "grp_cut": "",
        "grp_opening": "",
        "grp_go": "",
        "flg_caution": false,
        "flg_brake": false,
        "flg_finish": false,
        "flg_narrows": false,
        "flg_tightens": false,
        "flg_tightens_late": false,
        "flg_late": false,
        "flg_sudden": false,
        "flg_linked_to_next": true,
        "turn_sides": "right",
        "flg_turn_left": false,
        "flg_turn_right": true,
        "pause_seconds": "1.0"
      }
    },
    {
      "type": "Feature",
      "geometry": {
        "type": "Point",
        "coordinates": [
          1283.577,
          1131.464
        ]
      },
      "properties": {
        "kind": "pacenote",
        "stage": "Sommet de Munster",
        "reference_track": "valee_de_munster",
        "note_index": 20,
        "distance_m": 6964.0,
        "distance_lookup_m": -4965.927,
        "link_to_next": false,
        "notes": [
          "And",
          "Left5"
        ],
        "notes_text": "And, Left5",
        "atoms": [
          {
            "kind": "connector",
            "source": "And",
            "name": "and"
          },
          {
            "kind": "turn",
            "source": "Left5",
            "side": "left",
            "severity": 5
          }
        ],
        "flags": {
          "groups": {
            "keep": null,
            "cut": null,
            "opening": null,
            "go": null
          },
          "bools": {
            "caution": false,
            "brake": false,
            "finish": false,
            "narrows": false,
            "tightens": false,
            "tightens_late": false,
            "late": false,
            "sudden": false
          },
          "linked_to_next": false,
          "turn": {
            "sides": [
              "left"
            ],
            "severity_max": 5,
            "severity_min": 5
          }
        },
        "ref_segment_index": 0,
        "ref_segment_t": 0.0,
        "grp_keep": "",
        "grp_cut": "",
        "grp_opening": "",
        "grp_go": "",
        "flg_caution": false,
        "flg_brake": false,
        "flg_finish": false,
        "flg_narrows": false,
        "flg_tightens": false,
        "flg_tightens_late": false,
        "flg_late": false,
        "flg_sudden": false,
        "flg_linked_to_next": false,
        "turn_sides": "left",
        "flg_turn_left": true,
        "flg_turn_right": false,
        "turn_severity_min": 5,
        "turn_severity_max": 5
      }
    },
    {
      "type": "Feature",
      "geometry": {
        "type": "Point",
        "coordinates": [
          1283.577,
          1131.464
        ]
      },
      "properties": {
        "kind": "pacenote",
        "stage": "Sommet de Munster",
        "reference_track": "valee_de_munster",
        "note_index": 21,
        "distance_m": 7014.0,
        "distance_lookup_m": -4915.927,
        "link_to_next": false,
        "notes": [
          "Dist70"
        ],
        "notes_text": "Dist70",
        "atoms": [
          {
            "kind": "distance",
            "source": "Dist70",
            "meters": 70
          }
        ],
        "flags": {
          "groups": {
            "keep": null,
            "cut": null,
            "opening": null,
            "go": null
          },
          "bools": {
            "caution": false,
            "brake": false,
            "finish": false,
            "narrows": false,
            "tightens": false,
            "tightens_late": false,
            "late": false,
            "sudden": false
          },
          "linked_to_next": false,
          "distance_calls_m": [
            70
          ]
        },
        "ref_segment_index": 0,
        "ref_segment_t": 0.0,
        "grp_keep": "",
        "grp_cut": "",
        "grp_opening": "",
        "grp_go": "",
        "flg_caution": false,
        "flg_brake": false,
        "flg_finish": false,
        "flg_narrows": false,
        "flg_tightens": false,
        "flg_tightens_late": false,
        "flg_late": false,
        "flg_sudden": false,
        "flg_linked_to_next": false,
        "turn_sides": "",
        "flg_turn_left": false,
        "flg_turn_right": false,
        "distance_calls_m": "70"
      }
    },
    {
      "type": "Feature",
      "geometry": {
        "type": "Point",
        "coordinates": [
          1283.577,
          1131.464
        ]
      },
      "properties": {
        "kind": "pacenote",
        "stage": "Sommet de Munster",
        "reference_track": "valee_de_munster",
        "note_index": 22,
        "distance_m": 7094.0,
        "distance_lookup_m": -4835.927,
        "link_to_next": true,
        "notes": [
          "LeftFlat"
        ],
        "notes_text": "LeftFlat",
        "atoms": [
          {
            "kind": "turn",
            "source": "LeftFlat",
            "side": "left",
            "style": "flat"
          }
        ],
        "flags": {
          "groups": {
            "keep": null,
            "cut": null,
            "opening": null,
            "go": null
          },
          "bools": {
            "caution": false,
            "brake": false,
            "finish": false,
            "narrows": false,
            "tightens": false,
            "tightens_late": false,
            "late": false,
            "sudden": false
          },
          "linked_to_next": true,
          "turn": {
            "sides": [
              "left"
            ]
          }
        },
        "ref_segment_index": 0,
        "ref_segment_t": 0.0,
        "grp_keep": "",
        "grp_cut": "",
        "grp_opening": "",
        "grp_go": "",
        "flg_caution": false,
        "flg_brake": false,
        "flg_finish": false,
        "flg_narrows": false,
        "flg_tightens": false,
        "flg_tightens_late": false,
        "flg_late": false,
        "flg_sudden": false,
        "flg_linked_to_next": true,
        "turn_sides": "left",
        "flg_turn_left": true,
        "flg_turn_right": false
      }
    },
    {
      "type": "Feature",
      "geometry": {
        "type": "Point",
        "coordinates": [
          1283.577,
          1131.464
        ]
      },
      "properties": {
        "kind": "pacenote",
        "stage": "Sommet de Munster",
        "reference_track": "valee_de_munster",
        "note_index": 23,
        "distance_m": 7169.0,
        "distance_lookup_m": -4760.927,
        "link_to_next": false,
        "notes": [
          "Dist100"
        ],
        "notes_text": "Dist100",
        "atoms": [
          {
            "kind": "distance",
            "source": "Dist100",
            "meters": 100
          }
        ],
        "flags": {
          "groups": {
            "keep": null,
            "cut": null,
            "opening": null,
            "go": null
          },
          "bools": {
            "caution": false,
            "brake": false,
            "finish": false,
            "narrows": false,
            "tightens": false,
            "tightens_late": false,
            "late": false,
            "sudden": false
          },
          "linked_to_next": false,
          "distance_calls_m": [
            100
          ]
        },
        "ref_segment_index": 0,
        "ref_segment_t": 0.0,
        "grp_keep": "",
        "grp_cut": "",
        "grp_opening": "",
        "grp_go": "",
        "flg_caution": false,
        "flg_brake": false,
        "flg_finish": false,
        "flg_narrows": false,
        "flg_tightens": false,
        "flg_tightens_late": false,
        "flg_late": false,
        "flg_sudden": false,
        "flg_linked_to_next": false,
        "turn_sides": "",
        "flg_turn_left": false,
        "flg_turn_right": false,
        "distance_calls_m": "100"
      }
    },
    {
      "type": "Feature",
      "geometry": {
        "type": "Point",
        "coordinates": [
          1283.577,
          1131.464
        ]
      },
      "properties": {
        "kind": "pacenote",
        "stage": "Sommet de Munster",
        "reference_track": "valee_de_munster",
        "note_index": 24,
        "distance_m": 7279.0,
        "distance_lookup_m": -4650.927,
        "link_to_next": true,
        "notes": [
          "KinksStartingLeft"
        ],
        "notes_text": "KinksStartingLeft",
        "atoms": [
          {
            "kind": "feature",
            "source": "KinksStartingLeft",
            "name": "kinks_starting_left"
          }
        ],
        "flags": {
          "groups": {
            "keep": null,
            "cut": null,
            "opening": null,
            "go": null
          },
          "bools": {
            "caution": false,
            "brake": false,
            "finish": false,
            "narrows": false,
            "tightens": false,
            "tightens_late": false,
            "late": false,
            "sudden": false
          },
          "linked_to_next": true
        },
        "ref_segment_index": 0,
        "ref_segment_t": 0.0,
        "grp_keep": "",
        "grp_cut": "",
        "grp_opening": "",
        "grp_go": "",
        "flg_caution": false,
        "flg_brake": false,
        "flg_finish": false,
        "flg_narrows": false,
        "flg_tightens": false,
        "flg_tightens_late": false,
        "flg_late": false,
        "flg_sudden": false,
        "flg_linked_to_next": true,
        "turn_sides": "",
        "flg_turn_left": false,
        "flg_turn_right": false
      }
    },
    {
      "type": "Feature",
      "geometry": {
        "type": "Point",
        "coordinates": [
          1283.577,
          1131.464
        ]
      },
      "properties": {
        "kind": "pacenote",
        "stage": "Sommet de Munster",
        "reference_track": "valee_de_munster",
        "note_index": 25,
        "distance_m": 7343.0,
        "distance_lookup_m": -4586.927,
        "link_to_next": false,
        "notes": [
          "Dist100"
        ],
        "notes_text": "Dist100",
        "atoms": [
          {
            "kind": "distance",
            "source": "Dist100",
            "meters": 100
          }
        ],
        "flags": {
          "groups": {
            "keep": null,
            "cut": null,
            "opening": null,
            "go": null
          },
          "bools": {
            "caution": false,
            "brake": false,
            "finish": false,
            "narrows": false,
            "tightens": false,
            "tightens_late": false,
            "late": false,
            "sudden": false
          },
          "linked_to_next": false,
          "distance_calls_m": [
            100
          ]
        },
        "ref_segment_index": 0,
        "ref_segment_t": 0.0,
        "grp_keep": "",
        "grp_cut": "",
        "grp_opening": "",
        "grp_go": "",
        "flg_caution": false,
        "flg_brake": false,
        "flg_finish": false,
        "flg_narrows": false,
        "flg_tightens": false,
        "flg_tightens_late": false,
        "flg_late": false,
        "flg_sudden": false,
        "flg_linked_to_next": false,
        "turn_sides": "",
        "flg_turn_left": false,
        "flg_turn_right": false,
        "distance_calls_m": "100"
      }
    },
    {
      "type": "Feature",
      "geometry": {
        "type": "Point",
        "coordinates": [
          1283.577,
          1131.464
        ]
      },
      "properties": {
        "kind": "pacenote",
        "stage": "Sommet de Munster",
        "reference_track": "valee_de_munster",
        "note_index": 26,
        "distance_m": 7430.0,
        "distance_lookup_m": -4499.927,
        "link_to_next": false,
        "notes": [
          "Right2",
          "SmallCut"
        ],
        "notes_text": "Right2, SmallCut",
        "atoms": [
          {
            "kind": "turn",
            "source": "Right2",
            "side": "right",
            "severity": 2
          },
          {
            "kind": "modifier",
            "source": "SmallCut",
            "name": "small_cut"
          }
        ],
        "flags": {
          "groups": {
            "keep": null,
            "cut": "small_cut",
            "opening": null,
            "go": null
          },
          "bools": {
            "caution": false,
            "brake": false,
            "finish": false,
            "narrows": false,
            "tightens": false,
            "tightens_late": false,
            "late": false,
            "sudden": false
          },
          "linked_to_next": false,
          "turn": {
            "sides": [
              "right"
            ],
            "severity_max": 2,
            "severity_min": 2
          }
        },
        "ref_segment_index": 0,
        "ref_segment_t": 0.0,
        "grp_keep": "",
        "grp_cut": "small_cut",
        "grp_opening": "",
        "grp_go": "",
        "flg_caution": false,
        "flg_brake": false,
        "flg_finish": false,
        "flg_narrows": false,
        "flg_tightens": false,
        "flg_tightens_late": false,
        "flg_late": false,
        "flg_sudden": false,
        "flg_linked_to_next": false,
        "turn_sides": "right",
        "flg_turn_left": false,
        "flg_turn_right": true,
        "turn_severity_min": 2,
        "turn_severity_max": 2
      }
    },
    {
      "type": "Feature",
      "geometry": {
        "type": "Point",
        "coordinates": [
          1283.577,
          1131.464
        ]
      },
      "properties": {
        "kind": "pacenote",
        "stage": "Sommet de Munster",
        "reference_track": "valee_de_munster",
        "note_index": 27,
        "distance_m": 7498.0,
        "distance_lookup_m": -4431.927,
        "link_to_next": false,
        "notes": [
          "Left6"
        ],
        "notes_text": "Left6",
        "atoms": [
          {
            "kind": "turn",
            "source": "Left6",
            "side": "left",
            "severity": 6
          }
        ],
        "flags": {
          "groups": {
            "keep": null,
            "cut": null,
            "opening": null,
            "go": null
          },
          "bools": {
            "caution": false,
            "brake": false,
            "finish": false,
            "narrows": false,
            "tightens": false,
            "tightens_late": false,
            "late": false,
            "sudden": false
          },
          "linked_to_next": false,
          "turn": {
            "sides": [
              "left"
            ],
            "severity_max": 6,
            "severity_min": 6
          }
        },
        "ref_segment_index": 0,
        "ref_segment_t": 0.0,
        "grp_keep": "",
        "grp_cut": "",
        "grp_opening": "",
        "grp_go": "",
        "flg_caution": false,
        "flg_brake": false,
        "flg_finish": false,
        "flg_narrows": false,
        "flg_tightens": false,
        "flg_tightens_late": false,
        "flg_late": false,
        "flg_sudden": false,
        "flg_linked_to_next": false,
        "turn_sides": "left",
        "flg_turn_left": true,
        "flg_turn_right": false,
        "turn_severity_min": 6,
        "turn_severity_max": 6
      }
    },
    {
      "type": "Feature",
      "geometry": {
        "type": "Point",
        "coordinates": [
          1283.577,
          1131.464
        ]
      },
      "properties": {
        "kind": "pacenote",
        "stage": "Sommet de Munster",
        "reference_track": "valee_de_munster",
        "note_index": 28,
        "distance_m": 7557.0,
        "distance_lookup_m": -4372.927,
        "link_to_next": true,
        "notes": [
          "Into",
          "Pause0.1s",
          "Right5"
        ],
        "notes_text": "Into, Pause0.1s, Right5",
        "atoms": [
          {
            "kind": "connector",
            "source": "Into",
            "name": "into"
          },
          {
            "kind": "pause",
            "source": "Pause0.1s",
            "seconds": 0.1,
            "reset": false
          },
          {
            "kind": "turn",
            "source": "Right5",
            "side": "right",
            "severity": 5
          }
        ],
        "flags": {
          "groups": {
            "keep": null,
            "cut": null,
            "opening": null,
            "go": null
          },
          "bools": {
            "caution": false,
            "brake": false,
            "finish": false,
            "narrows": false,
            "tightens": false,
            "tightens_late": false,
            "late": false,
            "sudden": false
          },
          "linked_to_next": true,
          "turn": {
            "sides": [
              "right"
            ],
            "severity_max": 5,
            "severity_min": 5
          },
          "pause_seconds": [
            0.1
          ]
        },
        "ref_segment_index": 0,
        "ref_segment_t": 0.0,
        "grp_keep": "",
        "grp_cut": "",
        "grp_opening": "",
        "grp_go": "",
        "flg_caution": false,
        "flg_brake": false,
        "flg_finish": false,
        "flg_narrows": false,
        "flg_tightens": false,
        "flg_tightens_late": false,
        "flg_late": false,
        "flg_sudden": false,
        "flg_linked_to_next": true,
        "turn_sides": "right",
        "flg_turn_left": false,
        "flg_turn_right": true,
        "turn_severity_min": 5,
        "turn_severity_max": 5,
        "pause_seconds": "0.1"
      }
    },
    {
      "type": "Feature",
      "geometry": {
        "type": "Point",
        "coordinates": [
          1283.577,
          1131.464
        ]
      },
      "properties": {
        "kind": "pacenote",
        "stage": "Sommet de Munster",
        "reference_track": "valee_de_munster",
        "note_index": 29,
        "distance_m": 7640.0,
        "distance_lookup_m": -4289.927,
        "link_to_next": false,
        "notes": [
          "Dist60"
        ],
        "notes_text": "Dist60",
        "atoms": [
          {
            "kind": "distance",
            "source": "Dist60",
            "meters": 60
          }
        ],
        "flags": {
          "groups": {
            "keep": null,
            "cut": null,
            "opening": null,
            "go": null
          },
          "bools": {
            "caution": false,
            "brake": false,
            "finish": false,
            "narrows": false,
            "tightens": false,
            "tightens_late": false,
            "late": false,
            "sudden": false
          },
          "linked_to_next": false,
          "distance_calls_m": [
            60
          ]
        },
        "ref_segment_index": 0,
        "ref_segment_t": 0.0,
        "grp_keep": "",
        "grp_cut": "",
        "grp_opening": "",
        "grp_go": "",
        "flg_caution": false,
        "flg_brake": false,
        "flg_finish": false,
        "flg_narrows": false,
        "flg_tightens": false,
        "flg_tightens_late": false,
        "flg_late": false,
        "flg_sudden": false,
        "flg_linked_to_next": false,
        "turn_sides": "",
        "flg_turn_left": false,
        "flg_turn_right": false,
        "distance_calls_m": "60"
      }
    },
    {
      "type": "Feature",
      "geometry": {
        "type": "Point",
        "coordinates": [
          1283.577,
          1131.464
        ]
      },
      "properties": {
        "kind": "pacenote",
        "stage": "Sommet de Munster",
        "reference_track": "valee_de_munster",
        "note_index": 30,
        "distance_m": 7683.0,
        "distance_lookup_m": -4246.927,
        "link_to_next": true,
        "notes": [
          "Right4",
          "Long",
          "Tightens"
        ],
        "notes_text": "Right4, Long, Tightens",
        "atoms": [
          {
            "kind": "turn",
            "source": "Right4",
            "side": "right",
            "severity": 4
          },
          {
            "kind": "length",
            "source": "Long",
            "name": "long"
          },
          {
            "kind": "modifier",
            "source": "Tightens",
            "name": "tightens"
          }
        ],
        "flags": {
          "groups": {
            "keep": null,
            "cut": null,
            "opening": null,
            "go": null
          },
          "bools": {
            "caution": false,
            "brake": false,
            "finish": false,
            "narrows": false,
            "tightens": true,
            "tightens_late": false,
            "late": false,
            "sudden": false
          },
          "linked_to_next": true,
          "turn": {
            "sides": [
              "right"
            ],
            "severity_max": 4,
            "severity_min": 4
          }
        },
        "ref_segment_index": 0,
        "ref_segment_t": 0.0,
        "grp_keep": "",
        "grp_cut": "",
        "grp_opening": "",
        "grp_go": "",
        "flg_caution": false,
        "flg_brake": false,
        "flg_finish": false,
        "flg_narrows": false,
        "flg_tightens": true,
        "flg_tightens_late": false,
        "flg_late": false,
        "flg_sudden": false,
        "flg_linked_to_next": true,
        "turn_sides": "right",
        "flg_turn_left": false,
        "flg_turn_right": true,
        "turn_severity_min": 4,
        "turn_severity_max": 4
      }
    },
    {
      "type": "Feature",
      "geometry": {
        "type": "Point",
        "coordinates": [
          1283.577,
          1131.464
        ]
      },
      "properties": {
        "kind": "pacenote",
        "stage": "Sommet de Munster",
        "reference_track": "valee_de_munster",
        "note_index": 31,
        "distance_m": 7821.0,
        "distance_lookup_m": -4108.927,
        "link_to_next": false,
        "notes": [
          "Dist50"
        ],
        "notes_text": "Dist50",
        "atoms": [
          {
            "kind": "distance",
            "source": "Dist50",
            "meters": 50
          }
        ],
        "flags": {
          "groups": {
            "keep": null,
            "cut": null,
            "opening": null,
            "go": null
          },
          "bools": {
            "caution": false,
            "brake": false,
            "finish": false,
            "narrows": false,
            "tightens": false,
            "tightens_late": false,
            "late": false,
            "sudden": false
          },
          "linked_to_next": false,
          "distance_calls_m": [
            50
          ]
        },
        "ref_segment_index": 0,
        "ref_segment_t": 0.0,
        "grp_keep": "",
        "grp_cut": "",
        "grp_opening": "",
        "grp_go": "",
        "flg_caution": false,
        "flg_brake": false,
        "flg_finish": false,
        "flg_narrows": false,
        "flg_tightens": false,
        "flg_tightens_late": false,
        "flg_late": false,
        "flg_sudden": false,
        "flg_linked_to_next": false,
        "turn_sides": "",
        "flg_turn_left": false,
        "flg_turn_right": false,
        "distance_calls_m": "50"
      }
    },
    {
      "type": "Feature",
      "geometry": {
        "type": "Point",
        "coordinates": [
          1283.577,
          1131.464
        ]
      },
      "properties": {
        "kind": "pacenote",
        "stage": "Sommet de Munster",
        "reference_track": "valee_de_munster",
        "note_index": 32,
        "distance_m": 7870.0,
        "distance_lookup_m": -4059.927,
        "link_to_next": true,
        "notes": [
          "Left3"
        ],
        "notes_text": "Left3",
        "atoms": [
          {
            "kind": "turn",
            "source": "Left3",
            "side": "left",
            "severity": 3
          }
        ],
        "flags": {
          "groups": {
            "keep": null,
            "cut": null,
            "opening": null,
            "go": null
          },
          "bools": {
            "caution": false,
            "brake": false,
            "finish": false,
            "narrows": false,
            "tightens": false,
            "tightens_late": false,
            "late": false,
            "sudden": false
          },
          "linked_to_next": true,
          "turn": {
            "sides": [
              "left"
            ],
            "severity_max": 3,
            "severity_min": 3
          }
        },
        "ref_segment_index": 0,
        "ref_segment_t": 0.0,
        "grp_keep": "",
        "grp_cut": "",
        "grp_opening": "",
        "grp_go": "",
        "flg_caution": false,
        "flg_brake": false,
        "flg_finish": false,
        "flg_narrows": false,
        "flg_tightens": false,
        "flg_tightens_late": false,
        "flg_late": false,
        "flg_sudden": false,
        "flg_linked_to_next": true,
        "turn_sides": "left",
        "flg_turn_left": true,
        "flg_turn_right": false,
        "turn_severity_min": 3,
        "turn_severity_max": 3
      }
    },
    {
      "type": "Feature",
      "geometry": {
        "type": "Point",
        "coordinates": [
          1283.577,
          1131.464
        ]
      },
      "properties": {
        "kind": "pacenote",
        "stage": "Sommet de Munster",
        "reference_track": "valee_de_munster",
        "note_index": 33,
        "distance_m": 7944.0,
        "distance_lookup_m": -3985.927,
        "link_to_next": false,
        "notes": [
          "Dist50"
        ],
        "notes_text": "Dist50",
        "atoms": [
          {
            "kind": "distance",
            "source": "Dist50",
            "meters": 50
          }
        ],
        "flags": {
          "groups": {
            "keep": null,
            "cut": null,
            "opening": null,
            "go": null
          },
          "bools": {
            "caution": false,
            "brake": false,
            "finish": false,
            "narrows": false,
            "tightens": false,
            "tightens_late": false,
            "late": false,
            "sudden": false
          },
          "linked_to_next": false,
          "distance_calls_m": [
            50
          ]
        },
        "ref_segment_index": 0,
        "ref_segment_t": 0.0,
        "grp_keep": "",
        "grp_cut": "",
        "grp_opening": "",
        "grp_go": "",
        "flg_caution": false,
        "flg_brake": false,
        "flg_finish": false,
        "flg_narrows": false,
        "flg_tightens": false,
        "flg_tightens_late": false,
        "flg_late": false,
        "flg_sudden": false,
        "flg_linked_to_next": false,
        "turn_sides": "",
        "flg_turn_left": false,
        "flg_turn_right": false,
        "distance_calls_m": "50"
      }
    },
    {
      "type": "Feature",
      "geometry": {
        "type": "Point",
        "coordinates": [
          1283.577,
          1131.464
        ]
      },
      "properties": {
        "kind": "pacenote",
        "stage": "Sommet de Munster",
        "reference_track": "valee_de_munster",
        "note_index": 34,
        "distance_m": 8001.0,
        "distance_lookup_m": -3928.927,
        "link_to_next": false,
        "notes": [
          "LeftHP",
          "Opens",
          "UpHill"
        ],
        "notes_text": "LeftHP, Opens, UpHill",
        "atoms": [
          {
            "kind": "turn",
            "source": "LeftHP",
            "side": "left",
            "style": "hp"
          },
          {
            "kind": "opening",
            "source": "Opens",
            "name": "opens"
          },
          {
            "kind": "other",
            "source": "UpHill",
            "name": "UpHill"
          }
        ],
        "flags": {
          "groups": {
            "keep": null,
            "cut": null,
            "opening": "opens",
            "go": null
          },
          "bools": {
            "caution": false,
            "brake": false,
            "finish": false,
            "narrows": false,
            "tightens": false,
            "tightens_late": false,
            "late": false,
            "sudden": false
          },
          "linked_to_next": false,
          "turn": {
            "sides": [
              "left"
            ]
          }
        },
        "ref_segment_index": 0,
        "ref_segment_t": 0.0,
        "grp_keep": "",
        "grp_cut": "",
        "grp_opening": "opens",
        "grp_go": "",
        "flg_caution": false,
        "flg_brake": false,
        "flg_finish": false,
        "flg_narrows": false,
        "flg_tightens": false,
        "flg_tightens_late": false,
        "flg_late": false,
        "flg_sudden": false,
        "flg_linked_to_next": false,
        "turn_sides": "left",
        "flg_turn_left": true,
        "flg_turn_right": false
      }
    },
    {
      "type": "Feature",
      "geometry": {
        "type": "Point",
        "coordinates": [
          1283.577,
          1131.464
        ]
      },
      "properties": {
        "kind": "pacenote",
        "stage": "Sommet de Munster",
        "reference_track": "valee_de_munster",
        "note_index": 35,
        "distance_m": 8076.0,
        "distance_lookup_m": -3853.927,
        "link_to_next": false,
        "notes": [
          "Pause1.5s",
          "Dist40"
        ],
        "notes_text": "Pause1.5s, Dist40",
        "atoms": [
          {
            "kind": "pause",
            "source": "Pause1.5s",
            "seconds": 1.5,
            "reset": false
          },
          {
            "kind": "distance",
            "source": "Dist40",
            "meters": 40
          }
        ],
        "flags": {
          "groups": {
            "keep": null,
            "cut": null,
            "opening": null,
            "go": null
          },
          "bools": {
            "caution": false,
            "brake": false,
            "finish": false,
            "narrows": false,
            "tightens": false,
            "tightens_late": false,
            "late": false,
            "sudden": false
          },
          "linked_to_next": false,
          "distance_calls_m": [
            40
          ],
          "pause_seconds": [
            1.5
          ]
        },
        "ref_segment_index": 0,
        "ref_segment_t": 0.0,
        "grp_keep": "",
        "grp_cut": "",
        "grp_opening": "",
        "grp_go": "",
        "flg_caution": false,
        "flg_brake": false,
        "flg_finish": false,
        "flg_narrows": false,
        "flg_tightens": false,
        "flg_tightens_late": false,
        "flg_late": false,
        "flg_sudden": false,
        "flg_linked_to_next": false,
        "turn_sides": "",
        "flg_turn_left": false,
        "flg_turn_right": false,
        "distance_calls_m": "40",
        "pause_seconds": "1.5"
      }
    },
    {
      "type": "Feature",
      "geometry": {
        "type": "Point",
        "coordinates": [
          1283.577,
          1131.464
        ]
      },
      "properties": {
        "kind": "pacenote",
        "stage": "Sommet de Munster",
        "reference_track": "valee_de_munster",
        "note_index": 36,
        "distance_m": 8111.0,
        "distance_lookup_m": -3818.927,
        "link_to_next": false,
        "notes": [
          "RightFlat",
          "OverCrest"
        ],
        "notes_text": "RightFlat, OverCrest",
        "atoms": [
          {
            "kind": "turn",
            "source": "RightFlat",
            "side": "right",
            "style": "flat"
          },
          {
            "kind": "feature",
            "source": "OverCrest",
            "name": "over_crest"
          }
        ],
        "flags": {
          "groups": {
            "keep": null,
            "cut": null,
            "opening": null,
            "go": null
          },
          "bools": {
            "caution": false,
            "brake": false,
            "finish": false,
            "narrows": false,
            "tightens": false,
            "tightens_late": false,
            "late": false,
            "sudden": false
          },
          "linked_to_next": false,
          "turn": {
            "sides": [
              "right"
            ]
          }
        },
        "ref_segment_index": 0,
        "ref_segment_t": 0.0,
        "grp_keep": "",
        "grp_cut": "",
        "grp_opening": "",
        "grp_go": "",
        "flg_caution": false,
        "flg_brake": false,
        "flg_finish": false,
        "flg_narrows": false,
        "flg_tightens": false,
        "flg_tightens_late": false,
        "flg_late": false,
        "flg_sudden": false,
        "flg_linked_to_next": false,
        "turn_sides": "right",
        "flg_turn_left": false,
        "flg_turn_right": true
      }
    },
    {
      "type": "Feature",
      "geometry": {
        "type": "Point",
        "coordinates": [
          1283.577,
          1131.464
        ]
      },
      "properties": {
        "kind": "pacenote",
        "stage": "Sommet de Munster",
        "reference_track": "valee_de_munster",
        "note_index": 37,
        "distance_m": 8225.0,
        "distance_lookup_m": -3704.927,
        "link_to_next": true,
        "notes": [
          "Left4",
          "Cut",
          "Pause0.1s",
          "And"
        ],
        "notes_text": "Left4, Cut, Pause0.1s, And",
        "atoms": [
          {
            "kind": "turn",
            "source": "Left4",
            "side": "left",
            "severity": 4
          },
          {
            "kind": "modifier",
            "source": "Cut",
            "name": "cut"
          },
          {
            "kind": "pause",
            "source": "Pause0.1s",
            "seconds": 0.1,
            "reset": false
          },
          {
            "kind": "connector",
            "source": "And",
            "name": "and"
          }
        ],
        "flags": {
          "groups": {
            "keep": null,
            "cut": "cut",
            "opening": null,
            "go": null
          },
          "bools": {
            "caution": false,
            "brake": false,
            "finish": false,
            "narrows": false,
            "tightens": false,
            "tightens_late": false,
            "late": false,
            "sudden": false
          },
          "linked_to_next": true,
          "turn": {
            "sides": [
              "left"
            ],
            "severity_max": 4,
            "severity_min": 4
          },
          "pause_seconds": [
            0.1
          ]
        },
        "ref_segment_index": 0,
        "ref_segment_t": 0.0,
        "grp_keep": "",
        "grp_cut": "cut",
        "grp_opening": "",
        "grp_go": "",
        "flg_caution": false,
        "flg_brake": false,
        "flg_finish": false,
        "flg_narrows": false,
        "flg_tightens": false,
        "flg_tightens_late": false,
        "flg_late": false,
        "flg_sudden": false,
        "flg_linked_to_next": true,
        "turn_sides": "left",
        "flg_turn_left": true,
        "flg_turn_right": false,
        "turn_severity_min": 4,
        "turn_severity_max": 4,
        "pause_seconds": "0.1"
      }
    },
    {
      "type": "Feature",
      "geometry": {
        "type": "Point",
        "coordinates": [
          1283.577,
          1131.464
        ]
      },
      "properties": {
        "kind": "pacenote",
        "stage": "Sommet de Munster",
        "reference_track": "valee_de_munster",
        "note_index": 38,
        "distance_m": 8309.0,
        "distance_lookup_m": -3620.927,
        "link_to_next": false,
        "notes": [
          "Right4",
          "KeepIn"
        ],
        "notes_text": "Right4, KeepIn",
        "atoms": [
          {
            "kind": "turn",
            "source": "Right4",
            "side": "right",
            "severity": 4
          },
          {
            "kind": "modifier",
            "source": "KeepIn",
            "name": "keep_in"
          }
        ],
        "flags": {
          "groups": {
            "keep": "keep_in",
            "cut": null,
            "opening": null,
            "go": null
          },
          "bools": {
            "caution": false,
            "brake": false,
            "finish": false,
            "narrows": false,
            "tightens": false,
            "tightens_late": false,
            "late": false,
            "sudden": false
          },
          "linked_to_next": false,
          "turn": {
            "sides": [
              "right"
            ],
            "severity_max": 4,
            "severity_min": 4
          }
        },
        "ref_segment_index": 0,
        "ref_segment_t": 0.0,
        "grp_keep": "keep_in",
        "grp_cut": "",
        "grp_opening": "",
        "grp_go": "",
        "flg_caution": false,
        "flg_brake": false,
        "flg_finish": false,
        "flg_narrows": false,
        "flg_tightens": false,
        "flg_tightens_late": false,
        "flg_late": false,
        "flg_sudden": false,
        "flg_linked_to_next": false,
        "turn_sides": "right",
        "flg_turn_left": false,
        "flg_turn_right": true,
        "turn_severity_min": 4,
        "turn_severity_max": 4
      }
    },
    {
      "type": "Feature",
      "geometry": {
        "type": "Point",
        "coordinates": [
          1283.577,
          1131.464
        ]
      },
      "properties": {
        "kind": "pacenote",
        "stage": "Sommet de Munster",
        "reference_track": "valee_de_munster",
        "note_index": 39,
        "distance_m": 8383.0,
        "distance_lookup_m": -3546.927,
        "link_to_next": false,
        "notes": [
          "Dist80"
        ],
        "notes_text": "Dist80",
        "atoms": [
          {
            "kind": "distance",
            "source": "Dist80",
            "meters": 80
          }
        ],
        "flags": {
          "groups": {
            "keep": null,
            "cut": null,
            "opening": null,
            "go": null
          },
          "bools": {
            "caution": false,
            "brake": false,
            "finish": false,
            "narrows": false,
            "tightens": false,
            "tightens_late": false,
            "late": false,
            "sudden": false
          },
          "linked_to_next": false,
          "distance_calls_m": [
            80
          ]
        },
        "ref_segment_index": 0,
        "ref_segment_t": 0.0,
        "grp_keep": "",
        "grp_cut": "",
        "grp_opening": "",
        "grp_go": "",
        "flg_caution": false,
        "flg_brake": false,
        "flg_finish": false,
        "flg_narrows": false,
        "flg_tightens": false,
        "flg_tightens_late": false,
        "flg_late": false,
        "flg_sudden": false,
        "flg_linked_to_next": false,
        "turn_sides": "",
        "flg_turn_left": false,
        "flg_turn_right": false,
        "distance_calls_m": "80"
      }
    },
    {
      "type": "Feature",
      "geometry": {
        "type": "Point",
        "coordinates": [
          1283.577,
          1131.464
        ]
      },
      "properties": {
        "kind": "pacenote",
        "stage": "Sommet de Munster",
        "reference_track": "valee_de_munster",
        "note_index": 40,
        "distance_m": 8451.0,
        "distance_lookup_m": -3478.927,
        "link_to_next": true,
        "notes": [
          "Left4",
          "DontCut"
        ],
        "notes_text": "Left4, DontCut",
        "atoms": [
          {
            "kind": "turn",
            "source": "Left4",
            "side": "left",
            "severity": 4
          },
          {
            "kind": "modifier",
            "source": "DontCut",
            "name": "dont_cut"
          }
        ],
        "flags": {
          "groups": {
            "keep": null,
            "cut": "dont_cut",
            "opening": null,
            "go": null
          },
          "bools": {
            "caution": false,
            "brake": false,
            "finish": false,
            "narrows": false,
            "tightens": false,
            "tightens_late": false,
            "late": false,
            "sudden": false
          },
          "linked_to_next": true,
          "turn": {
            "sides": [
              "left"
            ],
            "severity_max": 4,
            "severity_min": 4
          }
        },
        "ref_segment_index": 0,
        "ref_segment_t": 0.0,
        "grp_keep": "",
        "grp_cut": "dont_cut",
        "grp_opening": "",
        "grp_go": "",
        "flg_caution": false,
        "flg_brake": false,
        "flg_finish": false,
        "flg_narrows": false,
        "flg_tightens": false,
        "flg_tightens_late": false,
        "flg_late": false,
        "flg_sudden": false,
        "flg_linked_to_next": true,
        "turn_sides": "left",
        "flg_turn_left": true,
        "flg_turn_right": false,
        "turn_severity_min": 4,
        "turn_severity_max": 4
      }
    },
    {
      "type": "Feature",
      "geometry": {
        "type": "Point",
        "coordinates": [
          1283.577,
          1131.464
        ]
      },
      "properties": {
        "kind": "pacenote",
        "stage": "Sommet de Munster",
        "reference_track": "valee_de_munster",
        "note_index": 41,
        "distance_m": 8564.0,
        "distance_lookup_m": -3365.927,
        "link_to_next": false,
        "notes": [
          "Dist250"
        ],
        "notes_text": "Dist250",
        "atoms": [
          {
            "kind": "distance",
            "source": "Dist250",
            "meters": 250
          }
        ],
        "flags": {
          "groups": {
            "keep": null,
            "cut": null,
            "opening": null,
            "go": null
          },
          "bools": {
            "caution": false,
            "brake": false,
            "finish": false,
            "narrows": false,
            "tightens": false,
            "tightens_late": false,
            "late": false,
            "sudden": false
          },
          "linked_to_next": false,
          "distance_calls_m": [
            250
          ]
        },
        "ref_segment_index": 0,
        "ref_segment_t": 0.0,
        "grp_keep": "",
        "grp_cut": "",
        "grp_opening": "",
        "grp_go": "",
        "flg_caution": false,
        "flg_brake": false,
        "flg_finish": false,
        "flg_narrows": false,
        "flg_tightens": false,
        "flg_tightens_late": false,
        "flg_late": false,
        "flg_sudden": false,
        "flg_linked_to_next": false,
        "turn_sides": "",
        "flg_turn_left": false,
        "flg_turn_right": false,
        "distance_calls_m": "250"
      }
    },
    {
      "type": "Feature",
      "geometry": {
        "type": "Point",
        "coordinates": [
          1283.577,
          1131.464
        ]
      },
      "properties": {
        "kind": "pacenote",
        "stage": "Sommet de Munster",
        "reference_track": "valee_de_munster",
        "note_index": 42,
        "distance_m": 8797.0,
        "distance_lookup_m": -3132.927,
        "link_to_next": true,
        "notes": [
          "Brake",
          "Pause0.5s_Reset",
          "RightSquare"
        ],
        "notes_text": "Brake, Pause0.5s_Reset, RightSquare",
        "atoms": [
          {
            "kind": "hazard",
            "source": "Brake",
            "name": "brake"
          },
          {
            "kind": "pause",
            "source": "Pause0.5s_Reset",
            "seconds": 0.5,
            "reset": true
          },
          {
            "kind": "turn",
            "source": "RightSquare",
            "side": "right",
            "style": "square"
          }
        ],
        "flags": {
          "groups": {
            "keep": null,
            "cut": null,
            "opening": null,
            "go": null
          },
          "bools": {
            "caution": false,
            "brake": true,
            "finish": false,
            "narrows": false,
            "tightens": false,
            "tightens_late": false,
            "late": false,
            "sudden": false
          },
          "linked_to_next": true,
          "turn": {
            "sides": [
              "right"
            ]
          },
          "pause_seconds": [
            0.5
          ]
        },
        "ref_segment_index": 0,
        "ref_segment_t": 0.0,
        "grp_keep": "",
        "grp_cut": "",
        "grp_opening": "",
        "grp_go": "",
        "flg_caution": false,
        "flg_brake": true,
        "flg_finish": false,
        "flg_narrows": false,
        "flg_tightens": false,
        "flg_tightens_late": false,
        "flg_late": false,
        "flg_sudden": false,
        "flg_linked_to_next": true,
        "turn_sides": "right",
        "flg_turn_left": false,
        "flg_turn_right": true,
        "pause_seconds": "0.5"
      }
    },
    {
      "type": "Feature",
      "geometry": {
        "type": "Point",
        "coordinates": [
          1283.577,
          1131.464
        ]
      },
      "properties": {
        "kind": "pacenote",
        "stage": "Sommet de Munster",
        "reference_track": "valee_de_munster",
        "note_index": 43,
        "distance_m": 8857.0,
        "distance_lookup_m": -3072.927,
        "link_to_next": false,
        "notes": [
          "And",
          "Pause0.1s",
          "Left2",
          "Opens",
          "OverCrest"
        ],
        "notes_text": "And, Pause0.1s, Left2, Opens, OverCrest",
        "atoms": [
          {
            "kind": "connector",
            "source": "And",
            "name": "and"
          },
          {
            "kind": "pause",
            "source": "Pause0.1s",
            "seconds": 0.1,
            "reset": false
          },
          {
            "kind": "turn",
            "source": "Left2",
            "side": "left",
            "severity": 2
          },
          {
            "kind": "opening",
            "source": "Opens",
            "name": "opens"
          },
          {
            "kind": "feature",
            "source": "OverCrest",
            "name": "over_crest"
          }
        ],
        "flags": {
          "groups": {
            "keep": null,
            "cut": null,
            "opening": "opens",
            "go": null
          },
          "bools": {
            "caution": false,
            "brake": false,
            "finish": false,
            "narrows": false,
            "tightens": false,
            "tightens_late": false,
            "late": false,
            "sudden": false
          },
          "linked_to_next": false,
          "turn": {
            "sides": [
              "left"
            ],
            "severity_max": 2,
            "severity_min": 2
          },
          "pause_seconds": [
            0.1
          ]
        },
        "ref_segment_index": 0,
        "ref_segment_t": 0.0,
        "grp_keep": "",
        "grp_cut": "",
        "grp_opening": "opens",
        "grp_go": "",
        "flg_caution": false,
        "flg_brake": false,
        "flg_finish": false,
        "flg_narrows": false,
        "flg_tightens": false,
        "flg_tightens_late": false,
        "flg_late": false,
        "flg_sudden": false,
        "flg_linked_to_next": false,
        "turn_sides": "left",
        "flg_turn_left": true,
        "flg_turn_right": false,
        "turn_severity_min": 2,
        "turn_severity_max": 2,
        "pause_seconds": "0.1"
      }
    },
    {
      "type": "Feature",
      "geometry": {
        "type": "Point",
        "coordinates": [
          1283.577,
          1131.464
        ]
      },
      "properties": {
        "kind": "pacenote",
        "stage": "Sommet de Munster",
        "reference_track": "valee_de_munster",
        "note_index": 44,
        "distance_m": 8933.0,
        "distance_lookup_m": -2996.927,
        "link_to_next": false,
        "notes": [
          "Dist90"
        ],
        "notes_text": "Dist90",
        "atoms": [
          {
            "kind": "distance",
            "source": "Dist90",
            "meters": 90
          }
        ],
        "flags": {
          "groups": {
            "keep": null,
            "cut": null,
            "opening": null,
            "go": null
          },
          "bools": {
            "caution": false,
            "brake": false,
            "finish": false,
            "narrows": false,
            "tightens": false,
            "tightens_late": false,
            "late": false,
            "sudden": false
          },
          "linked_to_next": false,
          "distance_calls_m": [
            90
          ]
        },
        "ref_segment_index": 0,
        "ref_segment_t": 0.0,
        "grp_keep": "",
        "grp_cut": "",
        "grp_opening": "",
        "grp_go": "",
        "flg_caution": false,
        "flg_brake": false,
        "flg_finish": false,
        "flg_narrows": false,
        "flg_tightens": false,
        "flg_tightens_late": false,
        "flg_late": false,
        "flg_sudden": false,
        "flg_linked_to_next": false,
        "turn_sides": "",
        "flg_turn_left": false,
        "flg_turn_right": false,
        "distance_calls_m": "90"
      }
    },
    {
      "type": "Feature",
      "geometry": {
        "type": "Point",
        "coordinates": [
          1283.577,
          1131.464
        ]
      },
      "properties": {
        "kind": "pacenote",
        "stage": "Sommet de Munster",
        "reference_track": "valee_de_munster",
        "note_index": 45,
        "distance_m": 9025.0,
        "distance_lookup_m": -2904.927,
        "link_to_next": false,
        "notes": [
          "OverBump",
          "Into",
          "Right4",
          "DontCut"
        ],
        "notes_text": "OverBump, Into, Right4, DontCut",
        "atoms": [
          {
            "kind": "feature",
            "source": "OverBump",
            "name": "over_bump"
          },
          {
            "kind": "connector",
            "source": "Into",
            "name": "into"
          },
          {
            "kind": "turn",
            "source": "Right4",
            "side": "right",
            "severity": 4
          },
          {
            "kind": "modifier",
            "source": "DontCut",
            "name": "dont_cut"
          }
        ],
        "flags": {
          "groups": {
            "keep": null,
            "cut": "dont_cut",
            "opening": null,
            "go": null
          },
          "bools": {
            "caution": false,
            "brake": false,
            "finish": false,
            "narrows": false,
            "tightens": false,
            "tightens_late": false,
            "late": false,
            "sudden": false
          },
          "linked_to_next": false,
          "turn": {
            "sides": [
              "right"
            ],
            "severity_max": 4,
            "severity_min": 4
          }
        },
        "ref_segment_index": 0,
        "ref_segment_t": 0.0,
        "grp_keep": "",
        "grp_cut": "dont_cut",
        "grp_opening": "",
        "grp_go": "",
        "flg_caution": false,
        "flg_brake": false,
        "flg_finish": false,
        "flg_narrows": false,
        "flg_tightens": false,
        "flg_tightens_late": false,
        "flg_late": false,
        "flg_sudden": false,
        "flg_linked_to_next": false,
        "turn_sides": "right",
        "flg_turn_left": false,
        "flg_turn_right": true,
        "turn_severity_min": 4,
        "turn_severity_max": 4
      }
    },
    {
      "type": "Feature",
      "geometry": {
        "type": "Point",
        "coordinates": [
          1283.577,
          1131.464
        ]
      },
      "properties": {
        "kind": "pacenote",
        "stage": "Sommet de Munster",
        "reference_track": "valee_de_munster",
        "note_index": 46,
        "distance_m": 9155.0,
        "distance_lookup_m": -2774.927,
        "link_to_next": false,
        "notes": [
          "Left5",
          "OverCrest"
        ],
        "notes_text": "Left5, OverCrest",
        "atoms": [
          {
            "kind": "turn",
            "source": "Left5",
            "side": "left",
            "severity": 5
          },
          {
            "kind": "feature",
            "source": "OverCrest",
            "name": "over_crest"
          }
        ],
        "flags": {
          "groups": {
            "keep": null,
            "cut": null,
            "opening": null,
            "go": null
          },
          "bools": {
            "caution": false,
            "brake": false,
            "finish": false,
            "narrows": false,
            "tightens": false,
            "tightens_late": false,
            "late": false,
            "sudden": false
          },
          "linked_to_next": false,
          "turn": {
            "sides": [
              "left"
            ],
            "severity_max": 5,
            "severity_min": 5
          }
        },
        "ref_segment_index": 0,
        "ref_segment_t": 0.0,
        "grp_keep": "",
        "grp_cut": "",
        "grp_opening": "",
        "grp_go": "",
        "flg_caution": false,
        "flg_brake": false,
        "flg_finish": false,
        "flg_narrows": false,
        "flg_tightens": false,
        "flg_tightens_late": false,
        "flg_late": false,
        "flg_sudden": false,
        "flg_linked_to_next": false,
        "turn_sides": "left",
        "flg_turn_left": true,
        "flg_turn_right": false,
        "turn_severity_min": 5,
        "turn_severity_max": 5
      }
    },
    {
      "type": "Feature",
      "geometry": {
        "type": "Point",
        "coordinates": [
          1283.577,
          1131.464
        ]
      },
      "properties": {
        "kind": "pacenote",
        "stage": "Sommet de Munster",
        "reference_track": "valee_de_munster",
        "note_index": 47,
        "distance_m": 9251.0,
        "distance_lookup_m": -2678.927,
        "link_to_next": false,
        "notes": [
          "Caution",
          "Pause0.1s_Reset",
          "Right4",
          "Tighten3",
          "Late",
          "DontCut"
        ],
        "notes_text": "Caution, Pause0.1s_Reset, Right4, Tighten3, Late, DontCut",
        "atoms": [
          {
            "kind": "hazard",
            "source": "Caution",
            "name": "caution"
          },
          {
            "kind": "pause",
            "source": "Pause0.1s_Reset",
            "seconds": 0.1,
            "reset": true
          },
          {
            "kind": "turn",
            "source": "Right4",
            "side": "right",
            "severity": 4
          },
          {
            "kind": "modifier",
            "source": "Tighten3",
            "name": "tighten",
            "level": 3
          },
          {
            "kind": "modifier",
            "source": "Late",
            "name": "late"
          },
          {
            "kind": "modifier",
            "source": "DontCut",
            "name": "dont_cut"
          }
        ],
        "flags": {
          "groups": {
            "keep": null,
            "cut": "dont_cut",
            "opening": null,
            "go": null
          },
          "bools": {
            "caution": true,
            "brake": false,
            "finish": false,
            "narrows": false,
            "tightens": false,
            "tightens_late": false,
            "late": true,
            "sudden": false
          },
          "linked_to_next": false,
          "turn": {
            "sides": [
              "right"
            ],
            "severity_max": 4,
            "severity_min": 4
          },
          "pause_seconds": [
            0.1
          ]
        },
        "ref_segment_index": 0,
        "ref_segment_t": 0.0,
        "grp_keep": "",
        "grp_cut": "dont_cut",
        "grp_opening": "",
        "grp_go": "",
        "flg_caution": true,
        "flg_brake": false,
        "flg_finish": false,
        "flg_narrows": false,
        "flg_tightens": false,
        "flg_tightens_late": false,
        "flg_late": true,
        "flg_sudden": false,
        "flg_linked_to_next": false,
        "turn_sides": "right",
        "flg_turn_left": false,
        "flg_turn_right": true,
        "turn_severity_min": 4,
        "turn_severity_max": 4,
        "pause_seconds": "0.1"
      }
    },
    {
      "type": "Feature",
      "geometry": {
        "type": "Point",
        "coordinates": [
          1283.577,
          1131.464
        ]
      },
      "properties": {
        "kind": "pacenote",
        "stage": "Sommet de Munster",
        "reference_track": "valee_de_munster",
        "note_index": 48,
        "distance_m": 9365.0,
        "distance_lookup_m": -2564.927,
        "link_to_next": false,
        "notes": [
          "Dist40"
        ],
        "notes_text": "Dist40",
        "atoms": [
          {
            "kind": "distance",
            "source": "Dist40",
            "meters": 40
          }
        ],
        "flags": {
          "groups": {
            "keep": null,
            "cut": null,
            "opening": null,
            "go": null
          },
          "bools": {
            "caution": false,
            "brake": false,
            "finish": false,
            "narrows": false,
            "tightens": false,
            "tightens_late": false,
            "late": false,
            "sudden": false
          },
          "linked_to_next": false,
          "distance_calls_m": [
            40
          ]
        },
        "ref_segment_index": 0,
        "ref_segment_t": 0.0,
        "grp_keep": "",
        "grp_cut": "",
        "grp_opening": "",
        "grp_go": "",
        "flg_caution": false,
        "flg_brake": false,
        "flg_finish": false,
        "flg_narrows": false,
        "flg_tightens": false,
        "flg_tightens_late": false,
        "flg_late": false,
        "flg_sudden": false,
        "flg_linked_to_next": false,
        "turn_sides": "",
        "flg_turn_left": false,
        "flg_turn_right": false,
        "distance_calls_m": "40"
      }
    },
    {
      "type": "Feature",
      "geometry": {
        "type": "Point",
        "coordinates": [
          1283.577,
          1131.464
        ]
      },
      "properties": {
        "kind": "pacenote",
        "stage": "Sommet de Munster",
        "reference_track": "valee_de_munster",
        "note_index": 49,
        "distance_m": 9407.0,
        "distance_lookup_m": -2522.927,
        "link_to_next": true,
        "notes": [
          "Left5",
          "Into",
          "Pause0.25s"
        ],
        "notes_text": "Left5, Into, Pause0.25s",
        "atoms": [
          {
            "kind": "turn",
            "source": "Left5",
            "side": "left",
            "severity": 5
          },
          {
            "kind": "connector",
            "source": "Into",
            "name": "into"
          },
          {
            "kind": "pause",
            "source": "Pause0.25s",
            "seconds": 0.25,
            "reset": false
          }
        ],
        "flags": {
          "groups": {
            "keep": null,
            "cut": null,
            "opening": null,
            "go": null
          },
          "bools": {
            "caution": false,
            "brake": false,
            "finish": false,
            "narrows": false,
            "tightens": false,
            "tightens_late": false,
            "late": false,
            "sudden": false
          },
          "linked_to_next": true,
          "turn": {
            "sides": [
              "left"
            ],
            "severity_max": 5,
            "severity_min": 5
          },
          "pause_seconds": [
            0.25
          ]
        },
        "ref_segment_index": 0,
        "ref_segment_t": 0.0,
        "grp_keep": "",
        "grp_cut": "",
        "grp_opening": "",
        "grp_go": "",
        "flg_caution": false,
        "flg_brake": false,
        "flg_finish": false,
        "flg_narrows": false,
        "flg_tightens": false,
        "flg_tightens_late": false,
        "flg_late": false,
        "flg_sudden": false,
        "flg_linked_to_next": true,
        "turn_sides": "left",
        "flg_turn_left": true,
        "flg_turn_right": false,
        "turn_severity_min": 5,
        "turn_severity_max": 5,
        "pause_seconds": "0.25"
      }
    },
    {
      "type": "Feature",
      "geometry": {
        "type": "Point",
        "coordinates": [
          1283.577,
          1131.464
        ]
      },
      "properties": {
        "kind": "pacenote",
        "stage": "Sommet de Munster",
        "reference_track": "valee_de_munster",
        "note_index": 50,
        "distance_m": 9470.0,
        "distance_lookup_m": -2459.927,
        "link_to_next": false,
        "notes": [
          "Right2",
          "DontCut"
        ],
        "notes_text": "Right2, DontCut",
        "atoms": [
          {
            "kind": "turn",
            "source": "Right2",
            "side": "right",
            "severity": 2
          },
          {
            "kind": "modifier",
            "source": "DontCut",
            "name": "dont_cut"
          }
        ],
        "flags": {
          "groups": {
            "keep": null,
            "cut": "dont_cut",
            "opening": null,
            "go": null
          },
          "bools": {
            "caution": false,
            "brake": false,
            "finish": false,
            "narrows": false,
            "tightens": false,
            "tightens_late": false,
            "late": false,
            "sudden": false
          },
          "linked_to_next": false,
          "turn": {
            "sides": [
              "right"
            ],
            "severity_max": 2,
            "severity_min": 2
          }
        },
        "ref_segment_index": 0,
        "ref_segment_t": 0.0,
        "grp_keep": "",
        "grp_cut": "dont_cut",
        "grp_opening": "",
        "grp_go": "",
        "flg_caution": false,
        "flg_brake": false,
        "flg_finish": false,
        "flg_narrows": false,
        "flg_tightens": false,
        "flg_tightens_late": false,
        "flg_late": false,
        "flg_sudden": false,
        "flg_linked_to_next": false,
        "turn_sides": "right",
        "flg_turn_left": false,
        "flg_turn_right": true,
        "turn_severity_min": 2,
        "turn_severity_max": 2
      }
    },
    {
      "type": "Feature",
      "geometry": {
        "type": "Point",
        "coordinates": [
          1283.577,
          1131.464
        ]
      },
      "properties": {
        "kind": "pacenote",
        "stage": "Sommet de Munster",
        "reference_track": "valee_de_munster",
        "note_index": 51,
        "distance_m": 9526.0,
        "distance_lookup_m": -2403.927,
        "link_to_next": true,
        "notes": [
          "Left3",
          "Opens"
        ],
        "notes_text": "Left3, Opens",
        "atoms": [
          {
            "kind": "turn",
            "source": "Left3",
            "side": "left",
            "severity": 3
          },
          {
            "kind": "opening",
            "source": "Opens",
            "name": "opens"
          }
        ],
        "flags": {
          "groups": {
            "keep": null,
            "cut": null,
            "opening": "opens",
            "go": null
          },
          "bools": {
            "caution": false,
            "brake": false,
            "finish": false,
            "narrows": false,
            "tightens": false,
            "tightens_late": false,
            "late": false,
            "sudden": false
          },
          "linked_to_next": true,
          "turn": {
            "sides": [
              "left"
            ],
            "severity_max": 3,
            "severity_min": 3
          }
        },
        "ref_segment_index": 0,
        "ref_segment_t": 0.0,
        "grp_keep": "",
        "grp_cut": "",
        "grp_opening": "opens",
        "grp_go": "",
        "flg_caution": false,
        "flg_brake": false,
        "flg_finish": false,
        "flg_narrows": false,
        "flg_tightens": false,
        "flg_tightens_late": false,
        "flg_late": false,
        "flg_sudden": false,
        "flg_linked_to_next": true,
        "turn_sides": "left",
        "flg_turn_left": true,
        "flg_turn_right": false,
        "turn_severity_min": 3,
        "turn_severity_max": 3
      }
    },
    {
      "type": "Feature",
      "geometry": {
        "type": "Point",
        "coordinates": [
          1283.577,
          1131.464
        ]
      },
      "properties": {
        "kind": "pacenote",
        "stage": "Sommet de Munster",
        "reference_track": "valee_de_munster",
        "note_index": 52,
        "distance_m": 9590.0,
        "distance_lookup_m": -2339.927,
        "link_to_next": false,
        "notes": [
          "Dist100"
        ],
        "notes_text": "Dist100",
        "atoms": [
          {
            "kind": "distance",
            "source": "Dist100",
            "meters": 100
          }
        ],
        "flags": {
          "groups": {
            "keep": null,
            "cut": null,
            "opening": null,
            "go": null
          },
          "bools": {
            "caution": false,
            "brake": false,
            "finish": false,
            "narrows": false,
            "tightens": false,
            "tightens_late": false,
            "late": false,
            "sudden": false
          },
          "linked_to_next": false,
          "distance_calls_m": [
            100
          ]
        },
        "ref_segment_index": 0,
        "ref_segment_t": 0.0,
        "grp_keep": "",
        "grp_cut": "",
        "grp_opening": "",
        "grp_go": "",
        "flg_caution": false,
        "flg_brake": false,
        "flg_finish": false,
        "flg_narrows": false,
        "flg_tightens": false,
        "flg_tightens_late": false,
        "flg_late": false,
        "flg_sudden": false,
        "flg_linked_to_next": false,
        "turn_sides": "",
        "flg_turn_left": false,
        "flg_turn_right": false,
        "distance_calls_m": "100"
      }
    },
    {
      "type": "Feature",
      "geometry": {
        "type": "Point",
        "coordinates": [
          1283.577,
          1131.464
        ]
      },
      "properties": {
        "kind": "pacenote",
        "stage": "Sommet de Munster",
        "reference_track": "valee_de_munster",
        "note_index": 53,
        "distance_m": 9701.0,
        "distance_lookup_m": -2228.927,
        "link_to_next": true,
        "notes": [
          "LeftFlat"
        ],
        "notes_text": "LeftFlat",
        "atoms": [
          {
            "kind": "turn",
            "source": "LeftFlat",
            "side": "left",
            "style": "flat"
          }
        ],
        "flags": {
          "groups": {
            "keep": null,
            "cut": null,
            "opening": null,
            "go": null
          },
          "bools": {
            "caution": false,
            "brake": false,
            "finish": false,
            "narrows": false,
            "tightens": false,
            "tightens_late": false,
            "late": false,
            "sudden": false
          },
          "linked_to_next": true,
          "turn": {
            "sides": [
              "left"
            ]
          }
        },
        "ref_segment_index": 0,
        "ref_segment_t": 0.0,
        "grp_keep": "",
        "grp_cut": "",
        "grp_opening": "",
        "grp_go": "",
        "flg_caution": false,
        "flg_brake": false,
        "flg_finish": false,
        "flg_narrows": false,
        "flg_tightens": false,
        "flg_tightens_late": false,
        "flg_late": false,
        "flg_sudden": false,
        "flg_linked_to_next": true,
        "turn_sides": "left",
        "flg_turn_left": true,
        "flg_turn_right": false
      }
    },
    {
      "type": "Feature",
      "geometry": {
        "type": "Point",
        "coordinates": [
          1283.577,
          1131.464
        ]
      },
      "properties": {
        "kind": "pacenote",
        "stage": "Sommet de Munster",
        "reference_track": "valee_de_munster",
        "note_index": 54,
        "distance_m": 9767.0,
        "distance_lookup_m": -2162.927,
        "link_to_next": false,
        "notes": [
          "Dist150"
        ],
        "notes_text": "Dist150",
        "atoms": [
          {
            "kind": "distance",
            "source": "Dist150",
            "meters": 150
          }
        ],
        "flags": {
          "groups": {
            "keep": null,
            "cut": null,
            "opening": null,
            "go": null
          },
          "bools": {
            "caution": false,
            "brake": false,
            "finish": false,
            "narrows": false,
            "tightens": false,
            "tightens_late": false,
            "late": false,
            "sudden": false
          },
          "linked_to_next": false,
          "distance_calls_m": [
            150
          ]
        },
        "ref_segment_index": 0,
        "ref_segment_t": 0.0,
        "grp_keep": "",
        "grp_cut": "",
        "grp_opening": "",
        "grp_go": "",
        "flg_caution": false,
        "flg_brake": false,
        "flg_finish": false,
        "flg_narrows": false,
        "flg_tightens": false,
        "flg_tightens_late": false,
        "flg_late": false,
        "flg_sudden": false,
        "flg_linked_to_next": false,
        "turn_sides": "",
        "flg_turn_left": false,
        "flg_turn_right": false,
        "distance_calls_m": "150"
      }
    },
    {
      "type": "Feature",
      "geometry": {
        "type": "Point",
        "coordinates": [
          1283.577,
          1131.464
        ]
      },
      "properties": {
        "kind": "pacenote",
        "stage": "Sommet de Munster",
        "reference_track": "valee_de_munster",
        "note_index": 55,
        "distance_m": 9910.0,
        "distance_lookup_m": -2019.927,
        "link_to_next": true,
        "notes": [
          "Right6",
          "Long"
        ],
        "notes_text": "Right6, Long",
        "atoms": [
          {
            "kind": "turn",
            "source": "Right6",
            "side": "right",
            "severity": 6
          },
          {
            "kind": "length",
            "source": "Long",
            "name": "long"
          }
        ],
        "flags": {
          "groups": {
            "keep": null,
            "cut": null,
            "opening": null,
            "go": null
          },
          "bools": {
            "caution": false,
            "brake": false,
            "finish": false,
            "narrows": false,
            "tightens": false,
            "tightens_late": false,
            "late": false,
            "sudden": false
          },
          "linked_to_next": true,
          "turn": {
            "sides": [
              "right"
            ],
            "severity_max": 6,
            "severity_min": 6
          }
        },
        "ref_segment_index": 0,
        "ref_segment_t": 0.0,
        "grp_keep": "",
        "grp_cut": "",
        "grp_opening": "",
        "grp_go": "",
        "flg_caution": false,
        "flg_brake": false,
        "flg_finish": false,
        "flg_narrows": false,
        "flg_tightens": false,
        "flg_tightens_late": false,
        "flg_late": false,
        "flg_sudden": false,
        "flg_linked_to_next": true,
        "turn_sides": "right",
        "flg_turn_left": false,
        "flg_turn_right": true,
        "turn_severity_min": 6,
        "turn_severity_max": 6
      }
    },
    {
      "type": "Feature",
      "geometry": {
        "type": "Point",
        "coordinates": [
          1283.577,
          1131.464
        ]
      },
      "properties": {
        "kind": "pacenote",
        "stage": "Sommet de Munster",
        "reference_track": "valee_de_munster",
        "note_index": 56,
        "distance_m": 10047.0,
        "distance_lookup_m": -1882.927,
        "link_to_next": false,
        "notes": [
          "Dist50"
        ],
        "notes_text": "Dist50",
        "atoms": [
          {
            "kind": "distance",
            "source": "Dist50",
            "meters": 50
          }
        ],
        "flags": {
          "groups": {
            "keep": null,
            "cut": null,
            "opening": null,
            "go": null
          },
          "bools": {
            "caution": false,
            "brake": false,
            "finish": false,
            "narrows": false,
            "tightens": false,
            "tightens_late": false,
            "late": false,
            "sudden": false
          },
          "linked_to_next": false,
          "distance_calls_m": [
            50
          ]
        },
        "ref_segment_index": 0,
        "ref_segment_t": 0.0,
        "grp_keep": "",
        "grp_cut": "",
        "grp_opening": "",
        "grp_go": "",
        "flg_caution": false,
        "flg_brake": false,
        "flg_finish": false,
        "flg_narrows": false,
        "flg_tightens": false,
        "flg_tightens_late": false,
        "flg_late": false,
        "flg_sudden": false,
        "flg_linked_to_next": false,
        "turn_sides": "",
        "flg_turn_left": false,
        "flg_turn_right": false,
        "distance_calls_m": "50"
      }
    },
    {
      "type": "Feature",
      "geometry": {
        "type": "Point",
        "coordinates": [
          1283.577,
          1131.464
        ]
      },
      "properties": {
        "kind": "pacenote",
        "stage": "Sommet de Munster",
        "reference_track": "valee_de_munster",
        "note_index": 57,
        "distance_m": 10101.0,
        "distance_lookup_m": -1828.927,
        "link_to_next": true,
        "notes": [
          "Left6",
          "Long",
          "OverBump",
          "DontCut"
        ],
        "notes_text": "Left6, Long, OverBump, DontCut",
        "atoms": [
          {
            "kind": "turn",
            "source": "Left6",
            "side": "left",
            "severity": 6
          },
          {
            "kind": "length",
            "source": "Long",
            "name": "long"
          },
          {
            "kind": "feature",
            "source": "OverBump",
            "name": "over_bump"
          },
          {
            "kind": "modifier",
            "source": "DontCut",
            "name": "dont_cut"
          }
        ],
        "flags": {
          "groups": {
            "keep": null,
            "cut": "dont_cut",
            "opening": null,
            "go": null
          },
          "bools": {
            "caution": false,
            "brake": false,
            "finish": false,
            "narrows": false,
            "tightens": false,
            "tightens_late": false,
            "late": false,
            "sudden": false
          },
          "linked_to_next": true,
          "turn": {
            "sides": [
              "left"
            ],
            "severity_max": 6,
            "severity_min": 6
          }
        },
        "ref_segment_index": 0,
        "ref_segment_t": 0.0,
        "grp_keep": "",
        "grp_cut": "dont_cut",
        "grp_opening": "",
        "grp_go": "",
        "flg_caution": false,
        "flg_brake": false,
        "flg_finish": false,
        "flg_narrows": false,
        "flg_tightens": false,
        "flg_tightens_late": false,
        "flg_late": false,
        "flg_sudden": false,
        "flg_linked_to_next": true,
        "turn_sides": "left",
        "flg_turn_left": true,
        "flg_turn_right": false,
        "turn_severity_min": 6,
        "turn_severity_max": 6
      }
    },
    {
      "type": "Feature",
      "geometry": {
        "type": "Point",
        "coordinates": [
          1283.577,
          1131.464
        ]
      },
      "properties": {
        "kind": "pacenote",
        "stage": "Sommet de Munster",
        "reference_track": "valee_de_munster",
        "note_index": 58,
        "distance_m": 10213.0,
        "distance_lookup_m": -1716.927,
        "link_to_next": false,
        "notes": [
          "Dist130"
        ],
        "notes_text": "Dist130",
        "atoms": [
          {
            "kind": "distance",
            "source": "Dist130",
            "meters": 130
          }
        ],
        "flags": {
          "groups": {
            "keep": null,
            "cut": null,
            "opening": null,
            "go": null
          },
          "bools": {
            "caution": false,
            "brake": false,
            "finish": false,
            "narrows": false,
            "tightens": false,
            "tightens_late": false,
            "late": false,
            "sudden": false
          },
          "linked_to_next": false,
          "distance_calls_m": [
            130
          ]
        },
        "ref_segment_index": 0,
        "ref_segment_t": 0.0,
        "grp_keep": "",
        "grp_cut": "",
        "grp_opening": "",
        "grp_go": "",
        "flg_caution": false,
        "flg_brake": false,
        "flg_finish": false,
        "flg_narrows": false,
        "flg_tightens": false,
        "flg_tightens_late": false,
        "flg_late": false,
        "flg_sudden": false,
        "flg_linked_to_next": false,
        "turn_sides": "",
        "flg_turn_left": false,
        "flg_turn_right": false,
        "distance_calls_m": "130"
      }
    },
    {
      "type": "Feature",
      "geometry": {
        "type": "Point",
        "coordinates": [
          1283.577,
          1131.464
        ]
      },
      "properties": {
        "kind": "pacenote",
        "stage": "Sommet de Munster",
        "reference_track": "valee_de_munster",
        "note_index": 59,
        "distance_m": 10346.0,
        "distance_lookup_m": -1583.927,
        "link_to_next": false,
        "notes": [
          "Left6",
          "DontCut",
          "Short"
        ],
        "notes_text": "Left6, DontCut, Short",
        "atoms": [
          {
            "kind": "turn",
            "source": "Left6",
            "side": "left",
            "severity": 6
          },
          {
            "kind": "modifier",
            "source": "DontCut",
            "name": "dont_cut"
          },
          {
            "kind": "length",
            "source": "Short",
            "name": "short"
          }
        ],
        "flags": {
          "groups": {
            "keep": null,
            "cut": "dont_cut",
            "opening": null,
            "go": null
          },
          "bools": {
            "caution": false,
            "brake": false,
            "finish": false,
            "narrows": false,
            "tightens": false,
            "tightens_late": false,
            "late": false,
            "sudden": false
          },
          "linked_to_next": false,
          "turn": {
            "sides": [
              "left"
            ],
            "severity_max": 6,
            "severity_min": 6
          }
        },
        "ref_segment_index": 0,
        "ref_segment_t": 0.0,
        "grp_keep": "",
        "grp_cut": "dont_cut",
        "grp_opening": "",
        "grp_go": "",
        "flg_caution": false,
        "flg_brake": false,
        "flg_finish": false,
        "flg_narrows": false,
        "flg_tightens": false,
        "flg_tightens_late": false,
        "flg_late": false,
        "flg_sudden": false,
        "flg_linked_to_next": false,
        "turn_sides": "left",
        "flg_turn_left": true,
        "flg_turn_right": false,
        "turn_severity_min": 6,
        "turn_severity_max": 6
      }
    },
    {
      "type": "Feature",
      "geometry": {
        "type": "Point",
        "coordinates": [
          1283.577,
          1131.464
        ]
      },
      "properties": {
        "kind": "pacenote",
        "stage": "Sommet de Munster",
        "reference_track": "valee_de_munster",
        "note_index": 60,
        "distance_m": 10450.0,
        "distance_lookup_m": -1479.927,
        "link_to_next": false,
        "notes": [
          "Over",
          "Finish"
        ],
        "notes_text": "Over, Finish",
        "atoms": [
          {
            "kind": "other",
            "source": "Over",
            "name": "Over"
          },
          {
            "kind": "control",
            "source": "Finish",
            "name": "finish"
          }
        ],
        "flags": {
          "groups": {
            "keep": null,
            "cut": null,
            "opening": null,
            "go": null
          },
          "bools": {
            "caution": false,
            "brake": false,
            "finish": true,
            "narrows": false,
            "tightens": false,
            "tightens_late": false,
            "late": false,
            "sudden": false
          },
          "linked_to_next": false
        },
        "ref_segment_index": 0,
        "ref_segment_t": 0.0,
        "grp_keep": "",
        "grp_cut": "",
        "grp_opening": "",
        "grp_go": "",
        "flg_caution": false,
        "flg_brake": false,
        "flg_finish": true,
        "flg_narrows": false,
        "flg_tightens": false,
        "flg_tightens_late": false,
        "flg_late": false,
        "flg_sudden": false,
        "flg_linked_to_next": false,
        "turn_sides": "",
        "flg_turn_left": false,
        "flg_turn_right": false
      }
    },
    {
      "type": "Feature",
      "geometry": {
        "type": "Point",
        "coordinates": [
          1283.577,
          1131.464
        ]
      },
      "properties": {
        "kind": "pacenote",
        "stage": "Sommet de Munster",
        "reference_track": "valee_de_munster",
        "note_index": 61,
        "distance_m": 10796.0,
        "distance_lookup_m": -1133.927,
        "link_to_next": false,
        "notes": [
          "Pause0.5s",
          "SlowDown",
          "And",
          "StopAtMarshals"
        ],
        "notes_text": "Pause0.5s, SlowDown, And, StopAtMarshals",
        "atoms": [
          {
            "kind": "pause",
            "source": "Pause0.5s",
            "seconds": 0.5,
            "reset": false
          },
          {
            "kind": "hazard",
            "source": "SlowDown",
            "name": "slow_down"
          },
          {
            "kind": "connector",
            "source": "And",
            "name": "and"
          },
          {
            "kind": "control",
            "source": "StopAtMarshals",
            "name": "stop_at_marshals"
          }
        ],
        "flags": {
          "groups": {
            "keep": null,
            "cut": null,
            "opening": null,
            "go": null
          },
          "bools": {
            "caution": false,
            "brake": false,
            "finish": false,
            "narrows": false,
            "tightens": false,
            "tightens_late": false,
            "late": false,
            "sudden": false
          },
          "linked_to_next": false,
          "pause_seconds": [
            0.5
          ]
        },
        "ref_segment_index": 0,
        "ref_segment_t": 0.0,
        "grp_keep": "",
        "grp_cut": "",
        "grp_opening": "",
        "grp_go": "",
        "flg_caution": false,
        "flg_brake": false,
        "flg_finish": false,
        "flg_narrows": false,
        "flg_tightens": false,
        "flg_tightens_late": false,
        "flg_late": false,
        "flg_sudden": false,
        "flg_linked_to_next": false,
        "turn_sides": "",
        "flg_turn_left": false,
        "flg_turn_right": false,
        "pause_seconds": "0.5"
      }
    }
  ]
}
